case_id,book_id,type,text_A,text_B,label_A,label_B,decision,rule_applied,precedent_id,new_precedent,resolved_in_favor_of,judge_id,date,valid
C0001,RUS-O_long_01,NER_label,Обнимама,Обнимама,PER_FAMILY,PER_NAME,PER_NAME,семейная роль становится уникальным авторским именем персонажа,A-4,False,B,ADJ,2026-06-29,True
C0002,RUS-O_long_01,NER_label,Обнимашка,Обнимашка,PER_ROLE,PER_NAME,PER_NAME,Уникальное авторское имя,A-1,False,B,ADJ,2026-06-29,True
C0003,RUS-O_long_01,NER_label,Обнимашка,Обнимашка,PER_ROLE,PER_NAME,PER_NAME,Уникальное авторское имя,A-1,False,B,ADJ,2026-06-29,True
C0004,RUS-O_long_01,NER_label,Марабу,Марабу,PER_ROLE,PER_NAME,PER_NAME,Животные как конкретные персонажи с индивидуальными чертами и уникальным именем,A-3,False,B,ADJ,2026-06-29,True
C0005,RUS-O_long_01,NER_label,Марабу,Марабу,PER_ROLE,PER_NAME,PER_NAME,Животные как конкретные персонажи с индивидуальными чертами и уникальным именем,A-3,False,B,ADJ,2026-06-29,True
C0006,RUS-O_long_01,NER_label,Марабу,Марабу,PER_ROLE,PER_NAME,PER_NAME,Животные как конкретные персонажи с индивидуальными чертами и уникальным именем,A-3,False,B,ADJ,2026-06-29,True
C0007,RUS-O_long_01,NER_label,Обнимашка,Обнимашка,PER_ROLE,PER_NAME,PER_NAME,Уникальное авторское имя,A-1,False,B,ADJ,2026-06-29,True
C0008,RUS-O_long_01,NER_label,Марабу,Марабу,PER_ROLE,PER_NAME,PER_NAME,Уникальное авторское имя,A-1,False,B,ADJ,2026-06-29,True
C0009,RUS-O_long_01,NER_label,Марабу,Марабу,PER_ROLE,PER_NAME,PER_NAME,Уникальное авторское имя,A-1,False,B,ADJ,2026-06-29,True
C0010,RUS-O_long_01,NER_label,Марабу,Марабу,PER_ROLE,PER_NAME,PER_NAME,Животные как конкретные персонажи с индивидуальными чертами и уникальным именем,A-3,False,B,ADJ,2026-06-29,True
C0011,RUS-O_long_01,NER_label,Обнимашка,Обнимашка,PER_ROLE,PER_NAME,PER_NAME,Уникальное авторское имя,A-1,False,B,ADJ,2026-06-29,True
C0012,RUS-O_long_01,NER_label,Обнимашка,Обнимашка,PER_ROLE,PER_NAME,PER_NAME,Уникальное авторское имя,A-1,False,B,ADJ,2026-06-29,True
C0013,RUS-O_long_01,NER_label,Обнимашка,Обнимашка,PER_ROLE,PER_NAME,PER_NAME,Уникальное авторское имя,A-1,False,B,ADJ,2026-06-29,True
C0014,RUS-O_long_01,NER_label,Обнимашка,Обнимашка,PER_ROLE,PER_NAME,PER_NAME,Уникальное авторское имя,A-1,False,B,ADJ,2026-06-29,True
C0015,RUS-O_long_01,NER_label,Обнимашка,Обнимашка,PER_ROLE,PER_NAME,PER_NAME,Уникальное авторское имя,A-1,False,B,ADJ,2026-06-29,True
C0016,RUS-O_long_01,NER_label,Обнимама,Обнимама,PER_FAMILY,PER_NAME,PER_NAME,семейная роль становится уникальным авторским именем персонажа,A-4,False,B,ADJ,2026-06-29,True
C0017,RUS-O_long_01,NER_label,Обнимама,Обнимама,PER_FAMILY,PER_NAME,PER_NAME,семейная роль становится уникальным авторским именем персонажа,A-4,False,B,ADJ,2026-06-29,True
C0018,RUS-O_long_01,NER_label,Марабу,Марабу,PER_ROLE,PER_NAME,PER_NAME,Животные как конкретные персонажи с индивидуальными чертами и уникальным именем,A-3,False,B,ADJ,2026-06-29,True
C0019,RUS-O_long_01,NER_label,Марабу,Марабу,PER_ROLE,PER_NAME,PER_NAME,Животные как конкретные персонажи с индивидуальными чертами и уникальным именем,A-3,False,B,ADJ,2026-06-29,True
C0020,RUS-O_long_01,NER_label,Марабу,Марабу,PER_ROLE,PER_NAME,PER_NAME,Животные как конкретные персонажи с индивидуальными чертами и уникальным именем,A-3,False,B,ADJ,2026-06-29,True
C0021,RUS-O_long_01,NER_label,Марабу,Марабу,PER_ROLE,PER_NAME,PER_NAME,Животные как конкретные персонажи с индивидуальными чертами и уникальным именем,A-3,False,B,ADJ,2026-06-29,True
C0022,RUS-O_long_01,NER_label,Обнимашка,Обнимашка,PER_ROLE,PER_NAME,PER_NAME,Животные как конкретные персонажи с индивидуальными чертами и уникальным именем,A-3,False,B,ADJ,2026-06-29,True
C0023,RUS-O_long_01,NER_label,Обнимама,Обнимама,PER_FAMILY,PER_NAME,PER_NAME,семейная роль становится уникальным авторским именем персонажа,A-4,False,B,ADJ,2026-06-29,True
C0024,RUS-O_long_01,NER_label,Обнимама,Обнимама,PER_FAMILY,PER_NAME,PER_NAME,семейная роль становится уникальным авторским именем персонажа,A-4,False,B,ADJ,2026-06-29,True
C0025,RUS-O_long_01,NER_label,Обнимашка,Обнимашка,PER_ROLE,PER_NAME,PER_NAME,Уникальное авторское имя,A-1,False,B,ADJ,2026-06-29,True
C0026,RUS-O_long_01,NER_label,Обнимамы,Обнимамы,PER_FAMILY,PER_NAME,PER_NAME,семейная роль становится уникальным авторским именем персонажа,A-4,False,B,ADJ,2026-06-29,True
C0027,RUS-O_long_01,NER_label,Обнимашка,Обнимашка,PER_ROLE,PER_NAME,PER_NAME,Уникальное авторское имя,A-1,False,B,ADJ,2026-06-29,True
C0028,RUS-O_long_01,NER_label,Марабу,Марабу,PER_ROLE,PER_NAME,PER_NAME,Животные как конкретные персонажи с индивидуальными чертами и уникальным именем,A-3,False,B,ADJ,2026-06-29,True
C0029,RUS-O_long_01,NER_label,Обнимашка,Обнимашка,PER_ROLE,PER_NAME,PER_NAME,Уникальное авторское имя,A-1,False,B,ADJ,2026-06-29,True
C0030,RUS-O_long_01,NER_label,Марабу,Марабу,PER_ROLE,PER_NAME,PER_NAME,Животные как конкретные персонажи с индивидуальными чертами и уникальным именем,A-3,False,B,ADJ,2026-06-29,True
C0031,RUS-O_long_01,NER_label,Обнимама,Обнимама,PER_FAMILY,PER_NAME,PER_NAME,Животные как конкретные персонажи с индивидуальными чертами и уникальным именем,A-3,False,B,ADJ,2026-06-29,True
C0032,RUS-O_long_01,NER_label,Марабу,Марабу,PER_ROLE,PER_NAME,PER_NAME,Животные как конкретные персонажи с индивидуальными чертами и уникальным именем,A-3,False,B,ADJ,2026-06-29,True
C0033,RUS-O_long_01,NER_label,Обнимашка,Обнимашка,PER_ROLE,PER_NAME,PER_NAME,Уникальное авторское имя,A-1,False,B,ADJ,2026-06-29,True
C0034,RUS-O_long_01,NER_label,Обнимама,Обнимама,PER_FAMILY,PER_NAME,PER_NAME,семейная роль становится уникальным авторским именем персонажа,A-4,False,B,ADJ,2026-06-29,True
C0035,RUS-O_long_01,NER_label,Обнимашка,Обнимашка,PER_ROLE,PER_NAME,PER_NAME,Уникальное авторское имя,A-1,False,B,ADJ,2026-06-29,True
C0036,RUS-O_long_01,NER_missed_by_B,бабочек,,PER_ROLE,,PER_ROLE,Животные как общий вид или фоновая роль,A-3,False,A,ADJ,2026-06-29,True
C0037,RUS-O_long_01,NER_missed_by_B,бабочек,,PER_ROLE,,PER_ROLE,Животные как общий вид или фоновая роль,A-3,False,A,ADJ,2026-06-29,True
C0038,RUS-O_long_01,NER_missed_by_B,птиц,,PER_ROLE,,PER_ROLE,Животные как общий вид или фоновая роль,A-3,False,A,ADJ,2026-06-29,True
C0039,RUS-O_long_01,NER_missed_by_B,бегемота,,PER_ROLE,,PER_ROLE,Животные как общий вид или фоновая роль,A-3,False,A,ADJ,2026-06-29,True
C0040,RUS-O_long_01,NER_missed_by_B,птиц,,PER_ROLE,,PER_ROLE,Животные как общий вид или фоновая роль,A-3,False,A,ADJ,2026-06-29,True
C0041,RUS-O_long_01,NER_missed_by_B,жирафа,,PER_ROLE,,PER_ROLE,Животные как общий вид или фоновая роль,A-3,False,A,ADJ,2026-06-29,True
C0042,RUS-O_long_01,NER_missed_by_B,птицы,,PER_ROLE,,PER_ROLE,Животные как общий вид или фоновая роль,A-3,False,A,ADJ,2026-06-29,True
C0043,RUS-O_long_01,NER_missed_by_B,зверей,,PER_ROLE,,PER_ROLE,Животные как общий вид или фоновая роль,A-3,False,A,ADJ,2026-06-29,True
C0044,RUS-O_long_01,NER_missed_by_B,зверят,,PER_ROLE,,PER_ROLE,Животные как общий вид или фоновая роль,A-3,False,A,ADJ,2026-06-29,True
C0045,RUS-O_long_01,NER_missed_by_B,слоны,,PER_ROLE,,PER_ROLE,Животные как общий вид или фоновая роль,A-3,False,A,ADJ,2026-06-29,True
C0046,RUS-O_long_01,NER_missed_by_B,птицы,,PER_ROLE,,PER_ROLE,Животные как общий вид или фоновая роль,A-3,False,A,ADJ,2026-06-29,True
C0047,RUS-O_long_01,NER_missed_by_A,,маленький,,PER_ROLE,оставить А,Прилагательное без существительного,A-8,False,A,ADJ,2026-06-29,True
C0048,RUS-O_long_01,NER_missed_by_A,,маленький,,PER_ROLE,оставить А,Прилагательное без существительного,A-8,False,A,ADJ,2026-06-29,True
C0049,RUS-O_long_01,NER_missed_by_A,,воспитателя,,PER_ROLE,PER_ROLE,социальная функция персонажа,A-3,False,B,ADJ,2026-06-29,True
C0050,RUS-O_long_01,NER_missed_by_A,,мудрой,,PER_ROLE,оставить А,Сверхразметка — природа в тексте не действует как персонаж с репликами,A-8,False,A,ADJ,2026-06-29,True
C0051,RUS-O_long_01,NER_missed_by_A,,природе,,PER_ROLE,оставить А,Сверхразметка — природа в тексте не действует как персонаж с репликами,A-8,False,A,ADJ,2026-06-29,True
C0052,RUS-O_long_01,NER_missed_by_A,,Природа,,PER_ROLE,оставить А,Сверхразметка — природа в тексте не действует как персонаж с репликами,A-8,False,A,ADJ,2026-06-29,True
C0053,RUS-O_long_01,NER_missed_by_A,,маленькая,,PER_ROLE,оставить А,однословное прилагательное без существительного,A-8,False,A,ADJ,2026-06-29,True
C0054,RUS-O_long_01,NER_missed_by_A,,мудрого,,PER_ROLE,оставить А,однословное прилагательное без существительного,A-8,False,A,ADJ,2026-06-29,True
C0055,RUS-O_long_01,NER_missed_by_A,,друзья,,PER_ROLE,PER_ROLE,устойчивые социальные отношения персонажей,A-9,True,B,ADJ,2026-06-29,True
C0056,RUS-O_long_01,NER_missed_by_A,,одинокой,,PER_ROLE,оставить А,однословное прилагательное без существительного,A-8,False,A,ADJ,2026-06-29,True
C0057,RUS-O_long_01,NER_missed_by_A,,лягушке,,PER_ROLE,PER_ROLE,Животные как общий вид или фоновая роль,A-3,False,B,ADJ,2026-06-29,True
C0058,RUS-O_long_01,NER_missed_by_A,,слонёнок,,PER_ROLE,PER_ROLE,Животные как общий вид или фоновая роль,A-3,False,B,ADJ,2026-06-29,True
C0059,RUS-O_long_01,NER_missed_by_A,,маленькая,,PER_ROLE,оставить А,однословное прилагательное без существительного,A-8,False,A,ADJ,2026-06-29,True
C0060,RUS-O_long_01,NER_missed_by_A,,зверят,,PER_ROLE,PER_ROLE,Животные как общий вид или фоновая роль,A-3,False,B,ADJ,2026-06-29,True
C0061,RUS-O_long_01,NER_missed_by_A,,мудрого,,PER_ROLE,оставить А,однословное прилагательное без существительного,A-8,False,A,ADJ,2026-06-29,True
C0062,RUS-O_long_01,NER_missed_by_A,,маленькая,,PER_ROLE,оставить А,однословное прилагательное без существительного,A-8,False,A,ADJ,2026-06-29,True
C0063,RUS-O_long_01,NER_missed_by_A,,мудрая,,PER_ROLE,оставить А,однословное прилагательное без существительного,A-8,False,A,ADJ,2026-06-29,True
C0064,RUS-O_long_01,NER_missed_by_A,,природа,,PER_ROLE,оставить А,Сверхразметка — природа в тексте не действует как персонаж с репликами,A-8,False,A,ADJ,2026-06-29,True
C0065,RUS-O_long_01,NER_missed_by_A,,умный,,PER_ROLE,оставить А,однословное прилагательное без существительного,A-8,False,A,ADJ,2026-06-29,True
C0066,RUS-O_long_01,NER_missed_by_A,,смелый,,PER_ROLE,оставить А,однословное прилагательное без существительного,A-8,False,A,ADJ,2026-06-29,True
C0067,RUS-O_long_01,Sentiment_label,"В одной тёплой стране, где солнце заботливо согревало землю своими лучами, а ночью на небе было столько звёзд, что не сосчитать, жил маленький слонёнок.","В одной тёплой стране, где солнце заботливо согревало землю своими лучами, а ночью на небе было столько звёзд, что не сосчитать, жил маленький слонёнок.",+1 POSITIVE,0 NEUTRAL,+1 POSITIVE,Пейзажные или экспозиционные описания содержат явные положительные оценочные признаки,B-6,True,A,ADJ,2026-06-29,True
C0068,RUS-O_long_01,Sentiment_label,"— Обними меня, мама! / — просил он перед сном.","— Обними меня, мама! — просил он перед сном.",0 NEUTRAL,+1 POSITIVE,+1 POSITIVE,"Высказывания, выражающие потребность в любви, поддержке или физической близости",B-7,True,B,ADJ,2026-06-29,True
C0069,RUS-O_long_01,Sentiment_label,"— Обними, мама! / — шептал рано утром.","— Обними, мама! — шептал рано утром.",0 NEUTRAL,+1 POSITIVE,+1 POSITIVE,"Высказывания, выражающие потребность в любви, поддержке или физической близости",B-7,True,B,ADJ,2026-06-29,True
C0070,RUS-O_long_01,Sentiment_label,— Где ты?,— Где ты?,0 NEUTRAL,-1 NEGATIVE,0 NEUTRAL,Вопросы без явных маркеров тревоги/страха,B-5,False,A,ADJ,2026-06-29,True
C0071,RUS-O_long_01,Sentiment_label,". О, это был самый настоящий цветущий сад!","О, это был самый настоящий цветущий сад!",+1 POSITIVE,0 NEUTRAL,+1 POSITIVE,Восклицательные предложения с явными маркерами радости/восхищения,B-2,False,A,ADJ,2026-06-29,True
C0072,RUS-O_long_01,Sentiment_label,"Он говорил о солнце и луне, о траве и песках, о львах и антилопах, о крокодилах и лягушках, о птицах и жучках, о мудрой природе, в которой всё придумано как нельзя лучше.","Он говорил о солнце и луне, о траве и песках, о львах и антилопах, о крокодилах и лягушках, о птицах и жучках, о мудрой природе, в которой всё придумано как нельзя лучше.",+1 POSITIVE,0 NEUTRAL,+1 POSITIVE,Пейзажные или экспозиционные описания содержат явные положительные оценочные признаки,B-6,True,A,ADJ,2026-06-29,True
C0073,RUS-O_long_01,Sentiment_label,"Природа даёт нам всё, что нужно для жизни, в ней всего достаточно.","Природа даёт нам всё, что нужно для жизни, в ней всего достаточно.",+1 POSITIVE,0 NEUTRAL,+1 POSITIVE,Пейзажные или экспозиционные описания содержат явные положительные оценочные признаки,B-6,True,A,ADJ,2026-06-29,True
C0074,RUS-O_long_01,Sentiment_label,"— Разумеется, / — хмыкнул Марабу, посмотрев на неё сверху вниз.","— Разумеется, — хмыкнул Марабу, посмотрев на неё сверху вниз.",-1 NEGATIVE,0 NEUTRAL,0 NEUTRAL,"в контексте отсутствуют конфликт, насмешка, унижение или эмоциональное страдание персонажа",B-8,True,B,ADJ,2026-06-29,True
C0075,RUS-O_long_01,Sentiment_label,Солнце всё так же лениво выкатывалось на небосклон и дарило миру своё тепло.,Солнце всё так же лениво выкатывалось на небосклон и дарило миру своё тепло.,+1 POSITIVE,0 NEUTRAL,0 NEUTRAL,"ближайший контекст показывает, что позитивные образы становятся частью неблагоприятной ситуации",B-9,True,B,ADJ,2026-06-29,True
C0076,RUS-O_long_01,Sentiment_label,"Каждое утро Обнимашка набирал в хобот воду из ручья и поливал цветы, поникшие от жары.","Каждое утро Обнимашка набирал в хобот воду из ручья и поливал цветы, поникшие от жары.",+1 POSITIVE,0 NEUTRAL,+1 POSITIVE,"Действия персонажа, направленные на помощь, заботу или поддержку других, получают положительную оценку, даже если происходят на фоне неблагоприятной ситуации",B-10,True,A,ADJ,2026-06-29,True
C0077,RUS-O_long_01,Sentiment_label,Но…,Но…,-1 NEGATIVE,0 NEUTRAL,0 NEUTRAL,отрицательная эмоция или конфликт появляются только в следующем высказывании,B-11,True,B,ADJ,2026-06-29,True
C0078,RUS-O_long_01,Sentiment_label,Он очень любил сидеть рядом с водой и смотреть на своё отражение.,Он очень любил сидеть рядом с водой и смотреть на своё отражение.,+1 POSITIVE,0 NEUTRAL,+1 POSITIVE,"Высказывания выражают удовольствие, привязанность, комфорт или внутреннее спокойствие",B-12,True,A,ADJ,2026-06-29,True
C0079,RUS-O_long_01,Sentiment_label,— Ква. / — Лягушка развела лапками и прыгнула в кусты.,— Ква. — Лягушка развела лапками и прыгнула в кусты.,0 NEUTRAL,-1 NEGATIVE,-1 NEGATIVE,"Краткие реплики, жесты беспомощности или уход персонажа  выражают одиночество, утрату, бессилие или последствия неблагополучной ситуации.",B-13,True,B,ADJ,2026-06-29,True
C0080,RUS-O_long_01,Sentiment_label,— Мне бы хотелось спрятать тебя от всех тревог на свете.,— Мне бы хотелось спрятать тебя от всех тревог на свете.,-1 NEGATIVE,+1 POSITIVE,+1 POSITIVE,"выражение заботы, использующее «тревоги» метафорически, а не описание текущего испуга",B-3,False,B,ADJ,2026-06-29,True
C0081,RUS-O_long_01,Sentiment_label,— Не грусти.,— Не грусти.,0 NEUTRAL,+1 POSITIVE,+1 POSITIVE,"Действия персонажа, направленные на помощь, заботу или поддержку других, получают положительную оценку, даже если происходят на фоне неблагоприятной ситуации",B-10,True,B,ADJ,2026-06-29,True
C0082,RUS-O_long_01,Sentiment_label,"— Я должен уберечь наш ручей, / — задумчиво прошептал слонёнок.","— Я должен уберечь наш ручей, — задумчиво прошептал слонёнок.",0 NEUTRAL,+1 POSITIVE,+1 POSITIVE,"Действия персонажа, направленные на помощь, заботу или поддержку других, получают положительную оценку, даже если происходят на фоне неблагоприятной ситуации",B-10,True,B,ADJ,2026-06-29,True
C0083,RUS-O_long_01,Sentiment_label,"— Точнее, то, что от него осталось.","— Точнее, то, что от него осталось.",-1 NEGATIVE,+1 POSITIVE,-1 NEGATIVE,Негативная тональность определяется фокусом на ущербе или потере,B-14,True,A,ADJ,2026-06-29,True
C0084,RUS-O_long_01,Sentiment_label,"Бережно вернув кувшинки в воду, слонёнок сел рядом и приготовился ждать.","Бережно вернув кувшинки в воду, слонёнок сел рядом и приготовился ждать.",+1 POSITIVE,0 NEUTRAL,+1 POSITIVE,"Действия персонажа, направленные на помощь, заботу или поддержку других, получают положительную оценку, даже если происходят на фоне неблагоприятной ситуации",B-10,True,A,ADJ,2026-06-29,True
C0085,RUS-O_long_01,Sentiment_label,— Чтобы мы могли им любоваться!..,— Чтобы мы могли им любоваться!..,+1 POSITIVE,-1 NEGATIVE,+1 POSITIVE,"Высказывания, выражающие восхищение красотой объекта или желание сохранить его для себя и других, размечаются как положительные.",B-15,True,A,ADJ,2026-06-29,True
C0086,RUS-O_long_01,Sentiment_label,Чтобы кувшинки плавали как прежде!,Чтобы кувшинки плавали как прежде!,+1 POSITIVE,-1 NEGATIVE,+1 POSITIVE,"Высказывания, выражающие восхищение красотой объекта или желание сохранить его для себя и других, размечаются как положительные.",B-15,True,A,ADJ,2026-06-29,True
C0087,RUS-O_long_01,Sentiment_label,Чтобы лягушки квакали!..,Чтобы лягушки квакали!..,+1 POSITIVE,-1 NEGATIVE,+1 POSITIVE,"Высказывания, выражающие восхищение красотой объекта или желание сохранить его для себя и других, размечаются как положительные.",B-15,True,A,ADJ,2026-06-29,True
C0088,RUS-O_long_01,Sentiment_label,"— Значит, я не прав?","— Значит, я не прав?",-1 NEGATIVE,0 NEUTRAL,-1 NEGATIVE,осознание ошибки без немедленного разрешения,B-4,False,A,ADJ,2026-06-29,True
C0089,RUS-O_long_01,Sentiment_label,"Значит, я зря обидел бегемотика…","Значит, я зря обидел бегемотика…",-1 NEGATIVE,0 NEUTRAL,-1 NEGATIVE,осознание ошибки без немедленного разрешения,B-4,False,A,ADJ,2026-06-29,True
C0090,RUS-O_long_01,Sentiment_label,И обезьянку.,И обезьянку.,-1 NEGATIVE,0 NEUTRAL,-1 NEGATIVE,осознание ошибки без немедленного разрешения,B-4,False,A,ADJ,2026-06-29,True
C0091,RUS-O_long_01,Sentiment_label,"— Ты хотел как лучше, / — покачала головой Обнимама.","— Ты хотел как лучше, — покачала головой Обнимама.",0 NEUTRAL,+1 POSITIVE,+1 POSITIVE,персонаж признаёт добрые намерения другого и проявляет понимание вместо осуждения,B-16,True,B,ADJ,2026-06-29,True
C0092,RUS-O_long_01,Sentiment_label,— А ещё ты очень боялся.,— А ещё ты очень боялся.,-1 NEGATIVE,+1 POSITIVE,-1 NEGATIVE,"Реплики, прямо называющие переживаемые отрицательные эмоции персонажа",B-17,True,A,ADJ,2026-06-29,True
C0093,RUS-O_long_01,Sentiment_label,Поэтому смотрел лишь в высыхающий пруд.,Поэтому смотрел лишь в высыхающий пруд.,-1 NEGATIVE,+1 POSITIVE,-1 NEGATIVE,фрагмент отражает переживание неблагополучия и ограниченность восприятия ситуацией беды,B-18,True,A,ADJ,2026-06-29,True
C0094,RUS-O_long_01,Sentiment_label,"Но что ты увидишь, если поднимешь голову?","Но что ты увидишь, если поднимешь голову?",0 NEUTRAL,+1 POSITIVE,+1 POSITIVE,"Вопросы или реплики, направленные на расширение перспективы персонажа, преодоление страха или поиск надежды",B-19,True,B,ADJ,2026-06-29,True
C0095,RUS-O_long_01,Sentiment_label,— Что — большая река? / — не понял Марабу.,— Что — большая река? — не понял Марабу.,-1 NEGATIVE,0 NEUTRAL,0 NEUTRAL,"Вопросы и реплики, связанные с непониманием или уточнением информации без эмоциональной реакции",B-20,True,B,ADJ,2026-06-29,True
C0096,RUS-O_long_01,Sentiment_label,— Но как? / — почесал затылок Марабу.,— Но как? — почесал затылок Марабу.,-1 NEGATIVE,0 NEUTRAL,0 NEUTRAL,"Вопросы и реплики, связанные с непониманием или уточнением информации",B-20,True,B,ADJ,2026-06-29,True
C0097,RUS-O_long_01,Sentiment_label,"— Не у всех нас есть хоботы, / — заметил волчонок Зо.","— Не у всех нас есть хоботы, — заметил волчонок Зо.",-1 NEGATIVE,0 NEUTRAL,0 NEUTRAL,Замечания как часть совместного поиска решения и не выражают негативных эмоций или конфликта,B-21,False,B,ADJ,2026-06-29,True
C0098,RUS-O_long_01,Sentiment_label,"— Один ты не справишься, / — робко пробормотала газель","— Один ты не справишься, — робко пробормотала газель.",-1 NEGATIVE,0 NEUTRAL,-1 NEGATIVE,"Краткие реплики, жесты беспомощности или уход персонажа выражают одиночество, утрату, бессилие или последствия неблагополучной ситуации",B-13,True,A,ADJ,2026-06-29,True
C0099,RUS-O_long_01,Sentiment_label,И все зверята сорвали с деревьев по широкому и прочному листу и отправились к Большой реке.,И все зверята сорвали с деревьев по широкому и прочному листу и отправились к Большой реке.,+1 POSITIVE,0 NEUTRAL,+1 POSITIVE,"Коллективные действия персонажей, объединённых общей целью помочь или поддержать кого-либо",B-22,True,A,ADJ,2026-06-29,True
C0100,RUS-O_long_01,Sentiment_label,"А за ними следовали величественные слоны, которых вела Обнимама.","А за ними следовали величественные слоны, которых вела Обнимама.",+1 POSITIVE,0 NEUTRAL,+1 POSITIVE,"Коллективные действия персонажей, объединённых общей целью помочь или поддержать кого-либо",B-22,False,A,ADJ,2026-06-29,True
C0101,RUS-O_long_01,Sentiment_label,"Следом прибежали другие зверята, пришли слоны и, опустив свои хоботы, наполнили пруд.","Следом прибежали другие зверята, пришли слоны и, опустив свои хоботы, наполнили пруд.",+1 POSITIVE,0 NEUTRAL,+1 POSITIVE,"Коллективные действия персонажей, объединённых общей целью помочь или поддержать кого-либо",B-22,True,A,ADJ,2026-06-29,True
C0102,RUS-O_long_01,Sentiment_label,Малыши сидели у воды и любовались её блеском в лунном свете.,Малыши сидели у воды и любовались её блеском в лунном свете.,+1 POSITIVE,0 NEUTRAL,+1 POSITIVE,"Высказывания, выражающие восхищение красотой объекта",B-15,True,A,ADJ,2026-06-29,True
C0103,RUS-O_long_01,Sentiment_label,"— Я не жадничал, а просто очень боялся, / — признался Обнимашка.","— Я не жадничал, а просто очень боялся, — признался Обнимашка.",-1 NEGATIVE,+1 POSITIVE,-1 NEGATIVE,"Реплики, прямо называющие переживаемые отрицательные эмоции персонажа",B-17,True,A,ADJ,2026-06-29,True
C0104,RUS-O_long_01,Sentiment_label,"— Хочешь, я спою тебе песню?","— Хочешь, я спою тебе песню?",0 NEUTRAL,+1 POSITIVE,+1 POSITIVE,"Действия персонажа, направленные на помощь, заботу или поддержку других",B-10,True,B,ADJ,2026-06-29,True
C0105,RUS-O_long_01,Sentiment_label,"Наконец, в одно особенно доброе утро, на высохшую землю пролился долгожданный дождь.","Наконец, в одно особенно доброе утро, на высохшую землю пролился долгожданный дождь.",+1 POSITIVE,0 NEUTRAL,+1 POSITIVE,"Фрагменты, описывающие долгожданное разрешение кризиса",B-23,True,A,ADJ,2026-06-29,True
C0106,RUS-O_long_01,Sentiment_label,"А где мы сегодня будем спать? / — спросил он, оглядевшись.","А где мы сегодня будем спать? — спросил он, оглядевшись.",-1 NEGATIVE,+1 POSITIVE,-1 NEGATIVE,"Вопросы и реплики, связанные с непониманием или уточнением информации с последующей негативной реакцией",B-20,True,A,ADJ,2026-06-29,True
C0107,RUS-O_long_01,Sentiment_label,"Они сидели под деревом, и им было тепло и хорошо.","Они сидели под деревом, и им было тепло и хорошо.",+1 POSITIVE,0 NEUTRAL,+1 POSITIVE,,B-15,True,A,ADJ,2026-06-29,True
C0108,RUS-O_long_01,Sentiment_label,— И мы должны быть ему благодарны.,— И мы должны быть ему благодарны.,+1 POSITIVE,0 NEUTRAL,+1 POSITIVE,"Высказывания, в которых персонаж признаёт добрые намерения другого и проявляет понимание вместо осуждения",B-16,True,A,ADJ,2026-06-29,True
C0109,RUS-O_long_01,Sentiment_label,"— Ты же расскажешь мне сказку на ночь, правда, мам?","— Ты же расскажешь мне сказку на ночь, правда, мам?",+1 POSITIVE,0 NEUTRAL,+1 POSITIVE,"Высказывания, выражающие потребность в любви, поддержке или физической близости",B-7,True,A,ADJ,2026-06-29,True
C0110,RUS-O_long_02,NER_missed_by_B,Паровозы,,PER_ROLE,,PER_ROLE,обобщённое название класса объектов,A-3,False,A,ADJ,2026-06-29,True
C0111,RUS-O_long_02,NER_missed_by_B,паровоз,,PER_ROLE,,PER_ROLE,обобщённое название класса объектов,A-3,False,A,ADJ,2026-06-29,True
C0112,RUS-O_long_02,NER_missed_by_B,грузовики,,PER_ROLE,,PER_ROLE,обобщённое название класса объектов,A-3,False,A,ADJ,2026-06-29,True
C0113,RUS-O_long_02,NER_missed_by_B,грузовика,,PER_ROLE,,PER_ROLE,обобщённое название класса объектов,A-3,False,A,ADJ,2026-06-29,True
C0114,RUS-O_long_02,NER_missed_by_B,Мама,,PER_FAMILY,,PER_FAMILY,стандартное обращение к родителю,A-4,False,A,ADJ,2026-06-29,True
C0115,RUS-O_long_02,NER_missed_by_A,,экскаватор,,PER_ROLE,PER_ROLE,обобщённое название класса объектов,A-3,False,B,ADJ,2026-06-29,True
C0116,RUS-O_long_02,NER_missed_by_A,,маленький,,PER_ROLE,оставить А,однословное прилагательное без существительного,A-8,False,A,ADJ,2026-06-29,True
C0117,RUS-O_long_02,NER_missed_by_A,,большой,,PER_ROLE,оставить А,однословное прилагательное без существительного,A-8,False,A,ADJ,2026-06-29,True
C0118,RUS-O_long_02,NER_missed_by_A,,Бензинович,,PER_NAME,PER_NAME,часть уникального составного имени персонажа,A-6,False,B,ADJ,2026-06-29,True
C0119,RUS-O_long_02,NER_missed_by_A,,паровоз,,PER_ROLE,PER_ROLE,обобщённое название класса объектов,A-3,False,B,ADJ,2026-06-29,True
C0120,RUS-O_long_02,NER_missed_by_A,,Бензинович,,PER_NAME,PER_NAME,часть уникального составного имени персонажа,A-6,False,B,ADJ,2026-06-29,True
C0121,RUS-O_long_02,NER_missed_by_A,,маленький,,PER_ROLE,оставить А,однословное прилагательное без существительного,A-8,False,A,ADJ,2026-06-29,True
C0122,RUS-O_long_02,NER_missed_by_A,,Бензинович,,PER_NAME,PER_NAME,часть уникального составного имени персонажа,A-6,False,B,ADJ,2026-06-29,True
C0123,RUS-O_long_02,NER_missed_by_A,,Самолёт,,PER_ROLE,PER_ROLE,обобщённое название класса объектов,A-3,False,B,ADJ,2026-06-29,True
C0124,RUS-O_long_02,NER_missed_by_A,,маленький,,PER_ROLE,оставить А,однословное прилагательное без существительного,A-8,False,A,ADJ,2026-06-29,True
C0125,RUS-O_long_02,NER_missed_by_A,,серебристый,,PER_ROLE,оставить А,однословное прилагательное без существительного,A-8,False,A,ADJ,2026-06-29,True
C0126,RUS-O_long_02,NER_missed_by_A,,маленький,,PER_ROLE,оставить А,однословное прилагательное без существительного,A-8,False,A,ADJ,2026-06-29,True
C0127,RUS-O_long_02,NER_missed_by_A,,самолёт,,PER_ROLE,оставить А,обобщённое название класса объектов,A-8,False,A,ADJ,2026-06-29,True
C0128,RUS-O_long_02,NER_missed_by_A,,Бензиновичем,,PER_NAME,PER_NAME,часть уникального составного имени персонажа,A-6,False,B,ADJ,2026-06-29,True
C0129,RUS-O_long_02,NER_missed_by_A,,Бензинович,,PER_NAME,PER_NAME,часть уникального составного имени персонажа,A-6,False,B,ADJ,2026-06-29,True
C0130,RUS-O_long_02,NER_missed_by_A,,автомобильчик,,PER_ROLE,PER_ROLE,обобщённое название класса объектов,A-3,False,B,ADJ,2026-06-29,True
C0131,RUS-O_long_02,NER_missed_by_A,,Бензинович,,PER_NAME,PER_NAME,часть уникального составного имени персонажа,A-6,False,B,ADJ,2026-06-29,True
C0132,RUS-O_long_02,NER_missed_by_A,,Бензинович,,PER_ROLE,PER_NAME,часть уникального составного имени персонажа,A-6,False,neither,ADJ,2026-06-29,True
C0133,RUS-O_long_02,NER_missed_by_A,,маленького,,PER_ROLE,оставить А,однословное прилагательное без существительного,A-8,False,A,ADJ,2026-06-29,True
C0134,RUS-O_long_02,NER_missed_by_A,,маленький,,PER_ROLE,оставить А,однословное прилагательное без существительного,A-8,False,A,ADJ,2026-06-29,True
C0135,RUS-O_long_02,NER_missed_by_A,,маленький,,PER_ROLE,оставить А,однословное прилагательное без существительного,A-8,False,A,ADJ,2026-06-29,True
C0136,RUS-O_long_02,NER_missed_by_A,,Бензиновичем,,PER_NAME,PER_NAME,часть уникального составного имени персонажа,A-6,False,B,ADJ,2026-06-29,True
C0137,RUS-O_long_02,NER_missed_by_A,,нянем-бульдозером,,PER_ROLE,PER_ROLE,заменимо на обобщённое описание без потери смысла,A-1,False,B,ADJ,2026-06-29,True
C0138,RUS-O_long_02,NER_missed_by_A,,Бензинович,,PER_NAME,PER_NAME,часть уникального составного имени персонажа,A-6,False,B,ADJ,2026-06-29,True
C0139,RUS-O_long_02,NER_missed_by_A,,машинками,,PER_ROLE,PER_ROLE,обобщённое название класса объектов,A-3,False,B,ADJ,2026-06-29,True
C0140,RUS-O_long_02,NER_missed_by_A,,друзья,,PER_ROLE,PER_ROLE,устойчивые социальные отношения персонажей,A-9,True,B,ADJ,2026-06-29,True
C0141,RUS-O_long_02,Sentiment_label,- Не выйду! / — гудит он в ответ.,- Не выйду! — гудит он в ответ.,0 NEUTRAL,-1 NEGATIVE,-1 NEGATIVE,"реплика и следующий за ней глагол говорения размечаются как одна единица тональности, по итоговой эмоции реплики",B-1,False,B,ADJ,2026-06-29,True
C0142,RUS-O_long_02,Sentiment_label,- Потому что выйду!,- Потому что выйду!,0 NEUTRAL,+1 POSITIVE,+1 POSITIVE,"в высказывании даётся позитивное разрешение или переосмысление, разметка следует за итоговой эмоцией",B-3,False,B,ADJ,2026-06-29,True
C0143,RUS-O_long_02,Sentiment_label,Знакомьтесь!,Знакомьтесь!,0 NEUTRAL,+1 POSITIVE,+1 POSITIVE,восклицательные предложения с явным позитивным социальным контекстом,B-2,False,B,ADJ,2026-06-29,True
C0144,RUS-O_long_02,Sentiment_label,"Но обязательно подрастёт и станет большим и сильным, как мама.","Но обязательно подрастёт и станет большим и сильным, как мама.",+1 POSITIVE,0 NEUTRAL,+1 POSITIVE,"высказывания, выражающие удовольствие, привязанность, комфорт или внутреннее спокойствие",B-12,True,A,ADJ,2026-06-29,True
C0145,RUS-O_long_02,Sentiment_label,Это интересная и важная работа.,Это интересная и важная работа.,+1 POSITIVE,0 NEUTRAL,+1 POSITIVE,положительные оценочные маркеры,B-6,True,A,ADJ,2026-06-29,True
C0146,RUS-O_long_02,Sentiment_label,– И постарайся с кем-нибудь подружиться.,– И постарайся с кем-нибудь подружиться.,+1 POSITIVE,0 NEUTRAL,+1 POSITIVE,"высказывания, выражающие потребность в любви, поддержке или социальной близости",B-7,True,A,ADJ,2026-06-29,True
C0147,RUS-O_long_02,Sentiment_label,"«Я постою здесь, пока мама не придёт, / – подумал он.","«Я постою здесь, пока мама не придёт, – подумал он.",-1 NEGATIVE,0 NEUTRAL,-1 NEGATIVE,"реплики, прямо называющие или передающие переживаемые отрицательные эмоции персонажа",B-17,True,A,ADJ,2026-06-29,True
C0148,RUS-O_long_02,Sentiment_label,— Чух-ха-ха! / — прыснул кто-то сверху.,— Чух-ха-ха! — прыснул кто-то сверху.,0 NEUTRAL,+1 POSITIVE,+1 POSITIVE,смех как явный маркер радости,B-2,False,B,ADJ,2026-06-29,True
C0149,RUS-O_long_02,Sentiment_label,— А вот так! / — паровоз скатился по отвесной стене.,— А вот так! — паровоз скатился по отвесной стене.,0 NEUTRAL,+1 POSITIVE,+1 POSITIVE,восклицание с явным маркером радости,B-2,False,B,ADJ,2026-06-29,True
C0150,RUS-O_long_02,Sentiment_label,"Мама говорит, что очень уж я шустрый и, когда вырасту, буду водить скоростные поезда.","Мама говорит, что очень уж я шустрый и, когда вырасту, буду водить скоростные поезда.",+1 POSITIVE,0 NEUTRAL,+1 POSITIVE,"высказывания, выражающие удовольствие, привязанность, комфорт или внутреннее спокойствие",B-12,True,A,ADJ,2026-06-29,True
C0151,RUS-O_long_02,Sentiment_label,Будем дружить?,Будем дружить?,0 NEUTRAL,+1 POSITIVE,+1 POSITIVE,"высказывания, выражающие потребность в любви, поддержке или эмоциональной близости",B-7,True,B,ADJ,2026-06-29,True
C0152,RUS-O_long_02,Sentiment_label,"Экскаватор Клюша с удовольствием уплетал и гречку, и бутерброды, а суп отодвинул: / - Терпеть не могу морковку!","Экскаватор Клюша с удовольствием уплетал и гречку, и бутерброды, а суп отодвинул:

- Терпеть не могу морковку!",+1 POSITIVE,-1 NEGATIVE,+1 POSITIVE,разметка следует за общим эмоциональным направлением,B-1,False,A,ADJ,2026-06-29,True
C0153,RUS-O_long_02,Sentiment_label,- Ух ты! / — воскликнул Клюша.,- Ух ты! — воскликнул Клюша.,0 NEUTRAL,+1 POSITIVE,+1 POSITIVE,восклицание с явным маркером радости,B-2,False,B,ADJ,2026-06-29,True
C0154,RUS-O_long_02,Sentiment_label,Чух-ха-ха! / – и через пару секунд Шпунчик оказался на самой вершине.,Чух-ха-ха! – и через пару секунд Шпунчик оказался на самой вершине.,0 NEUTRAL,+1 POSITIVE,+1 POSITIVE,смех как явный маркер радости,B-2,False,B,ADJ,2026-06-29,True
C0155,RUS-O_long_02,Sentiment_label,Они едва-едва смогли забраться на неё и теперь гордо мигали фарами с верхушки.,Они едва-едва смогли забраться на неё и теперь гордо мигали фарами с верхушки.,+1 POSITIVE,0 NEUTRAL,+1 POSITIVE,"Фрагменты, описывающие долгожданное разрешение кризиса",B-23,True,A,ADJ,2026-06-29,True
C0156,RUS-O_long_02,Sentiment_label,"– Р-рух-р-рух-рух! / – Клюша завёл мотор, разогнался и стартанул.","– Р-рух-р-рух-рух! – Клюша завёл мотор, разогнался и стартанул.",0 NEUTRAL,+1 POSITIVE,+1 POSITIVE,восклицание с маркером радости,B-2,False,B,ADJ,2026-06-29,True
C0157,RUS-O_long_02,Sentiment_label,– Ещё попробуй! / – крикнул ему Шпунчик.,– Ещё попробуй! – крикнул ему Шпунчик.,0 NEUTRAL,+1 POSITIVE,+1 POSITIVE,"реплики, в которых персонаж проявляет понимание, поддержку и добрые намерения вместо осуждения",B-16,True,B,ADJ,2026-06-29,True
C0158,RUS-O_long_02,Sentiment_label,- Ну и что! / — заступился за друга Шпунчик.,- Ну и что! — заступился за друга Шпунчик.,0 NEUTRAL,+1 POSITIVE,+1 POSITIVE,"реплика, в которой персонаж проявляет понимание и защиту другого даже в сложной ситуации",B-16,True,B,ADJ,2026-06-29,True
C0159,RUS-O_long_02,Sentiment_label,— В следующий раз он съест этой моркови целую... гору!,— В следующий раз он съест этой моркови целую... гору!,0 NEUTRAL,+1 POSITIVE,+1 POSITIVE,"реплика является продолжением заступничества, выражает поддержку и оптимистичную веру",B-16,True,B,ADJ,2026-06-29,True
C0160,RUS-O_long_02,Sentiment_label,"Приоткрыл дверь, заглянул, а там — никого.","Приоткрыл дверь, заглянул, а там — никого.",-1 NEGATIVE,0 NEUTRAL,0 NEUTRAL,Замечания о невозможности или ограниченности предложенного способа действия,B-21,True,B,ADJ,2026-06-29,True
C0161,RUS-O_long_02,Sentiment_label,— На полу каждый может! / — крикнул самолёт.,— На полу каждый может! — крикнул самолёт.,0 NEUTRAL,-1 NEGATIVE,0 NEUTRAL,"в контексте отсутствуют конфликт, насмешка, унижение или эмоциональное страдание персонажа",B-8,True,A,ADJ,2026-06-29,True
C0162,RUS-O_long_02,Sentiment_label,— Ну и что! / — Клюша выехал из угла.,— Ну и что! — Клюша выехал из угла.,0 NEUTRAL,-1 NEGATIVE,0 NEUTRAL,"в контексте не содержит конфликта, насмешки, унижения или эмоционального страдания персонажа",B-8,True,A,ADJ,2026-06-29,True
C0163,RUS-O_long_02,Sentiment_label,— Враки! / — засмеялся самолёт.,— Враки! — засмеялся самолёт.,-1 NEGATIVE,+1 POSITIVE,+1 POSITIVE,восклицание с явным маркером радости,B-2,False,B,ADJ,2026-06-29,True
C0164,RUS-O_long_02,Sentiment_label,— А Шпунчик умеет!,— А Шпунчик умеет!,0 NEUTRAL,+1 POSITIVE,+1 POSITIVE,восклицание с явным маркером радости,B-2,False,B,ADJ,2026-06-29,True
C0165,RUS-O_long_02,Sentiment_label,— Не умеет!,— Не умеет!,0 NEUTRAL,-1 NEGATIVE,-1 NEGATIVE,категоричное отрицание в споре без смягчающих маркеров,B-17,True,B,ADJ,2026-06-29,True
C0166,RUS-O_long_02,Sentiment_label,— Умеет!,— Умеет!,0 NEUTRAL,+1 POSITIVE,+1 POSITIVE,"реплика выражает поддержку и защиту, а не конфликт",B-16,True,B,ADJ,2026-06-29,True
C0167,RUS-O_long_02,Sentiment_label,"Машинки бросились к нему и загудели, перебивая друг друга: / - Шпунчик, покажи ему!","Машинки бросились к нему и загудели, перебивая друг друга:
- Шпунчик, покажи ему!",+1 POSITIVE,-1 NEGATIVE,+1 POSITIVE,"коллективные действия персонажей, объединённых общей целью помочь или поддержать кого-либо",B-22,True,A,ADJ,2026-06-29,True
C0168,RUS-O_long_02,Sentiment_label,"- Шпунчик, залезь на потолок!","- Шпунчик, залезь на потолок!",+1 POSITIVE,-1 NEGATIVE,+1 POSITIVE,"коллективные действия персонажей, объединённых общей целью поддержать кого-либо",B-22,True,A,ADJ,2026-06-29,True
C0169,RUS-O_long_02,Sentiment_label,- А то он не верит!,- А то он не верит!,+1 POSITIVE,-1 NEGATIVE,+1 POSITIVE,реплика является частью коллективной поддержки,B-22,True,A,ADJ,2026-06-29,True
C0170,RUS-O_long_02,Sentiment_label,"Шпунчик удивлённо озирался, а машинки подталкивали его вперёд.","Шпунчик удивлённо озирался, а машинки подталкивали его вперёд.",+1 POSITIVE,0 NEUTRAL,+1 POSITIVE,"коллективные действия персонажей, объединённых общей целью помочь или поддержать кого-либо",B-22,True,A,ADJ,2026-06-29,True
C0171,RUS-O_long_02,Sentiment_label,– Вот!,– Вот!,0 NEUTRAL,-1 NEGATIVE,-1 NEGATIVE,снисходительная или наставническая интонация без конфликта,B-8,True,B,ADJ,2026-06-29,True
C0172,RUS-O_long_02,Sentiment_label,Не может паровоз на потолок забраться.,– Не может паровоз на потолок забраться.,-1 NEGATIVE,0 NEUTRAL,-1 NEGATIVE,"есть явная насмешка, унижение или эмоциональное страдание персонажа",B-8,True,A,ADJ,2026-06-29,True
C0173,RUS-O_long_02,Sentiment_label,"А ну его, пусть летает там один.","– А ну его, пусть летает там один.",0 NEUTRAL,-1 NEGATIVE,-1 NEGATIVE,реплика прямо передаёт негативное отношение к другому персонажу,B-17,True,B,ADJ,2026-06-29,True
C0174,RUS-O_long_02,Sentiment_label,"Самолёт сначала летал и кувыркался, но потом ему стало скучно, и он поглядел вниз.","Самолёт сначала летал и кувыркался, но потом ему стало скучно, и он поглядел вниз.",-1 NEGATIVE,0 NEUTRAL,0 NEUTRAL,Слабо выраженные отрицательные состояния,B-24,True,B,ADJ,2026-06-29,True
C0175,RUS-O_long_02,Sentiment_label,"– Шпунчик, а через пять кубиков сможешь?","– Шпунчик, а через пять кубиков сможешь?",+1 POSITIVE,0 NEUTRAL,+1 POSITIVE,"вопросы, направленные на вовлечение другого в совместную деятельность, поддержку или игру",B-7,True,A,ADJ,2026-06-29,True
C0176,RUS-O_long_02,Sentiment_label,"Он даже пожалел, что дразнил их.","Он даже пожалел, что дразнил их.",-1 NEGATIVE,+1 POSITIVE,+1 POSITIVE,если за раскаянием следует немедленное позитивное разрешение,B-4,False,B,ADJ,2026-06-29,True
C0177,RUS-O_long_02,Sentiment_label,"Но тут его заметил Шпунчик: / – Эй, крылатый, будешь прыгать с нами?","Но тут его заметил Шпунчик:
– Эй, крылатый, будешь прыгать с нами?",0 NEUTRAL,+1 POSITIVE,+1 POSITIVE,приглашение присоединиться выражает стремление к социальной близости и общности,B-7,True,B,ADJ,2026-06-29,True
C0178,RUS-O_long_02,Sentiment_label,"Но Шпунчик пихнул его в бок: / - Не дразнись, Клюша.","Но Шпунчик пихнул его в бок:
- Не дразнись, Клюша.",-1 NEGATIVE,0 NEUTRAL,+1 POSITIVE,"реплика выражает добрые намерения (прекратить насмешку, защитить другого), несмотря на повелительную форму",B-16,True,neither,ADJ,2026-06-29,True
C0179,RUS-O_long_02,Sentiment_label,Сейчас научим.,Сейчас научим.,0 NEUTRAL,+1 POSITIVE,+1 POSITIVE,реплика выражает добрые намерения и поддержку,B-16,True,B,ADJ,2026-06-29,True
C0180,RUS-O_long_02,Sentiment_label,"- Я не прыгал никогда, / — оправдывался самолёт, / — даже не пробовал.","- Я не прыгал никогда, — оправдывался самолёт, — даже не пробовал.",-1 NEGATIVE,0 NEUTRAL,0 NEUTRAL,слабо выраженная отрицательная эмоция без драматизации,B-24,True,B,ADJ,2026-06-29,True
C0181,RUS-O_long_02,Sentiment_label,Зато я летать умею.,Зато я летать умею.,+1 POSITIVE,0 NEUTRAL,+1 POSITIVE,"персонаж выражает гордость за своё умение, что передаёт положительную эмоцию",B-12,True,A,ADJ,2026-06-29,True
C0182,RUS-O_long_02,Sentiment_label,"- Летаешь ты здорово, / — сказал Шпунчик.","- Летаешь ты здорово, — сказал Шпунчик.",+1 POSITIVE,0 NEUTRAL,+1 POSITIVE,комплимент и признание достоинств другого,B-16,True,A,ADJ,2026-06-29,True
C0183,RUS-O_long_02,Sentiment_label,"Скоро самолёт научился и перепрыгнул через два кубика, а потом и через три.","Скоро самолёт научился и перепрыгнул через два кубика, а потом и через три.",0 NEUTRAL,+1 POSITIVE,+1 POSITIVE,"описание успешного обучения и прогресса, выражение гордости или удовлетворения от достижения",B-12,True,B,ADJ,2026-06-29,True
C0184,RUS-O_long_02,Sentiment_label,"- А хотите, / — сказал он, / — я вас пока-таю?","- А хотите, — сказал он, — я вас пока-таю?",0 NEUTRAL,+1 POSITIVE,+1 POSITIVE,"предложение совместной деятельности, направленное на создание радости и общности",B-7,True,B,ADJ,2026-06-29,True
C0185,RUS-O_long_02,Sentiment_label,"Конечно, машинки и без него справились, и вскоре площадка стала ровной и удобной","Конечно, машинки и без него справились, и вскоре площадка стала ровной и удобной.",+1 POSITIVE,0 NEUTRAL,+1 POSITIVE,"описание успешного коллективного действия, приведшего к улучшению среды",B-22,True,A,ADJ,2026-06-29,True
C0186,RUS-O_long_02,Sentiment_label,А нянь Керосин Бензинович достал с полки их любимую книжку.,А нянь Керосин Бензинович достал с полки их любимую книжку.,+1 POSITIVE,0 NEUTRAL,+1 POSITIVE,Фраза содержит явный положительный маркер,B-12,True,A,ADJ,2026-06-29,True
C0187,RUS-O_long_02,Sentiment_label,А яма большая-пребольшая.,А яма большая-пребольшая.,0 NEUTRAL,-1 NEGATIVE,-1 NEGATIVE,"описание серьёзного препятствия или угрозы, которая создаёт для персонажа трудности",B-14,True,B,ADJ,2026-06-29,True
C0188,RUS-O_long_02,Sentiment_label,Тут проезжал мимо легковой автомобильчик и тоже решил помочь.,Тут проезжал мимо легковой автомобильчик и тоже решил помочь.,0 NEUTRAL,+1 POSITIVE,+1 POSITIVE,персонаж присоединяется к коллективным усилиям с целью помочь,B-22,True,B,ADJ,2026-06-29,True
C0189,RUS-O_long_02,Sentiment_label,"— Но зато, / — прогудел Шпунчик, пожалев друга / — экскаватор потом приехал и засыпал яму, чтобы грузовики туда больше не проваливались.","— Но зато, — прогудел Шпунчик, пожалев друга, — экскаватор потом приехал и засыпал яму, чтобы грузовики туда больше не проваливались.",0 NEUTRAL,+1 POSITIVE,+1 POSITIVE,признание добрых намерений,B-16,True,B,ADJ,2026-06-29,True
C0190,RUS-O_long_02,Sentiment_label,Он подобрал их ковшиком и сложил в коробку.,Он подобрал их ковшиком и сложил в коробку.,0 NEUTRAL,+1 POSITIVE,+1 POSITIVE,"индивидуальное полезное действие, направленное на благо других или улучшение общей среды",B-22,True,B,ADJ,2026-06-29,True
C0191,RUS-O_long_02,Sentiment_label,Вот почему!,Вот почему!,0 NEUTRAL,+1 POSITIVE,+1 POSITIVE,"восклицательные предложения, выражающие озарение, внезапное понимание или догадку",B-2,False,B,ADJ,2026-06-29,True
C0192,RUS-O_long_02,Sentiment_label,"У маленького экскаватора глазки-фары разбежались по прилавкам, где лежали целые горы самых разных колёс: гладких, шипованных, красных, зелёных, синих!","У маленького экскаватора глазки-фары разбежались по прилавкам, где лежали целые горы самых разных колёс: гладких, шипованных, красных, зелёных, синих!",0 NEUTRAL,+1 POSITIVE,+1 POSITIVE,"описание, содержащее явные положительные оценочные признаки и маркеры восхищения/изобилия",B-6,True,B,ADJ,2026-06-29,True
C0193,RUS-O_long_02,Sentiment_label,"- Мама, купи коле́сико! / — воскликнул Клюша.","- Мама, купи коле́сико! — воскликнул Клюша.",0 NEUTRAL,+1 POSITIVE,+1 POSITIVE,восклицание с явным маркером радости,B-2,False,B,ADJ,2026-06-29,True
C0194,RUS-O_long_02,Sentiment_label,- Вот это!,- Вот это!,+1 POSITIVE,0 NEUTRAL,+1 POSITIVE,восклицание с явным маркером радости,B-2,False,A,ADJ,2026-06-29,True
C0195,RUS-O_long_02,Sentiment_label,Вон то!,Вон то!,+1 POSITIVE,0 NEUTRAL,+1 POSITIVE,восклицание с явным маркером радости,B-2,False,A,ADJ,2026-06-29,True
C0196,RUS-O_long_02,Sentiment_label,— А какое? / — удивилась мама.,— А какое? — удивилась мама.,-1 NEGATIVE,0 NEUTRAL,0 NEUTRAL,"вопросы и реплики, связанные с непониманием или уточнением информации при отсутствии негативной эмоциональной реакции",B-20,True,B,ADJ,2026-06-29,True
C0197,RUS-O_long_02,Sentiment_label,"— Послушай, Клюшенька, / — сказала она тихо, поглядев ему прямо в лобовое стекло, / — я ведь решила купить тебе колесо.","— Послушай, Клюшенька, — сказала она тихо, поглядев ему прямо в лобовое стекло, — я ведь решила купить тебе колесо.",+1 POSITIVE,0 NEUTRAL,+1 POSITIVE,"признание добрых намерений, понятно благодаря диминутиву",B-16,True,A,ADJ,2026-06-29,True
C0198,RUS-O_long_02,Sentiment_label,"Только
скажи мне, какое ты хочешь.","Только
скажи мне, какое ты хочешь.",+1 POSITIVE,0 NEUTRAL,+1 POSITIVE,"выражение заботы, внимания и готовности удовлетворить желание ребёнка",B-7,True,A,ADJ,2026-06-29,True
C0199,RUS-O_long_02,Sentiment_label,"— Объясни же, не понимаю, / — мама устало помогала ковшом.","— Объясни же, не понимаю, — мама устало помогала ковшом.",-1 NEGATIVE,0 NEUTRAL,-1 NEGATIVE,Реплика произнесена в контексте нарастающего конфликта,B-17,True,A,ADJ,2026-06-29,True
C0200,RUS-O_long_02,Sentiment_label,Откуда же мне знать.,– Откуда же мне знать.,-1 NEGATIVE,0 NEUTRAL,-1 NEGATIVE,"реплика передаёт раздражение, усталость, досаду, что является проявлением негативной эмоциональной реакции",B-17,True,A,ADJ,2026-06-29,True
C0201,RUS-O_long_02,Sentiment_label,Ты так и не сказал.,Ты так и не сказал.,-1 NEGATIVE,0 NEUTRAL,-1 NEGATIVE,"реплика передаёт досаду, упрёк, непонимание",B-17,True,A,ADJ,2026-06-30,True
C0202,RUS-O_long_02,Sentiment_label,"– Ага, / – всхлипнул Клюша.","– Ага, – всхлипнул Клюша.",-1 NEGATIVE,0 NEUTRAL,-1 NEGATIVE,физическое проявление грусти,B-17,True,A,ADJ,2026-06-30,True
C0203,RUS-O_long_02,Sentiment_label,Мама слепила маленькое колесо из снега и положила ему в ковшик.,Мама слепила маленькое колесо из снега и положила ему в ковшик.,0 NEUTRAL,+1 POSITIVE,+1 POSITIVE,признание добрых намерений,B-16,True,B,ADJ,2026-06-30,True
C0204,RUS-O_long_02,Sentiment_label,"Автомобиль Тобик подъехал к Клюше и помог перевернуться, подталкивая в бок.","Автомобиль Тобик подъехал к Клюше и помог перевернуться, подталкивая в бок.",0 NEUTRAL,+1 POSITIVE,+1 POSITIVE,помощь другому персонажу,B-22,True,B,ADJ,2026-06-30,True
C0205,RUS-O_long_02,Sentiment_label,– Ты злой.,– Ты злой.,-1 NEGATIVE,0 NEUTRAL,-1 NEGATIVE,прямое называние негативного качества/эмоции,B-17,True,A,ADJ,2026-06-30,True
C0206,RUS-O_long_02,Sentiment_label,"– А будешь драться, мы тебе сами покажем! / – и машинки встали стеной, чтобы дать отпор.","– А будешь драться, мы тебе сами покажем! – и машинки встали стеной, чтобы дать отпор.",0 NEUTRAL,-1 NEGATIVE,-1 NEGATIVE,угрозы и конфликтная риторика,B-17,True,B,ADJ,2026-06-30,True
C0207,RUS-O_long_02,Sentiment_label,"— Ну, давайте, наябедничайте! / — вдруг заверещал самосвал, и машинки заметили, что он такой же маленький, как и они, и совсем не страшный.","— Ну, давайте, наябедничайте! — вдруг заверещал самосвал, и машинки заметили, что он такой же маленький, как и они, и совсем не страшный.",0 NEUTRAL,-1 NEGATIVE,-1 NEGATIVE,"сегмент начинается с эмоционально агрессивной или конфликтной реплики, а последующая часть лишь ослабляет её восприятие, но не меняет характера высказывания,",B-25,True,B,ADJ,2026-06-30,True
C0208,RUS-O_long_02,Sentiment_label,Тем более рядом со взрослым нянем-бульдозером,Тем более рядом со взрослым нянем-бульдозером!,0 NEUTRAL,-1 NEGATIVE,-1 NEGATIVE,"в контексте присутствуют конфликт, насмешка",B-8,True,B,ADJ,2026-06-30,True
C0209,RUS-O_long_02,Sentiment_label,"— Что же ты, Поршик, приехал в первый раз и уже со всеми поссорился?","— Что же ты, Поршик, приехал в первый раз и уже со всеми поссорился?",-1 NEGATIVE,0 NEUTRAL,-1 NEGATIVE,"укор, выговор, обвинение",B-17,True,A,ADJ,2026-06-30,True
C0210,RUS-O_long_02,Sentiment_label,"Вот постой тогда в том гараже, если не можешь играть с другими.","Вот постой тогда в том гараже, если не можешь играть с другими.",-1 NEGATIVE,0 NEUTRAL,-1 NEGATIVE,конфликтная ситуация продолжается без позитивного разрешения,B-4,False,A,ADJ,2026-06-30,True
C0211,RUS-O_long_02,Sentiment_label,"Оставалось поставить наверх последний кубик, но они никак не могли дотянуться, хотя подпрыгивали изо всех сил.","Оставалось поставить наверх последний кубик, но они никак не могли дотянуться, хотя подпрыгивали изо всех сил.",-1 NEGATIVE,0 NEUTRAL,0 NEUTRAL,слабо выраженная отрицательная эмоция без драматизации,B-24,True,B,ADJ,2026-06-30,True
C0212,RUS-O_long_02,Sentiment_label,Можно я помогу? / — и самосвал Поршик подхватил кубик и поставил его наверх.,Можно я помогу? — и самосвал Поршик подхватил кубик и поставил его наверх.,0 NEUTRAL,+1 POSITIVE,+1 POSITIVE,"помощь другому персонажу, особенно после конфликта",B-22,True,B,ADJ,2026-06-30,True
C0213,RUS-O_long_02,Sentiment_label,Это было удивительно.,Это было удивительно.,-1 NEGATIVE,0 NEUTRAL,0 NEUTRAL,"вопросы и реплики, связанные с непониманием или уточнением информации при отсутствии негативной эмоциональной реакции",B-20,True,B,ADJ,2026-06-30,True
C0214,RUS-O_long_02,Sentiment_label,"Обычно он проносился мимо, выпуская дым и задорно гудя на весь детский сад.","Обычно он проносился мимо, выпуская дым и задорно гудя на весь детский сад.",-1 NEGATIVE,0 NEUTRAL,0 NEUTRAL,слабо выраженная эмоция без драматизации,B-24,True,B,ADJ,2026-06-30,True
C0215,RUS-O_long_02,Sentiment_label,— Какой же я паровоз?,— Какой же я паровоз?,0 NEUTRAL,-1 NEGATIVE,-1 NEGATIVE,вопрос с явным маркером эмоции,B-5,False,B,ADJ,2026-06-30,True
C0216,RUS-O_long_02,Sentiment_label,У всех настоящих паровозов есть вагоны.,У всех настоящих паровозов есть вагоны.,0 NEUTRAL,-1 NEGATIVE,-1 NEGATIVE,"реплика, выражающая самоуничижение и чувство неполноценности",B-17,True,B,ADJ,2026-06-30,True
C0217,RUS-O_long_02,Sentiment_label,"— Когда подрастёшь, они у тебя появятся, / — утешил его Клюша.","— Когда подрастёшь, они у тебя появятся, — утешил его Клюша.",0 NEUTRAL,+1 POSITIVE,+1 POSITIVE,"реплика, выражающая поддержку и утешение",B-16,True,B,ADJ,2026-06-30,True
C0218,RUS-O_long_02,Sentiment_label,"- Шпунчик, спускайся! / — наконец прогудели они хором.","- Шпунчик, спускайся! — наконец прогудели они хором.",0 NEUTRAL,+1 POSITIVE,+1 POSITIVE,коллективное действие,B-22,True,B,ADJ,2026-06-30,True
C0219,RUS-O_long_02,Sentiment_label,- И бросишь свои вагоны без дела?,- И бросишь свои вагоны без дела?,0 NEUTRAL,+1 POSITIVE,+1 POSITIVE,"вопрос, построенный как игровой аргумент для вовлечения другого в общение",B-7,True,B,ADJ,2026-06-30,True
C0220,RUS-O_long_02,Sentiment_label,Вы?,- Вы?,0 NEUTRAL,+1 POSITIVE,+1 POSITIVE,вопрос с явным маркером эмоции,B-5,False,B,ADJ,2026-06-30,True
C0221,RUS-O_long_02,Sentiment_label,Он возил их по всем коридорам детского сада и даже по потолку.,Он возил их по всем коридорам детского сада и даже по потолку.,0 NEUTRAL,+1 POSITIVE,+1 POSITIVE,действие объединяет всех и приносит радость,B-22,True,B,ADJ,2026-06-30,True
C0222,RUS-O_long_03,NER_label,Дед Мороз,Дед,PER_ROLE,PER_NAME,PER_NAME,узнаваемое составное имя персонажа (Дед Мороз - одна сущность PER_NAME),A-6,False,neither,ADJ,2026-06-30,True
C0223,RUS-O_long_03,NER_label,Дед Мороз,Дед,PER_ROLE,PER_NAME,PER_NAME,узнаваемое составное имя персонажа (одна сущность - PER_NAME),A-6,False,neither,ADJ,2026-06-30,True
C0224,RUS-O_long_03,NER_missed_by_B,прицеп,,PER_ROLE,,PER_ROLE,"существительное, обозначающее категорию объектов",A-3,False,A,ADJ,2026-06-30,True
C0225,RUS-O_long_03,NER_missed_by_B,прицеп,,PER_ROLE,,PER_ROLE,"существительное, обозначающее категорию объектов",A-3,False,A,ADJ,2026-06-30,True
C0226,RUS-O_long_03,NER_missed_by_B,грызунов,,PER_ROLE,,PER_ROLE,"существительное, обозначающее категорию объектов",A-6,False,A,ADJ,2026-06-30,True
C0227,RUS-O_long_03,NER_missed_by_B,Мышам,,PER_ROLE,,PER_ROLE,"существительное, обозначающее категорию объектов",A-6,False,A,ADJ,2026-06-30,True
C0228,RUS-O_long_03,NER_missed_by_B,прицеп,,PER_ROLE,,PER_ROLE,"существительное, обозначающее категорию объектов",A-3,False,A,ADJ,2026-06-30,True
C0229,RUS-O_long_03,NER_missed_by_B,прицеп,,PER_ROLE,,PER_ROLE,"существительное, обозначающее категорию объектов",A-3,False,A,ADJ,2026-06-30,True
C0230,RUS-O_long_03,NER_missed_by_B,грузовик,,PER_ROLE,,PER_ROLE,"существительное, обозначающее категорию объектов",A-3,False,A,ADJ,2026-06-30,True
C0231,RUS-O_long_03,NER_missed_by_B,прицеп,,PER_ROLE,,PER_ROLE,"существительное, обозначающее категорию объектов",A-3,False,A,ADJ,2026-06-30,True
C0232,RUS-O_long_03,NER_missed_by_B,прицеп,,PER_ROLE,,PER_ROLE,"существительное, обозначающее категорию объектов",A-3,False,A,ADJ,2026-06-30,True
C0233,RUS-O_long_03,NER_missed_by_B,прицеп,,PER_ROLE,,PER_ROLE,"существительное, обозначающее категорию объектов",A-3,False,A,ADJ,2026-06-30,True
C0234,RUS-O_long_03,NER_missed_by_B,прицеп,,PER_ROLE,,PER_ROLE,"существительное, обозначающее категорию объектов",A-3,False,A,ADJ,2026-06-30,True
C0235,RUS-O_long_03,NER_missed_by_B,грузовик,,PER_ROLE,,PER_ROLE,"существительное, обозначающее категорию объектов",A-3,False,A,ADJ,2026-06-30,True
C0236,RUS-O_long_03,NER_missed_by_A,,МАШИНА,,PER_ROLE,PER_ROLE,"название объекта/машины, состоящее из прилагательного-определения и существительного-носителя роли (одна сущность - снегоуборочная машина PER_ROLE)",A-7,False,neither,ADJ,2026-06-30,True
C0237,RUS-O_long_03,NER_missed_by_A,,машина,,PER_ROLE,PER_ROLE,"название объекта/машины, состоящее из прилагательного-определения и существительного-носителя роли (одна сущность - снегоуборочная машина PER_ROLE)",A-7,False,neither,ADJ,2026-06-30,True
C0238,RUS-O_long_03,NER_missed_by_A,,уборочная,,PER_ROLE,PER_ROLE,"название объекта/машины, состоящее из прилагательного-определения и существительного-носителя роли (одна сущность - летняя уборочная машина PER_ROLE)",A-7,False,neither,ADJ,2026-06-30,True
C0239,RUS-O_long_03,NER_missed_by_A,,машина,,PER_ROLE,PER_ROLE,"название объекта/машины, состоящее из прилагательного-определения и существительного-носителя роли (одна сущность - летняя уборочная машина PER_ROLE)",A-7,False,neither,ADJ,2026-06-30,True
C0240,RUS-O_long_03,NER_missed_by_A,,пылесос,,PER_ROLE,PER_ROLE,"название объекта/машины, состоящее из существительного и приложения (одна сущность - машина-пылесос PER_ROLE)",A-7,False,neither,ADJ,2026-06-30,True
C0241,RUS-O_long_03,NER_missed_by_A,,засыпает,,PER_ROLE,оставить А,В NER-разметке выделяются только именные группы,A-10,True,A,ADJ,2026-06-30,True
C0242,RUS-O_long_03,NER_missed_by_A,,Мороз,,PER_NAME,PER_NAME,"устойчивое, узнаваемое составное имя персонажа (одна сущность - Дед Мороз PER_NAME)",A-6,False,neither,ADJ,2026-06-30,True
C0243,RUS-O_long_03,NER_missed_by_A,,Мороз,,PER_NAME,PER_NAME,"устойчивое, узнаваемое составное имя персонажа (одна сущность - Дед Мороз PER_NAME)",A-6,False,neither,ADJ,2026-06-30,True
C0244,RUS-O_long_03,Sentiment_label,Жалко грузовику будить прицеп.,Жалко грузовику будить прицеп.,-1 NEGATIVE,0 NEUTRAL,-1 NEGATIVE,негативная эмоция не разрешается позитивно,B-4,False,A,ADJ,2026-06-30,True
C0245,RUS-O_long_03,Sentiment_label,— Гав-Гав!,— Гав-Гав!,0 NEUTRAL,+1 POSITIVE,+1 POSITIVE,"звукоподражательные восклицания, передающие активность, энергию и игровой настрой",B-2,False,B,ADJ,2026-06-30,True
C0246,RUS-O_long_03,Sentiment_label,— Гав-гав! / — помогает собака.,— Гав-гав! — помогает собака.,0 NEUTRAL,+1 POSITIVE,+1 POSITIVE,"звукоподражательные восклицания, передающие активность, энергию и игровой настрой",B-2,False,B,ADJ,2026-06-30,True
C0247,RUS-O_long_03,Sentiment_label,— ГАВ-ГАВ-ГАВ-ГАВ! / — старается собака.,— ГАВ-ГАВ-ГАВ-ГАВ! — старается собака.,0 NEUTRAL,+1 POSITIVE,+1 POSITIVE,"звукоподражательные восклицания, передающие активность, энергию и игровой настрой",B-2,False,B,ADJ,2026-06-30,True
C0248,RUS-O_long_03,Sentiment_label,— Би-би-би!,— Би-би-би!,0 NEUTRAL,-1 NEGATIVE,0 NEUTRAL,восклицание без явного маркера радости,B-2,False,A,ADJ,2026-06-30,True
C0249,RUS-O_long_03,Sentiment_label,Но на работу надо!,Но на работу надо!,0 NEUTRAL,-1 NEGATIVE,0 NEUTRAL,слабо выраженная эмоция без драматизации,B-24,True,A,ADJ,2026-06-30,True
C0250,RUS-O_long_03,Sentiment_label,Цепляйся скорее! / — удивляется грузовик.,Цепляйся скорее! — удивляется грузовик.,0 NEUTRAL,-1 NEGATIVE,0 NEUTRAL,"реплики, связанные с удивлением и побуждением, без негативных маркеров",B-20,True,A,ADJ,2026-06-30,True
C0251,RUS-O_long_03,Sentiment_label,Поехали завтра! / — отворачивается прицеп,Поехали завтра! — отворачивается прицеп.,0 NEUTRAL,-1 NEGATIVE,-1 NEGATIVE,"реплика в сочетании с физическим жестом, выражающим пренебрежение или нежелание взаимодействовать",B-17,True,B,ADJ,2026-06-30,True
C0252,RUS-O_long_03,Sentiment_label,— Би-би-би-би! / — заводится грузовик.,— Би-би-би-би! — заводится грузовик.,0 NEUTRAL,-1 NEGATIVE,0 NEUTRAL,восклицание без явного маркера радости,B-2,False,A,ADJ,2026-06-30,True
C0253,RUS-O_long_03,Sentiment_label,— Но праздник сегодня!,— Но праздник сегодня!,0 NEUTRAL,-1 NEGATIVE,0 NEUTRAL,слабо выраженная эмоция без драматизации,B-24,True,A,ADJ,2026-06-30,True
C0254,RUS-O_long_03,Sentiment_label,"Чуть было не потерял терпение грузовик, но у него появилась идея.","Чуть было не потерял терпение грузовик, но у него появилась идея.",+1 POSITIVE,0 NEUTRAL,+1 POSITIVE,негативный триггер перевешивается позитивным разрешением в том же сегменте,B-3,False,A,ADJ,2026-06-30,True
C0255,RUS-O_long_03,Sentiment_label,"Говорит он нежно: / — А поехали, а тебя с горки прокачу...","Говорит он нежно:
— А поехали, а тебя с горки прокачу...",0 NEUTRAL,+1 POSITIVE,+1 POSITIVE,"нежное предложение совместного действия, обещание приятного времяпрепровождения",B-7,True,B,ADJ,2026-06-30,True
C0256,RUS-O_long_03,Sentiment_label,— С какой горки? / — заинтересовался прицеп.,— С какой горки? — заинтересовался прицеп.,-1 NEGATIVE,+1 POSITIVE,+1 POSITIVE,проявление заинтересованности и открытости к совместному действию,B-7,True,B,ADJ,2026-06-30,True
C0257,RUS-O_long_03,Sentiment_label,— С какой горки?,— С какой горки?,0 NEUTRAL,+1 POSITIVE,+1 POSITIVE,"продолжение заинтересованного диалога, участие в игровом обмене репликами",B-7,True,B,ADJ,2026-06-30,True
C0258,RUS-O_long_03,Sentiment_label,"Знаешь, как мы поедем?","Знаешь, как мы поедем?",0 NEUTRAL,+1 POSITIVE,+1 POSITIVE,"вопрос, направленный на вовлечение и совместное предвкушение",B-7,True,B,ADJ,2026-06-30,True
C0259,RUS-O_long_03,Sentiment_label,"А на улице хоть и утро, а совсем ночь — темнота.","А на улице хоть и утро, а совсем ночь — темнота.",-1 NEGATIVE,0 NEUTRAL,-1 NEGATIVE,описание неблагоприятных условий,B-18,True,A,ADJ,2026-06-30,True
C0260,RUS-O_long_03,Sentiment_label,Но грузовик бодро тянет прицеп за собой.,Но грузовик бодро тянет прицеп за собой.,+1 POSITIVE,0 NEUTRAL,+1 POSITIVE,"описание энергичного, бодрого действия персонажа, который получает удовольствие от процесса",B-12,True,A,ADJ,2026-06-30,True
C0261,RUS-O_long_03,Sentiment_label,Еле-еле пробираются грузовик с прицепом.,Еле-еле пробираются грузовик с прицепом.,-1 NEGATIVE,0 NEUTRAL,-1 NEGATIVE,"описание трудностей, препятствий, медленного продвижения в неблагоприятных условиях",B-18,True,A,ADJ,2026-06-30,True
C0262,RUS-O_long_03,Sentiment_label,— Где горка? / — пугается грузовик.,— Где горка? — пугается грузовик.,-1 NEGATIVE,0 NEUTRAL,-1 NEGATIVE,прямое называние эмоции через авторскую ремарку,B-17,True,A,ADJ,2026-06-30,True
C0263,RUS-O_long_03,Sentiment_label,Но как ёлку погрузить?,Но как ёлку погрузить?,-1 NEGATIVE,0 NEUTRAL,0 NEUTRAL,"Вопросы и реплики, связанные с непониманием или уточнением информации",B-20,True,B,ADJ,2026-06-30,True
C0264,RUS-O_long_03,Sentiment_label,Груз!,Груз!,+1 POSITIVE,0 NEUTRAL,0 NEUTRAL,восклицание без явного маркера радости,B-2,False,B,ADJ,2026-06-30,True
C0265,RUS-O_long_03,Sentiment_label,Что там у него над головой крутится?,Что там у него над головой крутится?,0 NEUTRAL,+1 POSITIVE,0 NEUTRAL,вопрос без явных маркеров эмоции,B-5,False,A,ADJ,2026-06-30,True
C0266,RUS-O_long_03,Sentiment_label,А звук совсем громкий стал: / Пыр-Пыр-Пыр-Пыр-Пыр-,"А звук совсем громкий стал:
Пыр-Пыр-Пыр-Пыр-Пыр-",0 NEUTRAL,+1 POSITIVE,0 NEUTRAL,"Звукоподражание не содержит интонации радости, испуга или других эмоций, это нейтральное описание",B-24,True,A,ADJ,2026-06-30,True
C0267,RUS-O_long_03,Sentiment_label,"Ух, какой вихрь поднялся!","Ух, какой вихрь поднялся!",-1 NEGATIVE,0 NEUTRAL,0 NEUTRAL,восклицание без явного маркера эмоции,B-2,False,B,ADJ,2026-06-30,True
C0268,RUS-O_long_03,Sentiment_label,А снег — ФУХ! — разлетелся во все стороны!,А снег — ФУХ! — разлетелся во все стороны!,-1 NEGATIVE,0 NEUTRAL,0 NEUTRAL,слабо выраженная эмоция без драматизации,B-24,True,B,ADJ,2026-06-30,True
C0269,RUS-O_long_03,Sentiment_label,Грузовик присел.,Грузовик присел.,0 NEUTRAL,-1 NEGATIVE,0 NEUTRAL,слабо выраженная эмоция без драматизации,B-24,True,A,ADJ,2026-06-30,True
C0270,RUS-O_long_03,Sentiment_label,И прицеп присел.,И прицеп присел.,0 NEUTRAL,-1 NEGATIVE,0 NEUTRAL,слабо выраженная эмоция без драматизации,B-24,True,A,ADJ,2026-06-30,True
C0271,RUS-O_long_03,Sentiment_label,"М-м-м-м-м, как пахнет вкусно... Лесом!","М-м-м-м-м, как пахнет вкусно... / Лесом!",+1 POSITIVE,0 NEUTRAL,+1 POSITIVE,"восклицания, выражающие наслаждение, удовольствие от ощущений",B-2,False,A,ADJ,2026-06-30,True
C0272,RUS-O_long_03,Sentiment_label,Да это же ёлка!,Да это же ёлка!,+1 POSITIVE,0 NEUTRAL,+1 POSITIVE,восклицание с явным маркером радости,B-2,False,A,ADJ,2026-06-30,True
C0273,RUS-O_long_03,Sentiment_label,"Да вон за тем лесочком! / — говорит грузовик, скрипя кузовом.","Да вон за тем лесочком! — говорит грузовик, скрипя кузовом.",-1 NEGATIVE,0 NEUTRAL,0 NEUTRAL,восклицание без явного маркера радости,B-2,False,B,ADJ,2026-06-30,True
C0274,RUS-O_long_03,Sentiment_label,Дёрнул фуру — фура завелась.,Дёрнул фуру — фура завелась.,0 NEUTRAL,+1 POSITIVE,0 NEUTRAL,слабо выраженная эмоция без драматизации,B-24,True,A,ADJ,2026-06-30,True
C0275,RUS-O_long_03,Sentiment_label,— Спасибо! / — говорит фура.,— Спасибо! — говорит фура.,0 NEUTRAL,+1 POSITIVE,+1 POSITIVE,выражение благодарности является прямым проявлением признания добрых намерений,B-16,True,B,ADJ,2026-06-30,True
C0276,RUS-O_long_03,Sentiment_label,Он на горку хочет.,Он на горку хочет.,0 NEUTRAL,-1 NEGATIVE,0 NEUTRAL,констатация желания/намерения без эмоциональных маркеров,B-24,True,A,ADJ,2026-06-30,True
C0277,RUS-O_long_03,Sentiment_label,— Спасибо! / — говорит тягач.,— Спасибо! — говорит тягач.,0 NEUTRAL,+1 POSITIVE,+1 POSITIVE,выражение благодарности является прямым проявлением признания добрых намерений,B-16,True,B,ADJ,2026-06-30,True
C0278,RUS-O_long_03,Sentiment_label,— Пде горка?,— Пде горка?,0 NEUTRAL,-1 NEGATIVE,0 NEUTRAL,Вопрос без явных маркеров эмоции,B-5,False,A,ADJ,2026-06-30,True
C0279,RUS-O_long_03,Sentiment_label,Пде?,Пде?,0 NEUTRAL,-1 NEGATIVE,0 NEUTRAL,Вопрос без явных маркеров эмоции,B-5,False,A,ADJ,2026-06-30,True
C0280,RUS-O_long_03,Sentiment_label,Пде?,Пде?,0 NEUTRAL,-1 NEGATIVE,0 NEUTRAL,Вопрос без явных маркеров эмоции,B-5,False,A,ADJ,2026-06-30,True
C0281,RUS-O_long_03,Sentiment_label,Пде?,Пде?,0 NEUTRAL,-1 NEGATIVE,0 NEUTRAL,Вопрос без явных маркеров эмоции,B-5,False,A,ADJ,2026-06-30,True
C0282,RUS-O_long_03,Sentiment_label,Что же делать?,Что же делать?,0 NEUTRAL,-1 NEGATIVE,-1 NEGATIVE,"риторический вопрос о том, что делать в безвыходной ситуации",B-4,False,B,ADJ,2026-06-30,True
C0283,RUS-O_long_03,Sentiment_label,Что же делать?,Что же делать?,0 NEUTRAL,-1 NEGATIVE,-1 NEGATIVE,"риторический вопрос о том, что делать в безвыходной ситуации",B-4,False,B,ADJ,2026-06-30,True
C0284,RUS-O_long_03,Sentiment_label,Уговаривает грузовик: / — Ну-ну-ну ещё немножечко...,"Уговаривает грузовик:
— Ну-ну-ну ещё немножечко...",0 NEUTRAL,-1 NEGATIVE,+1 POSITIVE,уговаривание с целью поддержать и ободрить,B-16,True,neither,ADJ,2026-06-30,True
C0285,RUS-O_long_03,Sentiment_label,В-в-в-вот за тем поворотом!,В-в-в-вот за тем поворотом!,0 NEUTRAL,-1 NEGATIVE,+1 POSITIVE,уговаривание с целью поддержать и ободрить,B-16,True,neither,ADJ,2026-06-30,True
C0286,RUS-O_long_03,Sentiment_label,Уже еле тащится.,Уже еле тащится.,0 NEUTRAL,-1 NEGATIVE,-1 NEGATIVE,"описание крайне затруднённого движения, борьбы с препятствием",B-18,True,B,ADJ,2026-06-30,True
C0287,RUS-O_long_03,Sentiment_label,"Что
делать-то?","Что
делать-то?",0 NEUTRAL,-1 NEGATIVE,-1 NEGATIVE,"риторический вопрос о том, что делать в безвыходной ситуации",B-4,False,B,ADJ,2026-06-30,True
C0288,RUS-O_long_03,Sentiment_label,"Остановится прицеп — как он дальше ёлку
повезёт?","Остановится прицеп — как он дальше ёлку
повезёт?",0 NEUTRAL,-1 NEGATIVE,-1 NEGATIVE,риторический вопрос о невозможности продолжения в ситуации тупика,B-4,False,B,ADJ,2026-06-30,True
C0289,RUS-O_long_03,Sentiment_label,Нет ведь горки за поворотом.,Нет ведь горки за поворотом.,0 NEUTRAL,-1 NEGATIVE,-1 NEGATIVE,"Высказывания, в которых персонаж осознаёт или констатирует утрату, разрушение или серьёзное ухудшение состояния",B-14,True,B,ADJ,2026-06-30,True
C0290,RUS-O_long_03,Sentiment_label,"Поворачивает грузовик, а впереди...
...ГОРКА!","Поворачивает грузовик, а впереди... / ...ГОРКА!",0 NEUTRAL,-1 NEGATIVE,+1 POSITIVE,восклицание с явным маркером радости,B-2,False,neither,ADJ,2026-06-30,True
C0291,RUS-O_long_03,Sentiment_label,А грузовик фарам своим не верит: никогда здесь горки не было.,А грузовик фарам своим не верит: никогда здесь горки не было.,-1 NEGATIVE,0 NEUTRAL,-1 NEGATIVE,выражение недоверия к собственному восприятию,B-17,True,A,ADJ,2026-06-30,True
C0292,RUS-O_long_03,Sentiment_label,«Вот же пообещал...,«Вот же пообещал...,0 NEUTRAL,-1 NEGATIVE,-1 NEGATIVE,негативная эмоция без позитивного разрешения в данном сегменте,B-4,False,B,ADJ,2026-06-30,True
C0293,RUS-O_long_03,Sentiment_label,Зачем?» / — думает грузовик.,Зачем?» — думает грузовик.,0 NEUTRAL,-1 NEGATIVE,-1 NEGATIVE,негативная эмоция без позитивного разрешения,B-4,False,B,ADJ,2026-06-30,True
C0294,RUS-O_long_03,Sentiment_label,Ещё совсем немножечко осталось...,Ещё совсем немножечко осталось...,0 NEUTRAL,-1 NEGATIVE,-1 NEGATIVE,"описание неблагоприятной ситуации, тяжести и изнеможения",B-14,True,B,ADJ,2026-06-30,True
C0295,RUS-O_long_03,Sentiment_label,Поднялись на самую вершину.,Поднялись на самую вершину.,+1 POSITIVE,0 NEUTRAL,+1 POSITIVE,"Фрагменты, описывающие долгожданное разрешение кризиса",B-23,True,A,ADJ,2026-06-30,True
C0296,RUS-O_long_03,Sentiment_label,Скорее!,Скорее!,+1 POSITIVE,0 NEUTRAL,+1 POSITIVE,восклицание с явным маркером радости,B-2,False,A,ADJ,2026-06-30,True
C0297,RUS-O_long_03,Sentiment_label,С ветерком!,С ветерком!,+1 POSITIVE,0 NEUTRAL,+1 POSITIVE,восклицание с явным маркером радости,B-2,False,A,ADJ,2026-06-30,True
C0298,RUS-O_long_03,Sentiment_label,Очнулся грузовик.,Очнулся грузовик.,0 NEUTRAL,+1 POSITIVE,0 NEUTRAL,слабо выраженная эмоция без драматизации,B-24,True,B,ADJ,2026-06-30,True
C0299,RUS-O_long_03,Sentiment_label,Очнулся прицеп.,Очнулся прицеп.,0 NEUTRAL,+1 POSITIVE,0 NEUTRAL,слабо выраженная эмоция без драматизации,B-24,True,B,ADJ,2026-06-30,True
C0300,RUS-O_long_03,Sentiment_label,"— Ох, живой, / — отвечает прицеп.","— Ох, живой, — отвечает прицеп.",0 NEUTRAL,+1 POSITIVE,+1 POSITIVE,Восклицание с явным маркером радости,B-2,False,B,ADJ,2026-06-30,True
C0301,RUS-O_long_03,Sentiment_label,— Приём!,— Приём!,-1 NEGATIVE,0 NEUTRAL,0 NEUTRAL,слабо выраженная эмоция без драматизации,B-24,True,B,ADJ,2026-07-05,True
C0302,RUS-O_long_03,Sentiment_label,Это грузовик!,Это грузовик!,-1 NEGATIVE,0 NEUTRAL,0 NEUTRAL,слабо выраженная эмоция без драматизации,B-24,True,B,ADJ,2026-07-05,True
C0303,RUS-O_long_03,Sentiment_label,Это прицеп,Это прицеп!,-1 NEGATIVE,0 NEUTRAL,0 NEUTRAL,слабо выраженная эмоция без драматизации,B-24,False,B,ADJ,2026-07-05,True
C0304,RUS-O_long_03,Sentiment_label,— ШШШШШ — шипит рация в ответ.,— ШШШШШ — шипит рация в ответ.,0 NEUTRAL,-1 NEGATIVE,-1 NEGATIVE,отсутствие связи и изоляция воспринимаются как негативное развитие событий,B-14,True,B,ADJ,2026-07-05,True
C0305,RUS-O_long_03,Sentiment_label,— Приём!,— Приём!,-1 NEGATIVE,0 NEUTRAL,-1 NEGATIVE,"эмоционально заряженный призыв, передающий отчаяние, тревогу и надежду на спасение",B-17,True,A,ADJ,2026-07-05,True
C0306,RUS-O_long_03,Sentiment_label,Приём!,Приём!,-1 NEGATIVE,0 NEUTRAL,-1 NEGATIVE,"технические термины и сигналы, произнесённые в критической ситуации",B-17,False,A,ADJ,2026-07-05,True
C0307,RUS-O_long_03,Sentiment_label,Это грузовик!,Это грузовик!,-1 NEGATIVE,0 NEUTRAL,-1 NEGATIVE,"технические термины и сигналы, произнесённые в критической ситуации",B-17,True,A,ADJ,2026-07-05,True
C0308,RUS-O_long_03,Sentiment_label,Это прицеп!,Это прицеп!,-1 NEGATIVE,0 NEUTRAL,-1 NEGATIVE,"технические термины и сигналы, произнесённые в критической ситуации",B-17,True,A,ADJ,2026-07-05,True
C0309,RUS-O_long_03,Sentiment_label,Сегодня Новый год!,Сегодня Новый год!,-1 NEGATIVE,0 NEUTRAL,-1 NEGATIVE,"персонаж из-за страха, тревоги или грусти концентрируется только на объекте утраты",B-18,True,A,ADJ,2026-07-05,True
C0310,RUS-O_long_03,Sentiment_label,прорывается звук сквозь мрак издалека-издалека.,прорывается звук сквозь мрак издалека-издалека.,0 NEUTRAL,+1 POSITIVE,+1 POSITIVE,"Фрагменты, описывающие долгожданное разрешение кризиса (фрагмент должен быть размечен вместе с БИ-БИ-БИ)",B-23,True,B,ADJ,2026-07-05,True
C0311,RUS-O_long_03,Sentiment_label,Это фура и тягач.,Это фура и тягач.,0 NEUTRAL,+1 POSITIVE,+1 POSITIVE,"Фрагменты, описывающие долгожданное разрешение кризиса",B-23,True,B,ADJ,2026-07-05,True
C0312,RUS-O_long_03,Sentiment_label,Но грузовик не услышал их ответа.,Но грузовик не услышал их ответа.,-1 NEGATIVE,0 NEUTRAL,-1 NEGATIVE,невозможность получить помощь/ответ создаёт негативный фон,B-18,True,A,ADJ,2026-07-05,True
C0313,RUS-O_long_03,Sentiment_label,Грузовику уже всё равно.,Грузовику уже всё равно.,-1 NEGATIVE,0 NEUTRAL,-1 NEGATIVE,"прямое описание апатии, безразличия, потери надежды",B-17,True,A,ADJ,2026-07-05,True
C0314,RUS-O_long_03,Sentiment_label,И прицепу ни до чего нет дела.,И прицепу ни до чего нет дела.,-1 NEGATIVE,0 NEUTRAL,-1 NEGATIVE,"прямое описание апатии, безразличия, потери надежды",B-17,True,A,ADJ,2026-07-05,True
C0315,RUS-O_long_03,Sentiment_label,Они превратились в большой сугроб.,Они превратились в большой сугроб.,-1 NEGATIVE,0 NEUTRAL,-1 NEGATIVE,"описание исчезновения, утраты жизненных сил, превращения в неживой объект",B-14,True,A,ADJ,2026-07-05,True
C0316,RUS-O_long_03,Sentiment_label,"БИ-БИ!
— подобрались к грузовику с прицепом фура и тягач.",БИ-БИ! / — подобрались к грузовику с прицепом фура и тягач.,0 NEUTRAL,+1 POSITIVE,+1 POSITIVE,прибытие помощи и начало спасательных действий,B-22,True,B,ADJ,2026-07-05,True
C0317,RUS-O_long_03,Sentiment_label,"Тросами — раз, два, три — потянули-потянули грузовик, потянули-потянули...","Тросами — раз, два, три — потянули-потянули грузовик, потянули-потянули...",0 NEUTRAL,+1 POSITIVE,+1 POSITIVE,прибытие помощи и начало спасательных действий,B-22,True,B,ADJ,2026-07-05,True
C0318,RUS-O_long_03,Sentiment_label,И снег с них осыпался.,И снег с них осыпался.,0 NEUTRAL,+1 POSITIVE,+1 POSITIVE,"Фрагменты, описывающие долгожданное разрешение кризиса",B-23,True,B,ADJ,2026-07-05,True
C0319,RUS-O_long_03,Sentiment_label,"Чик-Чик! — подсоединила фура к аккумулятору проводки, чтобы зарядить","Чик-Чик! — подсоединила фура к аккумулятору проводки, чтобы зарядить.",0 NEUTRAL,+1 POSITIVE,+1 POSITIVE,"Фрагменты, описывающие долгожданное разрешение кризиса",B-23,True,B,ADJ,2026-07-05,True
C0320,RUS-O_long_03,Sentiment_label,"Спасибо, тягач! / — говорят грузовик с прицепом.","Спасибо, тягач! — говорят грузовик с прицепом.",0 NEUTRAL,+1 POSITIVE,+1 POSITIVE,выражение благодарности за спасение,B-16,True,B,ADJ,2026-07-05,True
C0321,RUS-O_long_03,Sentiment_label,". А в городе все толпятся на центральной площади — и люди, и машины.","А в городе все толпятся на центральной площади — и люди, и машины.",0 NEUTRAL,-1 NEGATIVE,-1 NEGATIVE,"отчаяние, тревога и беспокойство города создают негативный фон",B-14,True,B,ADJ,2026-07-05,True
C0322,RUS-O_long_03,Sentiment_label,Би-Би!,Би-Би!,0 NEUTRAL,+1 POSITIVE,+1 POSITIVE,звуковой сигнал как маркер появления спасительной помощи в критической ситуации,B-2,False,B,ADJ,2026-07-05,True
C0323,RUS-O_long_03,Sentiment_label,— Это тягач с проблесковым маячком.,— Это тягач с проблесковым маячком.,0 NEUTRAL,+1 POSITIVE,+1 POSITIVE,"Фрагменты, описывающие долгожданное разрешение кризиса",B-23,True,B,ADJ,2026-07-05,True
C0324,RUS-O_long_03,Sentiment_label,Ёлку везут.,Ёлку везут.,0 NEUTRAL,+1 POSITIVE,+1 POSITIVE,"Фрагменты, описывающие долгожданное разрешение кризиса",B-23,True,B,ADJ,2026-07-05,True
C0325,RUS-O_long_03,Sentiment_label,Бьютчасы на городской площади.,Бьютчасы на городской площади.,0 NEUTRAL,+1 POSITIVE,+1 POSITIVE,описание начала праздника как позитивного культурного события,B-6,True,B,ADJ,2026-07-05,True
C0326,RUS-O_long_03,Sentiment_label,Взрываются салюты!,Взрываются салюты!,0 NEUTRAL,+1 POSITIVE,+1 POSITIVE,описание начала праздника как позитивного культурного события,B-6,False,B,ADJ,2026-07-05,True
C0327,RUS-O_long_04,NER_label,Ася,Ася,PER_NAME,PER_FAMILY,PER_NAME,Личные имена персонажей,A-4,False,A,ADJ,2026-07-05,True
C0328,RUS-O_long_04,NER_label,дети,дети,PER_ROLE,PER_FAMILY,PER_ROLE,"слово используется обобщённо, без привязки к конкретной семье",A-5,False,A,ADJ,2026-07-05,True
C0329,RUS-O_long_04,NER_label,Мама,Мама,PER_FAMILY,PER_NAME,PER_FAMILY,стандартный термин родства,A-4,False,A,ADJ,2026-07-05,True
C0330,RUS-O_long_04,NER_missed_by_B,маму,,PER_FAMILY,,PER_FAMILY,стандартный термин родства,A-4,False,A,ADJ,2026-07-05,True
C0331,RUS-O_long_04,NER_missed_by_B,вагончики,,PER_ROLE,,PER_ROLE,образное описание роли,A-1,False,A,ADJ,2026-07-05,True
C0332,RUS-O_long_04,NER_missed_by_B,люди,,PER_ROLE,,PER_ROLE,обобщённая категория/класс,A-5,False,A,ADJ,2026-07-05,True
C0333,RUS-O_long_04,NER_missed_by_B,сыщик,,PER_ROLE,,PER_ROLE,профессиональная/социальная роль,A-11,True,A,ADJ,2026-07-05,True
C0334,RUS-O_long_04,NER_missed_by_B,маму,,PER_FAMILY,,PER_FAMILY,стандартный термин родства,A-4,False,A,ADJ,2026-07-05,True
C0335,RUS-O_long_04,NER_missed_by_B,Мама,,PER_FAMILY,,PER_FAMILY,стандартный термин родства,A-4,False,A,ADJ,2026-07-05,True
C0337,RUS-O_long_04,NER_missed_by_B,крокодил,,PER_ROLE,,PER_ROLE,Животные как общий вид или фоновая роль,A-3,False,A,ADJ,2026-07-05,True
C0338,RUS-O_long_04,NER_missed_by_B,слушатели,,PER_ROLE,,PER_ROLE,функциональная социальная роль,A-11,True,A,ADJ,2026-07-05,True
C0339,RUS-O_long_04,NER_missed_by_B,кошке,,PER_ROLE,,PER_ROLE,Животные как общий вид или фоновая роль,A-3,False,A,ADJ,2026-07-05,True
C0340,RUS-O_long_04,NER_missed_by_B,котёнком,,PER_ROLE,,PER_ROLE,животные как общий вид,A-3,False,A,ADJ,2026-07-05,True
C0341,RUS-O_long_04,NER_missed_by_B,гостям,,PER_ROLE,,PER_ROLE,"слова, обозначающие социальные, функциональные или профессиональные роли",A-11,True,A,ADJ,2026-07-05,True
C0342,RUS-O_long_04,NER_missed_by_B,кошка,,PER_ROLE,,PER_ROLE,животные как общий вид,A-3,False,A,ADJ,2026-07-05,True
C0343,RUS-O_long_04,NER_missed_by_B,кошкам,,PER_ROLE,,PER_ROLE,животные как общий вид,A-3,False,A,ADJ,2026-07-05,True
C0344,RUS-O_long_04,NER_missed_by_B,Мышка,,PER_NAME,,PER_NAME,уникальное авторское имя,A-1,False,A,ADJ,2026-07-05,True
C0345,RUS-O_long_04,NER_missed_by_B,кошкой,,PER_ROLE,,PER_ROLE,животные как общий вид,A-3,False,A,ADJ,2026-07-05,True
C0346,RUS-O_long_04,NER_missed_by_A,,близнецы,,PER_FAMILY,PER_FAMILY,"внутрисемейный статус и относится к конкретной семье, а не к обобщённой группе",A-5,False,B,ADJ,2026-07-05,True
C0347,RUS-O_long_04,NER_missed_by_A,,мамины,,PER_FAMILY,PER_FAMILY,"Притяжательные формы («мамины», «папины») также относятся к семейным ролям",A-4,False,B,ADJ,2026-07-05,True
C0348,RUS-O_long_04,NER_missed_by_A,,папины,,PER_FAMILY,PER_FAMILY,"Притяжательные формы («мамины», «папины») также относятся к семейным ролям",A-4,False,B,ADJ,2026-07-05,True
C0349,RUS-O_long_04,NER_missed_by_A,,волшебница,,PER_ROLE,PER_ROLE,"слова, обозначающие социальные, профессиональные или функциональные роли",A-11,True,B,ADJ,2026-07-05,True
C0350,RUS-O_long_04,NER_missed_by_A,,паровоз,,PER_ROLE,PER_ROLE,"должна быть размечена вся сущность - мама-паровоз как PER_ROLE, это метафорическое сравнение в рамках эпизода",A-7,False,B,ADJ,2026-07-05,True
C0351,RUS-O_long_04,NER_missed_by_A,,принцессу,,PER_ROLE,PER_ROLE,"слова, обозначающие социальные статусы и роли",A-11,True,B,ADJ,2026-07-05,True
C0352,RUS-O_long_04,NER_missed_by_A,,принцесса,,PER_ROLE,PER_ROLE,"слова, обозначающие социальные статусы и роли",A-11,True,B,ADJ,2026-07-05,True
C0353,RUS-O_long_04,NER_missed_by_A,,мама,,PER_FAMILY,PER_FAMILY,"название песни не меняет того факта, что «мама» является стандартным термином родства",A-4,False,B,ADJ,2026-07-05,True
C0336,RUS-O_long_04,NER_missed_by_B,мама,,PER_FAMILY,,PER_FAMILY,стандартный термин родства,A-4,False,A,ADJ,2026-07-05,True
C0354,RUS-O_long_04,NER_missed_by_A,,кладоискатель,,PER_ROLE,PER_ROLE,"слова, обозначающие социальные, профессиональные или функциональные роли",A-11,True,B,ADJ,2026-07-05,True
C0355,RUS-O_long_04,NER_missed_by_A,,поисковую,,PER_ROLE,PER_ROLE,однословное прилагательное без существительного (должна быть одна сущность - поисковая собака PER_ROLE),A-8,False,neither,ADJ,2026-07-05,True
C0356,RUS-O_long_04,NER_missed_by_A,,собаку,,PER_ROLE,PER_ROLE,неполная разметка сущности (одна сущность - поисковая собака PER_ROLE),A-8,False,neither,ADJ,2026-07-05,True
C0357,RUS-O_long_04,NER_missed_by_A,,Мама,,PER_FAMILY,PER_FAMILY,обычное слово родства,A-4,False,B,ADJ,2026-07-05,True
C0358,RUS-O_long_04,NER_missed_by_A,,Золушка,,PER_NAME,PER_NAME,"имя собственное, которое не теряет своей идентификации",A-1,False,B,ADJ,2026-07-05,True
C0359,RUS-O_long_04,NER_missed_by_A,,садовод,,PER_ROLE,PER_ROLE,неполная разметка сущности (должна быть одна сущность - мама-садовод PER_ROLE) одноразовое образное/метафорическое сравнение,A-7,False,B,ADJ,2026-07-05,True
C0360,RUS-O_long_04,NER_missed_by_A,,сказочница,,PER_ROLE,PER_ROLE,неполная разметка сущности (должна быть одна сущность - мама-сказочница) одноразовое образное/метафорическое сравнение,A-7,False,neither,ADJ,2026-07-05,True
C0361,RUS-O_long_04,NER_missed_by_A,,Бабу,,PER_NAME,PER_NAME,"устойчивое словосочетание, образующее единое имя персонажа (неполная разметка - должна быть одна сущность Баба-Яга)",A-6,False,neither,ADJ,2026-07-05,True
C0362,RUS-O_long_04,NER_missed_by_A,,ягу,,PER_NAME,PER_NAME,"устойчивое словосочетание, образующее единое имя персонажа (неполная разметка - должна быть одна сущность Баба-Яга PER_NAME)",A-6,False,neither,ADJ,2026-07-05,True
C0363,RUS-O_long_04,NER_missed_by_A,,Кощея,,PER_NAME,PER_NAME,имя собственное сказочного персонажа,A-1,False,B,ADJ,2026-07-05,True
C0364,RUS-O_long_04,NER_missed_by_A,,крокодил,,PER_ROLE,PER_ROLE,Животные как общий вид или фоновая роль,A-3,False,B,ADJ,2026-07-05,True
C0365,RUS-O_long_04,NER_missed_by_A,,переводчик,,PER_ROLE,PER_ROLE,социальная/функциональная роль,A-11,True,B,ADJ,2026-07-05,True
C0366,RUS-O_long_04,Sentiment_label,- Ура! / — сказала Ася.,- Ура! — сказала Ася.,0 NEUTRAL,+1 POSITIVE,+1 POSITIVE,восклицание с явным маркером радости,B-2,False,B,ADJ,2026-07-05,True
C0367,RUS-O_long_04,Sentiment_label,Веснушек у Тёмы и Аси на двоих о-го-го сколько!,Веснушек у Тёмы и Аси на двоих о-го-го сколько!,+1 POSITIVE,0 NEUTRAL,+1 POSITIVE,"восклицательные предложения с междометиями, выражающими восхищение и игривость",B-2,False,A,ADJ,2026-07-05,True
C0368,RUS-O_long_04,Sentiment_label,— Давай вместе рисовать? / — предложил Тёма,— Давай вместе рисовать? — предложил Тёма.,0 NEUTRAL,+1 POSITIVE,+1 POSITIVE,"предложения совместной деятельности, направленные на сотрудничество и общее творчество",B-7,True,B,ADJ,2026-07-05,True
C0369,RUS-O_long_04,Sentiment_label,"Мама зашла в комнату, приложила палец к губам и прошептала: / — Слышите, как завывает?","Мама зашла в комнату, приложила палец к губам и прошептала:
— Слышите, как завывает?",0 NEUTRAL,-1 NEGATIVE,0 NEUTRAL,вопрос без явных маркеров эмоции,B-5,False,A,ADJ,2026-07-05,True
C0370,RUS-O_long_04,Sentiment_label,Тёма и Ася тут же вскочили в кроватях и завертели рыжими головами,Тёма и Ася тут же вскочили в кроватях и завертели рыжими головами.,0 NEUTRAL,-1 NEGATIVE,+1 POSITIVE,"возбуждение, интерес и игривое любопытство",B-12,True,neither,ADJ,2026-07-05,True
C0371,RUS-O_long_04,Sentiment_label,"- У-ууу, / — донеслось с улицы.","- У-ууу, — донеслось с улицы.",0 NEUTRAL,-1 NEGATIVE,0 NEUTRAL,нейтральные звукоподражания без эмоциональных маркеров,B-24,True,A,ADJ,2026-07-05,True
C0372,RUS-O_long_04,Sentiment_label,- Ура! / — хором отозвались близнецы.,- Ура! — хором отозвались близнецы.,0 NEUTRAL,+1 POSITIVE,+1 POSITIVE,восклицание с явным маркером радости,B-2,False,B,ADJ,2026-07-05,True
C0373,RUS-O_long_04,Sentiment_label,"- А ты ей подмигни и сразу ешь, / — посоветовала мама.","- А ты ей подмигни и сразу ешь, — посоветовала мама.",0 NEUTRAL,+1 POSITIVE,+1 POSITIVE,"реплика, выражающая поддержку и заботу",B-16,True,B,ADJ,2026-07-05,True
C0374,RUS-O_long_04,Sentiment_label,— Каша нам сейчас очень нужна для утяжеления.,— Каша нам сейчас очень нужна для утяжеления.,0 NEUTRAL,+1 POSITIVE,+1 POSITIVE,игровое вовлечение в деятельность через забавное объяснение,B-7,True,B,ADJ,2026-07-05,True
C0375,RUS-O_long_04,Sentiment_label,"Тёме и Асе хотелось посидеть в вороньем гнезде, но они мигом сообразили, что спуститься с берёзы будет трудно.","Тёме и Асе хотелось посидеть в вороньем гнезде, но они мигом сообразили, что спуститься с берёзы будет трудно.",-1 NEGATIVE,0 NEUTRAL,0 NEUTRAL,слабо выраженная эмоция без драматизации,B-24,True,B,ADJ,2026-07-05,True
C0376,RUS-O_long_04,Sentiment_label,Хлоп-хлоп-хлоп — все три зонта раскрылись.,Хлоп-хлоп-хлоп — все три зонта раскрылись.,0 NEUTRAL,+1 POSITIVE,+1 POSITIVE,коллективное синхронное действие,B-22,True,B,ADJ,2026-07-05,True
C0377,RUS-O_long_04,Sentiment_label,"Повредничала буря, вывернула зонты наизнанку, но все знают, что надо против ветра повернуться, и зонты починятся.","Повредничала буря, вывернула зонты наизнанку, но все знают, что надо против ветра повернуться, и зонты починятся.",+1 POSITIVE,-1 NEGATIVE,+1 POSITIVE,описание практического решения проблемы с позитивной коннотацией,B-12,True,A,ADJ,2026-07-05,True
C0378,RUS-O_long_04,Sentiment_label,"Покрутилась буря, повертелась да и отстала, решила на качелях покачаться, а мама-паровоз свои вагончики прямиком в детский сад доставила.","Покрутилась буря, повертелась да и отстала, решила на качелях покачаться, а мама-паровоз свои вагончики прямиком в детский сад доставила.",0 NEUTRAL,+1 POSITIVE,+1 POSITIVE,"Фрагменты, описывающие долгожданное разрешение кризиса",B-23,True,B,ADJ,2026-07-05,True
C0379,RUS-O_long_04,Sentiment_label,"Заодно и «укротительное» стихотворение сочинила: / — Дождик скачет по плащу, мигом бурю укрощу!","Заодно и «укротительное» стихотворение сочинила:
— Дождик скачет по плащу, мигом бурю укрощу!",0 NEUTRAL,+1 POSITIVE,+1 POSITIVE,стихотворение с рифмой и игровым содержанием,B-23,True,B,ADJ,2026-07-05,True
C0380,RUS-O_long_04,Sentiment_label,— А давай мы ей ещё дворец из конструктора в подарок соберём.,— А давай мы ей ещё дворец из конструктора в подарок соберём.,0 NEUTRAL,+1 POSITIVE,+1 POSITIVE,предложение совместной творческой деятельности,B-7,True,B,ADJ,2026-07-05,True
C0381,RUS-O_long_04,Sentiment_label,"Самая красивая песня — песня собственного сочинения, это всем известно.","Самая красивая песня — песня собственного сочинения, это всем известно.",+1 POSITIVE,0 NEUTRAL,+1 POSITIVE,творческое действие (сочинение песен) как источник радости,B-12,True,A,ADJ,2026-07-05,True
C0382,RUS-O_long_04,Sentiment_label,Называется «Волшебная мама».,Называется «Волшебная мама».,0 NEUTRAL,+1 POSITIVE,+1 POSITIVE,творческое действие как источник радости,B-12,True,B,ADJ,2026-07-05,True
C0383,RUS-O_long_04,Sentiment_label,Талант — это когда ты умеешь что-то делать лучше других.,Талант — это когда ты умеешь что-то делать лучше других.,+1 POSITIVE,0 NEUTRAL,+1 POSITIVE,описание выдающихся способностей как повода для гордости и восхищения,B-12,True,A,ADJ,2026-07-05,True
C0384,RUS-O_long_04,Sentiment_label,"— Да вовсе это не клады, / — засмеялась мама.","— Да вовсе это не клады, — засмеялась мама.",0 NEUTRAL,+1 POSITIVE,+1 POSITIVE,смех («засмеялась») как маркер положительной эмоции,B-2,False,B,ADJ,2026-07-05,True
C0385,RUS-O_long_04,Sentiment_label,— А просто пропажи.,— А просто пропажи.,0 NEUTRAL,+1 POSITIVE,+1 POSITIVE,реплики в пределах одного диалогического блока могут сохранять общую тональность,B-1,False,B,ADJ,2026-07-05,True
C0386,RUS-O_long_04,Sentiment_label,"— Нет, клады! / — заспорили близнецы.","— Нет, клады! — заспорили близнецы.",0 NEUTRAL,+1 POSITIVE,+1 POSITIVE,"дети спорят не из злости, а из желания сделать мир весёлым",B-16,True,B,ADJ,2026-07-05,True
C0387,RUS-O_long_04,Sentiment_label,"— Пропажа — это грустно, а клад — весело.","— Пропажа — это грустно, а клад — весело.",0 NEUTRAL,+1 POSITIVE,+1 POSITIVE,"выражение стремления к весёлому, радостному восприятию мира",B-6,True,B,ADJ,2026-07-05,True
C0388,RUS-O_long_04,Sentiment_label,"- И правда, / — согласилась мама.","- И правда, — согласилась мама.",0 NEUTRAL,+1 POSITIVE,+1 POSITIVE,"реплика, выражающая согласие и поддержку в игровом контексте",B-16,True,B,ADJ,2026-07-05,True
C0389,RUS-O_long_04,Sentiment_label,Тёма в садик в двух сапогах пошёл.,Тёма в садик в двух сапогах пошёл.,0 NEUTRAL,+1 POSITIVE,+1 POSITIVE,возвращение к нормальному состоянию как позитивное событие,B-12,True,B,ADJ,2026-07-05,True
C0390,RUS-O_long_04,Sentiment_label,А однажды потерялся в доме слон.,А однажды потерялся в доме слон.,0 NEUTRAL,-1 NEGATIVE,-1 NEGATIVE,описание потери значимого объекта,B-14,True,B,ADJ,2026-07-05,True
C0391,RUS-O_long_04,Sentiment_label,"Слон был просто заглядение: живот бархатный, хобот розовый, уши шуршащие, зовут Пряник. Мама снова с Рексом посоветовалась.","Слон был просто заглядение: живот бархатный, хобот розовый, уши шуршащие, зовут Пряник. / Мама снова с Рексом посоветовалась.",+1 POSITIVE,0 NEUTRAL,+1 POSITIVE,"Высказывания, выражающие восхищение красотой объекта или желание сохранить его",B-15,True,A,ADJ,2026-07-05,True
C0392,RUS-O_long_04,Sentiment_label,"Он лаял, как овчарка, лапами шевелил, маму к коробке с игрушками привёл, а слона не нашёл.","Он лаял, как овчарка, лапами шевелил, маму к коробке с игрушками привёл, а слона не нашёл.",-1 NEGATIVE,0 NEUTRAL,-1 NEGATIVE,описание неудачного поиска и отсутствия результата,B-14,True,A,ADJ,2026-07-05,True
C0393,RUS-O_long_04,Sentiment_label,"— Слоны любят ходить по саванне и чесать спины о баобабы, / — важно сказал Тёма.","— Слоны любят ходить по саванне и чесать спины о баобабы, — важно сказал Тёма.",+1 POSITIVE,0 NEUTRAL,+1 POSITIVE,проявление гордости за свои знания и участие в решении проблемы,B-12,True,A,ADJ,2026-07-05,True
C0394,RUS-O_long_04,Sentiment_label,Самый любимый цвет у мамы зелёный,Самый любимый цвет у мамы зелёный.,+1 POSITIVE,0 NEUTRAL,+1 POSITIVE,выражение привязанности к чему-либо,B-12,True,A,ADJ,2026-07-05,True
C0395,RUS-O_long_04,Sentiment_label,"— Зелёный — добрый цвет, / — сказала мама.","— Зелёный — добрый цвет, — сказала мама.",+1 POSITIVE,0 NEUTRAL,+1 POSITIVE,выражение положительного отношения,B-12,True,A,ADJ,2026-07-05,True
C0396,RUS-O_long_04,Sentiment_label,"— Много всего хорошего зелёного цвета: трава, яблоко, огурец, моё новое пальто.","— Много всего хорошего зелёного цвета: трава, яблоко, огурец, моё новое пальто.",+1 POSITIVE,0 NEUTRAL,+1 POSITIVE,наличие явных положительных оценочных признаков,B-6,True,A,ADJ,2026-07-05,True
C0397,RUS-O_long_04,Sentiment_label,- Чтобы глаз радовался! / — сказала мама.,- Чтобы глаз радовался! — сказала мама.,+1 POSITIVE,0 NEUTRAL,+1 POSITIVE,"восклицательные предложения, выражающие цель создания радости/удовольствия",B-2,False,A,ADJ,2026-07-05,True
C0398,RUS-O_long_04,Sentiment_label,"- Нет, оба, конечно, / — засмеялась мама и начала ящики по местам расставлять и землю в них насыпать.","- Нет, оба, конечно, — засмеялась мама и начала ящики по местам расставлять и землю в них насыпать.",+1 POSITIVE,0 NEUTRAL,+1 POSITIVE,реплика и сопровождающее действие (смех) размечаются как одна единица с позитивной эмоцией,B-1,False,A,ADJ,2026-07-05,True
C0399,RUS-O_long_04,Sentiment_label,"Тёма с Асей ей помогали: воду в леечку набирали и читали, что на пакетиках написано.","Тёма с Асей ей помогали: воду в леечку набирали и читали, что на пакетиках написано.",+1 POSITIVE,0 NEUTRAL,+1 POSITIVE,"коллективные действия, направленные на помощь и сотрудничество",B-22,False,A,ADJ,2026-07-05,True
C0400,RUS-O_long_04,Sentiment_label,"- Пе-тру-шка, / — прочитала Ася и обрадовалась, что с таким длинным словом справилась.","- Пе-тру-шка, — прочитала Ася и обрадовалась, что с таким длинным словом справилась.",+1 POSITIVE,0 NEUTRAL,+1 POSITIVE,прямая вербализация положительной эмоции,B-17,True,A,ADJ,2026-07-05,True
C0401,RUS-O_long_04,Sentiment_label,"А чтобы весь этот народ быстрее рос, мама включила им дополнительное солнышко — специальную лампу.","А чтобы весь этот народ быстрее рос, мама включила им дополнительное солнышко — специальную лампу.",+1 POSITIVE,0 NEUTRAL,+1 POSITIVE,наличие положительных образов («солнышко» как символ заботы),B-6,True,A,ADJ,2026-07-05,True
C0402,RUS-O_long_04,Sentiment_label,"- Вон какие весёлые, / — сказала Ася.","- Вон какие весёлые, — сказала Ася.",+1 POSITIVE,0 NEUTRAL,+1 POSITIVE,выражение радости от наблюдения за любимыми растениями,B-12,True,A,ADJ,2026-07-05,True
C0403,RUS-O_long_04,Sentiment_label,Вырос на подоконнике настоящий огород.,Вырос на подоконнике настоящий огород.,0 NEUTRAL,+1 POSITIVE,+1 POSITIVE,описание результата любимого дела,B-12,True,B,ADJ,2026-07-05,True
C0404,RUS-O_long_04,Sentiment_label,"Укроп с петрушкой очень любят, когда их стригут.","Укроп с петрушкой очень любят, когда их стригут.",+1 POSITIVE,0 NEUTRAL,+1 POSITIVE,описание заботы о растениях как о любимом деле,B-12,True,A,ADJ,2026-07-05,True
C0405,RUS-O_long_04,Sentiment_label,Как раз украшение для супа.,Как раз украшение для супа.,+1 POSITIVE,0 NEUTRAL,+1 POSITIVE,радость от результата любимого дела,B-12,True,A,ADJ,2026-07-05,True
C0406,RUS-O_long_04,Sentiment_label,Милочка глаза вытаращила: / - А почему вашу маму нельзя хлебом кормить?,"Милочка глаза вытаращила:
- А почему вашу маму нельзя хлебом кормить?",-1 NEGATIVE,0 NEUTRAL,0 NEUTRAL,"вопросы, связанные с непониманием или уточнением информации",B-20,True,B,ADJ,2026-07-05,True
C0407,RUS-O_long_04,Sentiment_label,Милочка подпрыгнула и в ладоши захлопала.,Милочка подпрыгнула и в ладоши захлопала.,+1 POSITIVE,0 NEUTRAL,+1 POSITIVE,"физические проявления радости (подпрыгивание, хлопки) являются маркерами положительной эмоции",B-2,False,A,ADJ,2026-07-05,True
C0408,RUS-O_long_04,Sentiment_label,- Круглую! / — хором крикнули дети.,- Круглую! — хором крикнули дети.,+1 POSITIVE,0 NEUTRAL,+1 POSITIVE,хоровое восклицание с энтузиазмом,B-22,True,A,ADJ,2026-07-05,True
C0409,RUS-O_long_04,Sentiment_label,- Понятно!,- Понятно!,+1 POSITIVE,0 NEUTRAL,+1 POSITIVE,восклицательная реакция на позитивный отклик детей,B-2,False,A,ADJ,2026-07-05,True
C0410,RUS-O_long_04,Sentiment_label,И помчался к речке Нил развесёлый крокодил.,И помчался к речке Нил / развесёлый крокодил.,+1 POSITIVE,0 NEUTRAL,+1 POSITIVE,наличие явных положительных оценочных признаков,B-6,True,A,ADJ,2026-07-05,True
C0411,RUS-O_long_04,Sentiment_label,Крокодил зарылся в ил.,Крокодил зарылся в ил.,0 NEUTRAL,-1 NEGATIVE,0 NEUTRAL,слабо выраженная эмоция без драматизации,B-24,True,A,ADJ,2026-07-05,True
C0412,RUS-O_long_04,Sentiment_label,Спать улёгся крокодил и подумал:,Спать улёгся крокодил и подумал:,0 NEUTRAL,+1 POSITIVE,0 NEUTRAL,слабо выраженная эмоция без драматизации,B-24,True,A,ADJ,2026-07-05,True
C0413,RUS-O_long_04,Sentiment_label,"«Ничего, завтра выловлю его!»","«Ничего, завтра выловлю его!»",0 NEUTRAL,+1 POSITIVE,+1 POSITIVE,"несмотря на предшествующую потерю, итоговый вектор мысли — позитивный",B-3,False,B,ADJ,2026-07-05,True
C0414,RUS-O_long_04,Sentiment_label,А мама раздала каждому по апельсину и даже почистила.,А мама раздала каждому по апельсину и даже почистила.,0 NEUTRAL,+1 POSITIVE,+1 POSITIVE,щедрость и забота как проявление добрых намерений,B-16,True,B,ADJ,2026-07-05,True
C0415,RUS-O_long_04,Sentiment_label,"Мышка любила играть с бумажкой на верёвочке, всегда охотно ластилась, залезала гостям на коленки и тарахтела на весь белый свет.","Мышка любила играть с бумажкой на верёвочке, всегда охотно ластилась, залезала гостям на коленки и тарахтела на весь белый свет.",+1 POSITIVE,0 NEUTRAL,+1 POSITIVE,описание любимых занятий и радостного поведения персонажа,B-12,True,A,ADJ,2026-07-05,True
C0416,RUS-O_long_04,Sentiment_label,. Ведь кошкам вредно целыми днями сидеть в одиночестве.,Ведь кошкам вредно целыми днями сидеть в одиночестве.,-1 NEGATIVE,0 NEUTRAL,-1 NEGATIVE,"описание вреда, негативного воздействия на живое существо",B-14,True,A,ADJ,2026-07-05,True
C0417,RUS-O_long_04,Sentiment_label,"– Да уж, любой заскучает, / – сказала мама.","– Да уж, любой заскучает, – сказала мама.",-1 NEGATIVE,0 NEUTRAL,-1 NEGATIVE,прямое называние отрицательного состояния,B-17,True,A,ADJ,2026-07-05,True
C0418,RUS-O_long_04,Sentiment_label,"Вечером взяли с собой бумажку на верёвочке, хорошее настроение и пошли в гости к Мышке.","Вечером взяли с собой бумажку на верёвочке, хорошее настроение и пошли в гости к Мышке.",+1 POSITIVE,0 NEUTRAL,+1 POSITIVE,описание подготовки к приятному занятию (визит к Мышке) с хорошим настроением,B-12,True,A,ADJ,2026-07-05,True
C0419,RUS-O_long_04,Sentiment_label,". Она сразу навстречу вышла, начала о ноги тереться, бодаться и подпрыгивать.","Она сразу навстречу вышла, начала о ноги тереться, бодаться и подпрыгивать.",+1 POSITIVE,0 NEUTRAL,+1 POSITIVE,"описание радостного, энергичного поведения животного",B-12,True,A,ADJ,2026-07-05,True
C0420,RUS-O_long_04,Sentiment_label,"Когда наигрались, собрались уходить, а Мышка села на стул и голову повесила.","Когда наигрались, собрались уходить, а Мышка села на стул и голову повесила.",0 NEUTRAL,-1 NEGATIVE,-1 NEGATIVE,грустное состояние без немедленного позитивного разрешения,B-4,False,B,ADJ,2026-07-05,True
C0421,RUS-O_long_04,Sentiment_label,"— Мышка, ты не хочешь, чтобы мы уходили? / спросила мама.","— Мышка, ты не хочешь, чтобы мы уходили? — спросила мама.",-1 NEGATIVE,0 NEUTRAL,-1 NEGATIVE,вопрос с негативной коннотацией,B-5,False,A,ADJ,2026-07-05,True
C0422,RUS-O_long_05,NER_label,Дед,Дед,PER_FAMILY,PER_ROLE,PER_FAMILY,есть явная привязка к конкретной семье через притяжательное местоимение,A-5,False,A,ADJ,2026-07-05,True
C0423,RUS-O_long_05,NER_label,Крысы,Крысы,PER_ROLE,PER_NAME,PER_ROLE,животные как общий вид,A-3,False,A,ADJ,2026-07-05,True
C0424,RUS-O_long_05,NER_missed_by_B,рыбки,,PER_ROLE,,PER_ROLE,животные/образы как общая категория,A-3,False,A,ADJ,2026-07-05,True
C0425,RUS-O_long_05,NER_missed_by_B,мыши,,PER_ROLE,,PER_ROLE,животные/образы как общая категория,A-3,False,A,ADJ,2026-07-05,True
C0426,RUS-O_long_05,NER_missed_by_B,крысы,,PER_ROLE,,PER_ROLE,животные/образы как общая категория,A-3,False,A,ADJ,2026-07-05,True
C0427,RUS-O_long_05,NER_missed_by_B,лис,,PER_ROLE,,PER_ROLE,животные/образы как общая категория,A-3,False,A,ADJ,2026-07-05,True
C0428,RUS-O_long_05,NER_missed_by_B,люди,,PER_ROLE,,PER_ROLE,обобщённые группы без конкретной идентификации,A-5,False,A,ADJ,2026-07-05,True
C0429,RUS-O_long_05,NER_missed_by_B,Хулиганов,,PER_ROLE,,PER_ROLE,"социальные, профессиональные или функциональные роли",A-11,True,A,ADJ,2026-07-05,True
C0430,RUS-O_long_05,NER_missed_by_B,мальчишки,,PER_ROLE,,PER_ROLE,"социальные, профессиональные или функциональные роли",A-11,True,A,ADJ,2026-07-05,True
C0431,RUS-O_long_05,NER_missed_by_B,лисоньки,,PER_ROLE,,PER_ROLE,животные как общий вид или категория,A-3,False,A,ADJ,2026-07-05,True
C0432,RUS-O_long_05,NER_missed_by_B,дети,,PER_ROLE,,PER_ROLE,обобщённая категория для сравнения,A-5,False,A,ADJ,2026-07-05,True
C0433,RUS-O_long_05,NER_missed_by_A,,огромная,,PER_ROLE,оставить А,"размечено одно прилагательное без существительное, не является составной частью сущности",A-8,False,A,ADJ,2026-07-05,True
C0434,RUS-O_long_05,NER_missed_by_A,,крупных,,PER_ROLE,оставить А,"не является составной частью сущности, размечено без существительного",A-8,False,A,ADJ,2026-07-05,True
C0435,RUS-O_long_05,NER_missed_by_A,,пёстрых,,PER_ROLE,оставить А,"не является составной частью сущности, размечено без существительного",A-8,False,A,ADJ,2026-07-05,True
C0436,RUS-O_long_05,NER_missed_by_A,,рыжие,,PER_ROLE,оставить А,"не является составной частью сущности, размечено без существительного",A-8,False,A,ADJ,2026-07-05,True
C0437,RUS-O_long_05,NER_missed_by_A,,весёлые,,PER_ROLE,оставить А,"не является составной частью сущности, размечено без существительного",A-8,False,A,ADJ,2026-07-05,True
C0438,RUS-O_long_05,NER_missed_by_A,,Красные,,PER_ROLE,оставить А,"не является составной частью сущности, размечено без существительного",A-8,False,A,ADJ,2026-07-05,True
C0439,RUS-O_long_05,NER_missed_by_A,,Зелёные,,PER_ROLE,оставить А,"не является составной частью сущности, размечено без существительного",A-8,False,A,ADJ,2026-07-05,True
C0440,RUS-O_long_05,NER_missed_by_A,,в,,PER_ROLE,оставить А,предлог не является частью сущности (по аналогии с правилом про глагол),A-10,False,A,ADJ,2026-07-05,True
C0441,RUS-O_long_05,NER_missed_by_A,,горошек,,PER_ROLE,оставить А,не является сущностью,A-10,True,A,ADJ,2026-07-05,True
C0442,RUS-O_long_05,NER_missed_by_A,,в,,PER_ROLE,оставить А,предлоги не являются сущностями,A-10,True,A,ADJ,2026-07-05,True
C0443,RUS-O_long_05,NER_missed_by_A,,полоску,,PER_ROLE,оставить А,"не является сущностью, это обозначение принта",A-10,True,A,ADJ,2026-07-05,True
C0444,RUS-O_long_05,NER_missed_by_A,,волшебные,,PER_ROLE,оставить А,"не является сущностью, размечено без существительного",A-8,False,A,ADJ,2026-07-05,True
C0445,RUS-O_long_05,NER_missed_by_A,,худой,,PER_ROLE,оставить А,"не является сущностью, размечено без существительного",A-8,False,A,ADJ,2026-07-05,True
C0446,RUS-O_long_05,NER_missed_by_A,,усатый,,PER_ROLE,оставить А,"не является сущностью, размечено без существительного",A-8,False,A,ADJ,2026-07-05,True
C0447,RUS-O_long_05,NER_missed_by_A,,печальный,,PER_ROLE,оставить А,"не является сущностью, размечено без существительного",A-8,False,A,ADJ,2026-07-05,True
C0448,RUS-O_long_05,NER_missed_by_A,,усталый,,PER_ROLE,оставить А,"не является сущностью, размечено без существительного",A-8,False,A,ADJ,2026-07-05,True
C0449,RUS-O_long_05,NER_missed_by_A,,помятый,,PER_ROLE,оставить А,"не является сущностью, размечено без существительного",A-8,False,A,ADJ,2026-07-05,True
C0450,RUS-O_long_05,NER_missed_by_A,,белые,,PER_ROLE,оставить А,"не является сущностью, размечено без существительного",A-8,False,A,ADJ,2026-07-05,True
C0451,RUS-O_long_05,NER_missed_by_A,,старый,,PER_ROLE,оставить А,"не является сущностью, размечено без существительного",A-8,False,A,ADJ,2026-07-05,True
C0452,RUS-O_long_05,NER_missed_by_A,,силачи,,PER_ROLE,PER_ROLE,недостаточная разметка (должно быть великаны-силачи - PER_ROLE),A-11,True,neither,ADJ,2026-07-05,True
C0453,RUS-O_long_05,NER_missed_by_A,,силачи,,PER_ROLE,PER_ROLE,недостаточная разметка (должно быть великаны-силачи - PER_ROLЕ),A-11,True,neither,ADJ,2026-07-05,True
C0454,RUS-O_long_05,NER_missed_by_A,,факир,,PER_ROLE,PER_ROLE,"недостаточная разметка, должно быть фокусник-факир - PER_ROLE)",A-11,True,neither,ADJ,2026-07-05,True
C0455,RUS-O_long_05,NER_missed_by_A,,белых,,PER_ROLE,оставить А,"недостаточная разметка, размечено без существительного",A-8,False,A,ADJ,2026-07-05,True
C0456,RUS-O_long_05,NER_missed_by_A,,гимнасты,,PER_ROLE,PER_ROLE,"недостаточная разметка, должно быть размечено вместе с прилагательным как единая роль",A-11,True,neither,ADJ,2026-07-05,True
C0457,RUS-O_long_05,NER_missed_by_A,,клоун,,PER_ROLE,PER_ROLE,"означает профессиональную/социальную роль, недостаточная разметка, поскольку размечено без прилагательного белый",A-11,True,neither,ADJ,2026-07-05,True
C0458,RUS-O_long_05,NER_missed_by_A,,клоун,,PER_ROLE,PER_ROLE,"означает профессиональную/социальную роль, размечено без прилагательного белый",A-11,True,neither,ADJ,2026-07-05,True
C0459,RUS-O_long_05,NER_missed_by_A,,клоун,,PER_ROLE,PER_ROLE,"означает профессиональную/социальную роль, размечено без прилагательного рыжий",A-11,True,neither,ADJ,2026-07-05,True
C0460,RUS-O_long_05,NER_missed_by_A,,рыжих,,PER_ROLE,оставить А,"не является сущностью, размечено без существительного",A-8,False,A,ADJ,2026-07-05,True
C0461,RUS-O_long_05,NER_missed_by_A,,седой,,PER_ROLE,оставить А,не является сущностью,A-8,False,A,ADJ,2026-07-05,True
C0462,RUS-O_long_05,NER_missed_by_A,,маленьких,,PER_ROLE,оставить А,"не является сущностью, размечено без существительного",A-8,False,A,ADJ,2026-07-05,True
C0463,RUS-O_long_05,NER_missed_by_A,,молодой,,PER_ROLE,оставить А,"не является сущностью, размечено без существительного",A-8,False,A,ADJ,2026-07-05,True
C0464,RUS-O_long_05,NER_missed_by_A,,белых,,PER_ROLE,оставить А,"не является сущностью, размечено без существительного",A-8,False,A,ADJ,2026-07-05,True
C0465,RUS-O_long_05,NER_missed_by_A,,белых,,PER_ROLE,оставить А,"не является сущностью, размечено без существительного",A-8,False,A,ADJ,2026-07-05,True
C0466,RUS-O_long_05,NER_missed_by_A,,лисичек,,PER_ROLE,PER_ROLE,животные как общий вид,A-3,False,B,ADJ,2026-07-05,True
C0467,RUS-O_long_05,NER_missed_by_A,,пса,,PER_ROLE,PER_ROLE,животные как общий вид,A-3,False,B,ADJ,2026-07-05,True
C0468,RUS-O_long_05,NER_missed_by_A,,Бак,,PER_ROLE,оставить А,"стихотворные элементы, звукоподражания и рифмы, не образующие самостоятельной именной группы, не являются сущностями",A-10,True,A,ADJ,2026-07-05,True
C0469,RUS-O_long_05,NER_missed_by_A,,летучие,,PER_ROLE,оставить А,"недостаточная разметка, одно название - летучие мыши (PER_ROLE)",A-7,False,A,ADJ,2026-07-05,True
C0470,RUS-O_long_05,NER_missed_by_A,,факира,,PER_ROLE,PER_ROLE,"социальная, профессиональная роль",A-11,True,B,ADJ,2026-07-05,True
C0471,RUS-O_long_05,NER_missed_by_A,,Белые,,PER_ROLE,оставить А,"недостаточная разметка, нет разметки существительного",A-8,False,A,ADJ,2026-07-05,True
C0472,RUS-O_long_05,NER_missed_by_A,,рыжие,,PER_ROLE,оставить А,"недостаточная разметка, размечено без существительного",A-8,False,A,ADJ,2026-07-05,True
C0473,RUS-O_long_05,NER_missed_by_A,,Белого,,PER_ROLE,оставить А,"недостаточная разметка, размечено без существительного",A-8,False,A,ADJ,2026-07-05,True
C0474,RUS-O_long_05,Sentiment_label,"Вдруг гляжу, стоит старушка, Сто часов вокруг неё, А в больших часах кукушка звонко песенки поёт.","Вдруг гляжу, стоит старушка, / Сто часов вокруг неё, / А в больших часах кукушка звонко песенки поёт.",+1 POSITIVE,0 NEUTRAL,+1 POSITIVE,идиллическое описание мира,B-6,True,A,ADJ,2026-07-05,True
C0475,RUS-O_long_05,Sentiment_label,"Я рассматривал часы, На меня смотрели псы, Что-то нюхали, искали, Суетились и вздыхали.","Я рассматривал часы, / На меня смотрели псы, / Что-то нюхали, искали, / Суетились и вздыхали.",-1 NEGATIVE,0 NEUTRAL,0 NEUTRAL,слабо выраженная эмоция без драматизации,B-24,True,B,ADJ,2026-07-05,True
C0476,RUS-O_long_05,Sentiment_label,Мимо домиков и ёлок Путь мой долог-долог.,Мимо домиков и ёлок / Путь мой долог-долог.,-1 NEGATIVE,0 NEUTRAL,0 NEUTRAL,слабо выраженная эмоция без драматизации,B-24,True,B,ADJ,2026-07-05,True
C0477,RUS-O_long_05,Sentiment_label,"Псы задумчиво молчат, Не вздыхают, не рычат.","Псы задумчиво молчат, / Не вздыхают, не рычат.",-1 NEGATIVE,0 NEUTRAL,0 NEUTRAL,слабо выраженная эмоция без драматизации,B-24,True,B,ADJ,2026-07-05,True
C0478,RUS-O_long_05,Sentiment_label,"Вечереет, снег синеет, Хочется домой скорее.","Вечереет, снег синеет, / Хочется домой скорее.",-1 NEGATIVE,0 NEUTRAL,-1 NEGATIVE,описание наступающей темноты и холода как неблагоприятных условий,B-18,True,A,ADJ,2026-07-05,True
C0479,RUS-O_long_05,Sentiment_label,Понемногу псы отстали.,Понемногу псы отстали.,0 NEUTRAL,+1 POSITIVE,+1 POSITIVE,негативное напряжение сменяется облегчением,B-3,False,B,ADJ,2026-07-05,True
C0480,RUS-O_long_05,Sentiment_label,Вот кого искали псы.,Вот кого искали псы.,0 NEUTRAL,+1 POSITIVE,+1 POSITIVE,облегчение от разрешения ситуации,B-3,False,B,ADJ,2026-07-05,True
C0481,RUS-O_long_05,Sentiment_label,"Нашедшему будут и славы, и приз.","Нашедшему будут и славы, и приз.",+1 POSITIVE,-1 NEGATIVE,+1 POSITIVE,обещание награды и признания за доброе дело,B-16,True,A,ADJ,2026-07-05,True
C0482,RUS-O_long_05,Sentiment_label,"Раз лисы сбежали, Наверное, в цирке их все обижали.","Раз лисы сбежали, / Наверное, в цирке их все обижали.",-1 NEGATIVE,0 NEUTRAL,-1 NEGATIVE,прямое называние негативного действия («обижали»),B-17,True,A,ADJ,2026-07-05,True
C0483,RUS-O_long_05,Sentiment_label,Непонятно.,Непонятно.,-1 NEGATIVE,0 NEUTRAL,-1 NEGATIVE,"выражение растерянности, неуверенности и морального конфликта",B-4,False,A,ADJ,2026-07-05,True
C0484,RUS-O_long_05,Sentiment_label,"Небо как занавес старого цирка Тает луны белоснежная дырка Снились всю ночь мне ступени, кулисы Красные лисы, Зелёные лисы Лисы в горошек и в маленьких шляпках Лисы, держащие курочек в лапках Лисы в полоску, Бесшумно, как тени Все танцевали легко на арене Где-то играли тихонечко скрипки, Плыли под куполом белые рыбки.","Небо как занавес старого цирка / Тает луны белоснежная дырка / Снились всю ночь мне ступени, кулисы / Красные лисы, / Зелёные лисы / Лисы в горошек и в маленьких шляпках / Лисы, держащие курочек в лапках / Лисы в полоску, / Бесшумно, как тени / Все танцевали легко на арене / Где-то играли тихонечко скрипки, / Плыли под куполом белые рыбки.",+1 POSITIVE,0 NEUTRAL,+1 POSITIVE,наличие явных положительных образов и оценочных признаков,B-6,True,A,ADJ,2026-07-05,True
C0485,RUS-O_long_05,Sentiment_label,"Прятались где-то и мыши, и крысы, Плавно кружились волшебные лисы.","Прятались где-то и мыши, и крысы, / Плавно кружились волшебные лисы.",+1 POSITIVE,0 NEUTRAL,+1 POSITIVE,наличие положительных оценочных признаков,B-6,True,A,ADJ,2026-07-05,True
C0486,RUS-O_long_05,Sentiment_label,Вдруг наступила на миг тишина.,Вдруг наступила на миг тишина.,-1 NEGATIVE,0 NEUTRAL,-1 NEGATIVE,неожиданная тишина после радостного события воспринимается как предвестник тревоги,B-18,True,A,ADJ,2026-07-05,True
C0487,RUS-O_long_05,Sentiment_label,Ветер как будто подул из окна.,Ветер как будто подул из окна.,-1 NEGATIVE,0 NEUTRAL,-1 NEGATIVE,"описание необъяснимых, тревожных звуков и нарушение покоя",B-18,True,A,ADJ,2026-07-05,True
C0488,RUS-O_long_05,Sentiment_label,И запищал где-то рядом сквозь мрак Кто-то печально и жалобно так.,И запищал где-то рядом сквозь мрак / Кто-то печально и жалобно так.,-1 NEGATIVE,0 NEUTRAL,-1 NEGATIVE,описание тревожного звука во мраке создаёт негативный фон,B-18,True,A,ADJ,2026-07-05,True
C0489,RUS-O_long_05,Sentiment_label,И мгновенно проснулся.,И мгновенно проснулся.,0 NEUTRAL,+1 POSITIVE,0 NEUTRAL,слабо выраженная эмоция без драматизации,B-24,True,A,ADJ,2026-07-05,True
C0490,RUS-O_long_05,Sentiment_label,Запах опилок и свежего хлеба.,Запах опилок и свежего хлеба.,0 NEUTRAL,+1 POSITIVE,+1 POSITIVE,наличие положительных сенсорных образов (приятные запахи),B-6,True,B,ADJ,2026-07-05,True
C0491,RUS-O_long_05,Sentiment_label,Тихо пьет кофе из маленькой чашки.,Тихо пьет кофе из маленькой чашки.,0 NEUTRAL,-1 NEGATIVE,-1 NEGATIVE,косвенная передача грусти через общий контекст,B-17,True,B,ADJ,2026-07-05,True
C0492,RUS-O_long_05,Sentiment_label,"Искали на рынке, искали в аптеке, В подвалах, на улицах, в библиотеке, На детских площадках и возле пруда.","Искали на рынке, искали в аптеке, / В подвалах, на улицах, в библиотеке, / На детских площадках и возле пруда.",0 NEUTRAL,-1 NEGATIVE,-1 NEGATIVE,ситуация остаётся без позитивного разрешения,B-4,False,B,ADJ,2026-07-05,True
C0493,RUS-O_long_05,Sentiment_label,Нет у нас в цирке медведей и львов.,Нет у нас в цирке медведей и львов.,-1 NEGATIVE,0 NEUTRAL,0 NEUTRAL,слабо выраженная эмоция без драматизации,B-24,True,B,ADJ,2026-07-05,True
C0494,RUS-O_long_05,Sentiment_label,В цирке не нужно держать бегемота.,В цирке не нужно держать бегемота.,-1 NEGATIVE,0 NEUTRAL,0 NEUTRAL,слабо выраженная эмоция без драматизации,B-24,True,B,ADJ,2026-07-05,True
C0495,RUS-O_long_05,Sentiment_label,"В цирке у нас лишь собаки да лисы, Да у факира есть белые крысы.","В цирке у нас лишь собаки да лисы, / Да у факира есть белые крысы.",+1 POSITIVE,0 NEUTRAL,0 NEUTRAL,слабо выраженная эмоция без драматизации,B-24,True,B,ADJ,2026-07-05,True
C0496,RUS-O_long_05,Sentiment_label,"Знаете, я ваших лис повстречал.","Знаете, я ваших лис повстречал.",0 NEUTRAL,+1 POSITIVE,+1 POSITIVE,"Фрагменты, описывающие долгожданное разрешение кризиса",B-23,True,B,ADJ,2026-07-05,True
C0497,RUS-O_long_05,Sentiment_label,"Что же ты, друг мой, так долго молчал?","Что же ты, друг мой, так долго молчал?",-1 NEGATIVE,+1 POSITIVE,+1 POSITIVE,тёплое обращение в момент облегчения,B-7,True,B,ADJ,2026-07-05,True
C0498,RUS-O_long_05,Sentiment_label,"Любят и ждут их все наши артисты, Наши жонглеры и эквилибристы, Клоуны, старый факир, силачи, Все, кто искал их сегодня в ночи.","Любят и ждут их все наши артисты, / Наши жонглеры и эквилибристы, / Клоуны, старый факир, силачи, / Все, кто искал их сегодня в ночи.",+1 POSITIVE,0 NEUTRAL,+1 POSITIVE,"описание того, что персонажей любят и ждут",B-12,True,A,ADJ,2026-07-05,True
C0499,RUS-O_long_05,Sentiment_label,"Ждут их гимнасты и три акробата, И дрессировщица наша Агата.","Ждут их гимнасты и три акробата, / И дрессировщица наша Агата.",+1 POSITIVE,0 NEUTRAL,+1 POSITIVE,"описание того, что персонажей любят и ждут",B-12,True,A,ADJ,2026-07-05,True
C0500,RUS-O_long_05,Sentiment_label,"Привела дорожка лисья В мир волшебный закулисья, Где прекрасно все вокруг.","Привела дорожка лисья / В мир волшебный закулисья, / Где прекрасно все вокруг.",+1 POSITIVE,0 NEUTRAL,+1 POSITIVE,наличие явных положительных оценочных признаков,B-6,True,A,ADJ,2026-07-05,True
C0501,RUS-O_long_05,Sentiment_label,"Люди, вещи, цвет и звук.","Люди, вещи, цвет и звук.",0 NEUTRAL,+1 POSITIVE,+1 POSITIVE,"элементы волшебного мира, описываемые в позитивном контексте",B-6,True,B,ADJ,2026-07-05,True
C0502,RUS-O_long_05,Sentiment_label,"Во все века в любой стране завидуют ему мальчишки и простой народ, Ведь в полной тишине он так уверенно идет Над бездной по струне.","Во все века в любой стране завидуют ему / мальчишки и простой народ, / Ведь в полной тишине / он так уверенно идет / Над бездной по струне.",+1 POSITIVE,0 NEUTRAL,+1 POSITIVE,"наличие положительных образов (уверенность, мастерство, восхищение)",B-6,True,A,ADJ,2026-07-05,True
C0503,RUS-O_long_05,Sentiment_label,Рассмешат зануд и плакс Десять вертких рыжих такс.,Рассмешат зануд и плакс / Десять вертких рыжих такс.,+1 POSITIVE,0 NEUTRAL,+1 POSITIVE,"наличие положительных оценочных признаков («рассмешат», «вертких»)",B-6,True,A,ADJ,2026-07-05,True
C0504,RUS-O_long_05,Sentiment_label,"Надо Агате скорее сказать, Пусть не рыдает Агата.","Надо Агате скорее сказать, / Пусть не рыдает Агата.",-1 NEGATIVE,+1 POSITIVE,+1 POSITIVE,"Фрагменты, описывающие долгожданное разрешение кризиса",B-23,True,B,ADJ,2026-07-05,True
C0505,RUS-O_long_05,Sentiment_label,Там на плакате Топорщат усы Две ослепительно белых лисы.,Там на плакате Топорщат усы / Две ослепительно белых лисы.,+1 POSITIVE,0 NEUTRAL,+1 POSITIVE,наличие положительных оценочных признаков («ослепительно белых»),B-6,True,A,ADJ,2026-07-05,True
C0506,RUS-O_long_05,Sentiment_label,"Две ослепительно белых лисы Лапами машут, Топорщат усы.","Две ослепительно белых лисы / Лапами машут, / Топорщат усы.",+1 POSITIVE,0 NEUTRAL,+1 POSITIVE,наличие положительных оценочных признаков («ослепительно белых»),B-6,True,A,ADJ,2026-07-05,True
C0507,RUS-O_long_05,Sentiment_label,Я объявление прочел в новостях.,Я объявление прочел в новостях.,0 NEUTRAL,-1 NEGATIVE,0 NEUTRAL,слабо выраженная эмоция без драматизации,B-24,True,A,ADJ,2026-07-05,True
C0508,RUS-O_long_05,Sentiment_label,Лисы пропавшие Белого цвета.,Лисы пропавшие Белого цвета.,0 NEUTRAL,-1 NEGATIVE,-1 NEGATIVE,описание пропажи (лисы пропавшие),B-14,True,B,ADJ,2026-07-05,True
C0509,RUS-O_long_05,Sentiment_label,Лисы в часах?,Лисы в часах?,+1 POSITIVE,0 NEUTRAL,+1 POSITIVE,"вопросы, выражающие радостное удивление и изумление в контексте позитивного события",B-2,False,A,ADJ,2026-07-05,True
C0510,RUS-O_long_05,Sentiment_label,Удивилась Агата.,Удивилась Агата.,+1 POSITIVE,0 NEUTRAL,+1 POSITIVE,положительное удивление от разрешения тревожной ситуации,B-3,False,A,ADJ,2026-07-05,True
C0511,RUS-O_long_05,Sentiment_label,"Видно, до это Сильно устали.","Видно, до это Сильно устали.",-1 NEGATIVE,0 NEUTRAL,-1 NEGATIVE,прямое называние негативного состояния,B-17,True,A,ADJ,2026-07-05,True
C0512,RUS-O_long_05,Sentiment_label,"Если их дом не найдется, Тогда я их оставлю Себе навсегда.","Если их дом не найдется, / Тогда я их оставлю Себе навсегда.",+1 POSITIVE,0 NEUTRAL,+1 POSITIVE,выражение желания и мечты о чём-то желанном,B-12,True,A,ADJ,2026-07-05,True
C0513,RUS-O_long_05,Sentiment_label,"Вы не поверите, лет с десяти Лис я мечтал У себя завести.","Вы не поверите, лет с десяти / Лис я мечтал У себя завести.",+1 POSITIVE,0 NEUTRAL,+1 POSITIVE,выражение желания и мечты о чём-то желанном,B-12,True,A,ADJ,2026-07-05,True
C0514,RUS-O_long_05,Sentiment_label,"Как интересно, сказала Агата, тихо, задумчиво Глядя куда-то.","Как интересно, сказала Агата, / тихо, задумчиво Глядя куда-то.",+1 POSITIVE,0 NEUTRAL,+1 POSITIVE,выражение интереса и вовлечённости в разговор о детской мечте,B-12,True,A,ADJ,2026-07-05,True
C0515,RUS-O_long_05,Sentiment_label,"В детстве Мне тоже хотелось Не пса, лишь бы жила В нашем доме лиса.","В детстве Мне тоже хотелось / Не пса, / лишь бы жила В нашем доме лиса.",+1 POSITIVE,0 NEUTRAL,+1 POSITIVE,выражение интереса и вовлечённости в разговор о детской мечте,B-12,True,A,ADJ,2026-07-05,True
C0516,RUS-O_long_05,Sentiment_label,"Чем их кормить, Как лечить, как гулять, Как обучать их И с ними играть.","Чем их кормить, / Как лечить, как гулять, / Как обучать их / И с ними играть.",+1 POSITIVE,0 NEUTRAL,+1 POSITIVE,описание заботы и игры с любимыми животными как источников радости,B-12,True,A,ADJ,2026-07-05,True
C0517,RUS-O_long_05,Sentiment_label,"Лисы на задние Лапки вставали, Тявкали звонко, с мечами Играли, прыгали ловко На стулья и вниз.","Лисы на задние Лапки вставали, / Тявкали звонко, / с мечами Играли, / прыгали ловко На стулья и вниз.",+1 POSITIVE,0 NEUTRAL,+1 POSITIVE,"описание игривого, радостного поведения животных",B-12,True,A,ADJ,2026-07-05,True
C0518,RUS-O_long_05,Sentiment_label,"Город блестит, как на елке Игрушка в детстве легка И светла.","Город блестит, как на елке Игрушка / в детстве легка И светла.",+1 POSITIVE,0 NEUTRAL,+1 POSITIVE,"наличие явных положительных оценочных признаков («блестит», «легка», «светла»)",B-6,True,A,ADJ,2026-07-05,True
C0519,RUS-O_long_05,Sentiment_label,"Я, говорит, уж такие дела.","Я, говорит, уж такие дела.",0 NEUTRAL,-1 NEGATIVE,0 NEUTRAL,слабо выраженная эмоция без драматизации,B-24,True,A,ADJ,2026-07-05,True
C0520,RUS-O_long_05,Sentiment_label,Он их нашел Среди жухлой травы.,Он их нашел Среди жухлой травы.,0 NEUTRAL,-1 NEGATIVE,-1 NEGATIVE,"описание неблагоприятных, запущенных условий",B-14,True,B,ADJ,2026-07-05,True
C0521,RUS-O_long_05,Sentiment_label,"Мы их растили, Но лисоньки эти Любят играть, Словно малые дети.","Мы их растили, / Но лисоньки эти / Любят играть, / Словно малые дети.",+1 POSITIVE,-1 NEGATIVE,+1 POSITIVE,"несмотря на наличие контрастного союза, доминирующий вектор — позитивный (игривость, любовь)",B-3,False,A,ADJ,2026-07-05,True
C0522,RUS-O_long_05,Sentiment_label,"Думаем, Кто бы забрал их у нас?","Думаем, Кто бы забрал их у нас?",0 NEUTRAL,-1 NEGATIVE,-1 NEGATIVE,"риторический вопрос о том, кто бы забрал проблемных питомцев, выражает досаду и усталость",B-4,False,B,ADJ,2026-07-05,True
C0523,RUS-O_long_05,Sentiment_label,"Лисы мои, Насовсем, навсегда.","Лисы мои, Насовсем, навсегда.",0 NEUTRAL,+1 POSITIVE,+1 POSITIVE,выражение тёплой привязанности и любви к существам,B-7,True,B,ADJ,2026-07-05,True
C0524,RUS-O_long_05,Sentiment_label,Только две белых Пропали куда?,Только две белых Пропали куда?,-1 NEGATIVE,0 NEUTRAL,-1 NEGATIVE,описание пропажи,B-14,True,A,ADJ,2026-07-05,True
C0525,RUS-O_long_05,Sentiment_label,Крысы в кладовке Тихонько пищат.,Крысы в кладовке Тихонько пищат.,0 NEUTRAL,-1 NEGATIVE,0 NEUTRAL,нейтральные описания звуков/действий без эмоциональных маркеров,B-24,True,A,ADJ,2026-07-05,True
C0526,RUS-O_long_05,Sentiment_label,"Крысы пищат, Ужаснулась Агата, Край расправляя Большого плаката.","Крысы пищат, Ужаснулась Агата, / Край расправляя Большого плаката.",-1 NEGATIVE,0 NEUTRAL,-1 NEGATIVE,прямое называние эмоциональной реакции,B-17,True,A,ADJ,2026-07-05,True
C0527,RUS-O_long_05,Sentiment_label,Надо найти их Скорее в кладовке.,Надо найти их Скорее в кладовке.,0 NEUTRAL,-1 NEGATIVE,-1 NEGATIVE,тревога и беспокойство без позитивного разрешения,B-4,False,B,ADJ,2026-07-05,True
C0528,RUS-O_long_05,Sentiment_label,Кто-то пищит Из коробки факира.,Кто-то пищит Из коробки факира.,-1 NEGATIVE,0 NEUTRAL,-1 NEGATIVE,тревога без немедленного прояснения,B-4,False,A,ADJ,2026-07-05,True
C0529,RUS-O_long_05,Sentiment_label,Кто там? / Спросил.,Кто там? Спросил.,-1 NEGATIVE,0 NEUTRAL,-1 NEGATIVE,тревога без немедленного прояснения,B-4,False,A,ADJ,2026-07-05,True
C0530,RUS-O_long_05,Sentiment_label,"И почудилось мне, Что очутился я Снова во сне.","И почудилось мне, / Что очутился я Снова во сне.",+1 POSITIVE,0 NEUTRAL,0 NEUTRAL,слабо выраженная эмоция без драматизации,B-24,True,B,ADJ,2026-07-05,True
C0531,RUS-O_long_05,Sentiment_label,Ветер холодный Запел и завыл.,Ветер холодный / Запел и завыл.,-1 NEGATIVE,0 NEUTRAL,-1 NEGATIVE,холод и вой ветра создают негативный фон,B-14,True,A,ADJ,2026-07-05,True
C0532,RUS-O_long_05,Sentiment_label,В маленьком цирке Я лис дрессирую.,В маленьком цирке Я лис дрессирую.,0 NEUTRAL,+1 POSITIVE,+1 POSITIVE,описание любимого дела и исполнения мечты,B-12,True,B,ADJ,2026-07-05,True
C0533,RUS-O_long_05,Sentiment_label,"И выступаю, и езжу Куда-то.","И выступаю, и езжу Куда-то.",0 NEUTRAL,+1 POSITIVE,+1 POSITIVE,"описание активной, насыщенной жизни, связанной с любимым делом",B-12,True,B,ADJ,2026-07-05,True
C0534,RUS-O_long_05,Sentiment_label,Вместе со мною Конечно Агата.,Вместе со мною Конечно Агата.,0 NEUTRAL,+1 POSITIVE,+1 POSITIVE,выражение радости от совместного пути с близким человеком,B-7,True,B,ADJ,2026-07-05,True
C0535,RUS-O_long_05,Sentiment_label,Белые лисы И рыжие лисы.,Белые лисы И рыжие лисы.,0 NEUTRAL,+1 POSITIVE,+1 POSITIVE,"гармоничное, завершённое описание единства и полноты",B-6,True,B,ADJ,2026-07-05,True
C0536,RUS-O_long_05,Sentiment_label,Наши актеры И наши актрисы.,Наши актеры / И наши актрисы.,0 NEUTRAL,+1 POSITIVE,+1 POSITIVE,"гармоничное, завершённое описание единства и полноты",B-6,True,B,ADJ,2026-07-05,True
C0537,RUS-O_long_05,Sentiment_label,"Ну, а в часах, Что на рынке купил, Белого кролика Я поселил.","Ну, а в часах, Что на рынке купил, / Белого кролика Я поселил.",0 NEUTRAL,+1 POSITIVE,+1 POSITIVE,"описание заботливого, тёплого действия",B-12,True,B,ADJ,2026-07-05,True
C0538,RUS-O_medium_01,NER_missed_by_B,регулировщиках,,PER_ROLE,,PER_ROLE,"слова, обозначающие социальные, профессиональные или функциональные роли",A-11,True,A,ADJ,2026-07-05,True
C0539,RUS-O_medium_01,NER_missed_by_B,пассажирах,,PER_ROLE,,PER_ROLE,"слова, обозначающие социальные, профессиональные или функциональные роли",A-11,True,A,ADJ,2026-07-05,True
C0540,RUS-O_medium_01,NER_missed_by_B,судов,,PER_ROLE,,PER_ROLE,"объекты, обозначающие общий вид/категорию",A-3,False,A,ADJ,2026-07-05,True
C0541,RUS-O_medium_01,NER_missed_by_B,люди,,PER_ROLE,,PER_ROLE,обобщённые группы без конкретной идентификации,A-5,False,A,ADJ,2026-07-05,True
C0542,RUS-O_medium_01,NER_missed_by_B,новичка,,PER_ROLE,,PER_ROLE,"слова, обозначающие социальные или функциональные роли",A-11,True,A,ADJ,2026-07-05,True
C0543,RUS-O_medium_01,NER_missed_by_B,молодожёнов,,PER_ROLE,,PER_ROLE,"слова, обозначающие социальные роли и статусы",A-11,True,A,ADJ,2026-07-05,True
C0544,RUS-O_medium_01,NER_missed_by_A,,корабли,,PER_ROLE,PER_ROLE,"объекты, обозначающие общий вид/категорию (недостаточная разметка - должна быть одна сущность - грузовые корабли)",A-3,False,B,ADJ,2026-07-05,True
C0545,RUS-O_medium_01,NER_missed_by_A,,машины,,PER_ROLE,PER_ROLE,"объекты, обозначающие общий вид/категорию",A-3,False,B,ADJ,2026-07-05,True
C0546,RUS-O_medium_01,NER_missed_by_A,,машинам,,PER_ROLE,PER_ROLE,"объекты, обозначающие общий вид/категорию",A-3,False,B,ADJ,2026-07-05,True
C0547,RUS-O_medium_01,Sentiment_label,"«Ничего, ничего, / — подбадривал он себя.","«Ничего, ничего, — подбадривал он себя.",0 NEUTRAL,+1 POSITIVE,+1 POSITIVE,самоободрение как форма добрых намерений по отношению к себе,B-16,True,B,ADJ,2026-07-05,True
C0548,RUS-O_medium_01,Sentiment_label,"Автомобильчик считал звёзды, ждал рассвета и надеялся, что уж завтра-то хозяин точно придёт.","Автомобильчик считал звёзды, ждал рассвета и надеялся, что уж завтра-то хозяин точно придёт.",-1 NEGATIVE,0 NEUTRAL,-1 NEGATIVE,томительное ожидание без позитивного исхода,B-4,False,A,ADJ,2026-07-05,True
C0549,RUS-O_medium_01,Sentiment_label,Вдруг получится найти себе какое-нибудь дело и снова стать полезным?,Вдруг получится найти себе какое-нибудь дело и снова стать полезным?,+1 POSITIVE,0 NEUTRAL,+1 POSITIVE,"итоговая эмоция определяется общим эмоциональным направлением) — общий вектор — позитивный (надежда, решимость)",B-3,False,A,ADJ,2026-07-05,True
C0550,RUS-O_medium_01,Sentiment_label,"Они ехали плотно, нескончаемым потоком, сигналили, переругивались и ворчали друг на друга.","Они ехали плотно, нескончаемым потоком, сигналили, переругивались и ворчали друг на друга.",0 NEUTRAL,-1 NEGATIVE,-1 NEGATIVE,прямое называние конфликтных действий,B-17,True,B,ADJ,2026-07-05,True
C0551,RUS-O_medium_01,Sentiment_label,"Все они были очень заняты, куда-то спешили, и поговорить ни с кем не удавалось.","Все они были очень заняты, куда-то спешили, и поговорить ни с кем не удавалось.",-1 NEGATIVE,0 NEUTRAL,-1 NEGATIVE,описание невозможности общения и чувства изоляции,B-17,True,A,ADJ,2026-07-06,True
C0552,RUS-O_medium_01,Sentiment_label,На перекрёстке случилась неприятность — не работал светофор.,На перекрёстке случилась неприятность — не работал светофор.,-1 NEGATIVE,0 NEUTRAL,-1 NEGATIVE,описание неисправности и неприятности,B-14,True,A,ADJ,2026-07-06,True
C0553,RUS-O_medium_01,Sentiment_label,"— Скажите, пожалуйста, вам не скучно вот так просто стоять здесь, у берега? / — спросил Автомобильчик.","— Скажите, пожалуйста, вам не скучно вот так просто стоять здесь, у берега? — спросил Автомобильчик.",-1 NEGATIVE,0 NEUTRAL,-1 NEGATIVE,вопрос с негативным маркером эмоции,B-5,False,A,ADJ,2026-07-06,True
C0554,RUS-O_medium_01,Sentiment_label,"— Наверное, хочется поскорее снова выйти в море?","— Наверное, хочется поскорее снова выйти в море?",-1 NEGATIVE,0 NEUTRAL,-1 NEGATIVE,вопрос с негативным маркером эмоции,B-5,False,A,ADJ,2026-07-06,True
C0555,RUS-O_medium_01,Sentiment_label,"— Отдых у нас обычно короткий, а работа — долгая и тяжёлая, / — ответили корабли.","— Отдых у нас обычно короткий, а работа — долгая и тяжёлая, — ответили корабли.",-1 NEGATIVE,0 NEUTRAL,-1 NEGATIVE,описание тяжёлых условий труда,B-18,True,A,ADJ,2026-07-06,True
C0556,RUS-O_medium_01,Sentiment_label,— Рейсы длится по несколько месяцев.,— Рейсы длится по несколько месяцев.,-1 NEGATIVE,0 NEUTRAL,-1 NEGATIVE,описание тяжёлых условий труда,B-18,True,A,ADJ,2026-07-06,True
C0557,RUS-O_medium_01,Sentiment_label,"Корабли, огромные, поменьше и совсем маленькие, проплывали между раскрытыми створками моста.","Корабли, огромные, поменьше и совсем маленькие, проплывали между раскрытыми створками моста.",+1 POSITIVE,0 NEUTRAL,+1 POSITIVE,наличие красивых образов,B-6,True,A,ADJ,2026-07-06,True
C0558,RUS-O_medium_01,Sentiment_label,"На борту судов горели окна, сияли огни, и вода вокруг сверкала и искрилась, переливаясь всеми цветами радуги.","На борту судов горели окна, сияли огни, и вода вокруг сверкала и искрилась, переливаясь всеми цветами радуги.",+1 POSITIVE,0 NEUTRAL,+1 POSITIVE,наличие положительных оценочных признаков,B-6,True,A,ADJ,2026-07-06,True
C0559,RUS-O_medium_01,Sentiment_label,— Понимаю...,— Понимаю...,+1 POSITIVE,0 NEUTRAL,+1 POSITIVE,выражение понимания и поддержки,B-16,True,A,ADJ,2026-07-06,True
C0560,RUS-O_medium_01,Sentiment_label,"Я тоже хотел быть полезным / — и вот, вожу экскурсии по городу, / — произнёс Автобус.","Я тоже хотел быть полезным — и вот, вожу экскурсии по городу, — произнёс Автобус.",+1 POSITIVE,0 NEUTRAL,+1 POSITIVE,"описание любимого дела, которое приносит пользу и радость",B-12,True,A,ADJ,2026-07-06,True
C0561,RUS-O_medium_01,Sentiment_label,"— Езжу только самыми красивыми маршрутами и слушаю экскурсовода, который рассказывает о старинных домах и их владельцах.","— Езжу только самыми красивыми маршрутами и слушаю экскурсовода, который рассказывает о старинных домах и их владельцах.",+1 POSITIVE,0 NEUTRAL,+1 POSITIVE,"описание любимого дела, которое приносит пользу и радость",B-12,True,A,ADJ,2026-07-06,True
C0562,RUS-O_medium_01,Sentiment_label,— А можно и мне так же?,— А можно и мне так же?,+1 POSITIVE,0 NEUTRAL,+1 POSITIVE,просьба о возможности присоединиться к полезному делу,B-7,True,A,ADJ,2026-07-06,True
C0563,RUS-O_medium_01,Sentiment_label,"— Нет, дружок.","— Нет, дружок.",-1 NEGATIVE,0 NEUTRAL,-1 NEGATIVE,"отказ, мешающий исполнению желания",B-4,False,A,ADJ,2026-07-06,True
C0564,RUS-O_medium_01,Sentiment_label,"Для этого нужно быть большим, а ты слишком мал! / — сказал Автобус.","Для этого нужно быть большим, а ты слишком мал! — сказал Автобус.",-1 NEGATIVE,0 NEUTRAL,-1 NEGATIVE,"отказ, мешающий исполнению желания",B-4,False,A,ADJ,2026-07-06,True
C0565,RUS-O_medium_02,NER_missed_by_B,машины,,PER_ROLE,,PER_ROLE,"существительное, обозначающее класс объектов (по аналогии с животными)",A-3,False,A,ADJ,2026-07-06,True
C0566,RUS-O_medium_02,NER_missed_by_B,корабли,,PER_ROLE,,PER_ROLE,"существительное, обозначающее класс объектов (по аналогии с животными)",A-3,False,A,ADJ,2026-07-06,True
C0567,RUS-O_medium_02,NER_missed_by_B,самолёты,,PER_ROLE,,PER_ROLE,"существительное, обозначающее класс объектов (по аналогии с животными)",A-3,False,A,ADJ,2026-07-06,True
C0568,RUS-O_medium_02,NER_missed_by_B,воспитателей,,PER_ROLE,,PER_ROLE,"слова, обозначающие профессиональные роли",A-11,True,A,ADJ,2026-07-06,True
C0569,RUS-O_medium_02,NER_missed_by_B,самолёт,,PER_ROLE,,PER_ROLE,"слова, обозначающие категории транспортных средств без уникальных имён (по аналогии с животными)",A-3,False,A,ADJ,2026-07-06,True
C0570,RUS-O_medium_02,NER_missed_by_B,ученике,,PER_ROLE,,PER_ROLE,"слова, обозначающие социальные роли и статусы",A-11,True,A,ADJ,2026-07-06,True
C0571,RUS-O_medium_02,NER_missed_by_A,,большой,,PER_ROLE,оставить А,недостаточная разметка (прилагательное размечено без существительного,A-8,False,A,ADJ,2026-07-06,True
C0572,RUS-O_medium_02,NER_missed_by_A,,рыжим,,PER_ROLE,оставить А,недостаточная разметка (прилагательное размечено без существительного,A-8,False,A,ADJ,2026-07-06,True
C0573,RUS-O_medium_02,NER_missed_by_A,,Кораблики,,PER_ROLE,PER_ROLE,обобщённое название категории/типа (по аналогии с животными),A-3,False,B,ADJ,2026-07-06,True
C0574,RUS-O_medium_02,NER_missed_by_A,,Самолётики,,PER_ROLE,PER_ROLE,обобщённое название категории/типа (по аналогии с животными),A-3,False,B,ADJ,2026-07-06,True
C0575,RUS-O_medium_02,NER_missed_by_A,,красный,,PER_ROLE,оставить А,недостаточная разметка (размечено без существительного),A-8,False,A,ADJ,2026-07-06,True
C0576,RUS-O_medium_02,NER_missed_by_A,,маленьких,,PER_ROLE,оставить А,недостаточная разметка (размечено без существительного),A-8,False,A,ADJ,2026-07-06,True
C0577,RUS-O_medium_02,NER_missed_by_A,,Корабликов,,PER_ROLE,PER_ROLE,обобщённое название категории/типа (по аналогии с животными),A-3,False,B,ADJ,2026-07-06,True
C0578,RUS-O_medium_02,Sentiment_label,На берегу моря стоял необыкновенный завод.,На берегу моря стоял необыкновенный завод.,+1 POSITIVE,0 NEUTRAL,+1 POSITIVE,наличие положительных оценочных признаков,B-6,True,A,ADJ,2026-07-06,True
C0579,RUS-O_medium_02,Sentiment_label,Каждые месяц к нему приплывал большой Кораблик с весёлым рыжим Капитаном.,Каждые месяц к нему приплывал большой Кораблик с весёлым рыжим Капитаном.,+1 POSITIVE,0 NEUTRAL,+1 POSITIVE,наличие положительных оценочных признаков,B-6,True,A,ADJ,2026-07-06,True
C0580,RUS-O_medium_02,Sentiment_label,"Капитан спускался на берег, и ему выдали необыкновенный груз.","Капитан спускался на берег, и ему выдали необыкновенный груз.",+1 POSITIVE,0 NEUTRAL,+1 POSITIVE,наличие положительных оценочных признаков,B-6,True,A,ADJ,2026-07-06,True
C0581,RUS-O_medium_02,Sentiment_label,Это были малыши Кораблики и карапузы Самолётики.,Это были малыши Кораблики и карапузы Самолётики.,+1 POSITIVE,0 NEUTRAL,+1 POSITIVE,наличие положительных образов,B-6,True,A,ADJ,2026-07-06,True
C0582,RUS-O_medium_02,Sentiment_label,"Как раз для таких маленьких Самолётиков, Машинок и Корабликов.","Как раз для таких маленьких Самолётиков, Машинок и Корабликов.",+1 POSITIVE,0 NEUTRAL,+1 POSITIVE,наличие положительных образов (специально созданное место для малышей),B-6,True,A,ADJ,2026-07-06,True
C0583,RUS-O_medium_02,Sentiment_label,"В этом детском саду они играли, отдыхали и понемножку учились ездить, плавать и летать, чтобы вырасти и хорошо всё это уметь делать.","В этом детском саду они играли, отдыхали и понемножку учились ездить, плавать и летать, чтобы вырасти и хорошо всё это уметь делать.",+1 POSITIVE,0 NEUTRAL,+1 POSITIVE,наличие положительных образов (специально созданное место для малышей),B-6,True,A,ADJ,2026-07-06,True
C0584,RUS-O_medium_02,Sentiment_label,"Как настоящие большие машины, корабли и самолёты.","Как настоящие большие машины, корабли и самолёты.",+1 POSITIVE,0 NEUTRAL,+1 POSITIVE,описание стремления к росту и развитию как позитивной цели,B-12,True,A,ADJ,2026-07-06,True
C0585,RUS-O_medium_02,Sentiment_label,"Лётчик сдал малышей, собрался уже обратно лететь, но тут один из воспитателей сказал ему: / - Мы тут посчитали: одного Кораблика не хватает!","Лётчик сдал малышей, собрался уже обратно лететь, но тут один из воспитателей сказал ему:
- Мы тут посчитали: одного Кораблика не хватает!",0 NEUTRAL,-1 NEGATIVE,-1 NEGATIVE,описание пропажи или недостачи,B-14,True,B,ADJ,2026-07-06,True
C0586,RUS-O_medium_02,Sentiment_label,"Утром, ни свет ни заря, Лётчик посадил Кораблик в свой самолёт и поспешил в детский сад.","Утром, ни свет ни заря, Лётчик посадил Кораблик в свой самолёт и поспешил в детский сад.",+1 POSITIVE,0 NEUTRAL,+1 POSITIVE,"описание энергичного, радостного действия, направленного на помощь другому",B-12,True,A,ADJ,2026-07-06,True
C0587,RUS-O_medium_02,Sentiment_label,"Лётчик вздохнул, вытер его и завернул в пушистое полотенце","Лётчик вздохнул, вытер его и завернул в пушистое полотенце.",-1 NEGATIVE,0 NEUTRAL,-1 NEGATIVE,проблема сохраняется без позитивного решения,B-4,False,A,ADJ,2026-07-06,True
C0588,RUS-O_medium_02,Sentiment_label,Что же делать?,Что же делать?,0 NEUTRAL,-1 NEGATIVE,-1 NEGATIVE,негатив без разрешения,B-4,False,B,ADJ,2026-07-06,True
C0589,RUS-O_medium_02,Sentiment_label,Полетели они вдвоём домой,Полетели они вдвоём домой.,0 NEUTRAL,+1 POSITIVE,+1 POSITIVE,совместный путь как символ единства и тепла,B-7,True,B,ADJ,2026-07-06,True
C0590,RUS-O_medium_02,Sentiment_label,Дома Лётчик первым делом приделал Кораблику маленькие деревянные крылышки,Дома Лётчик первым делом приделал Кораблику маленькие деревянные крылышки.,+1 POSITIVE,0 NEUTRAL,+1 POSITIVE,заботливое действие по улучшению жизни другого персонажа,B-7,True,A,ADJ,2026-07-06,True
C0591,RUS-O_medium_02,Sentiment_label,"Прибил аккуратно гвоздиками, красной краской покрасил для красоты, и начал учить малыша летать","Прибил аккуратно гвоздиками, красной краской покрасил для красоты, и начал учить малыша летать.",+1 POSITIVE,0 NEUTRAL,+1 POSITIVE,заботливое действие по улучшению жизни другого персонажа,B-7,True,A,ADJ,2026-07-06,True
C0592,RUS-O_medium_02,Sentiment_label,По вечерам Лётчик и Кораблик смотрели по телевизору фильмы и передачи про знаменитых капитанов и отважных лётчиков,По вечерам Лётчик и Кораблик смотрели по телевизору фильмы и передачи про знаменитых капитанов и отважных лётчиков.,+1 POSITIVE,0 NEUTRAL,+1 POSITIVE,описание уютного совместного занятия,B-12,True,A,ADJ,2026-07-06,True
C0593,RUS-O_medium_02,Sentiment_label,"И вот наступил день, когда Кораблик вырос и стал большим Кораблём.","И вот наступил день, когда Кораблик вырос и стал большим Кораблём.",+1 POSITIVE,0 NEUTRAL,+1 POSITIVE,"описание роста, развития и достижения цели как позитивного события",B-12,True,A,ADJ,2026-07-06,True
C0594,RUS-O_medium_02,Sentiment_label,"Крылья у него теперь тоже были большие, стальные, с мощными винтами — как у настоящего Самолёта.","Крылья у него теперь тоже были большие, стальные, с мощными винтами — как у настоящего Самолёта.",+1 POSITIVE,0 NEUTRAL,+1 POSITIVE,"описание роста, развития и достижения цели как позитивного события",B-12,True,A,ADJ,2026-07-06,True
C0595,RUS-O_medium_03,NER_label,Папа,Папа,PER_ROLE,PER_FAMILY,PER_FAMILY,"обычное слово родства, а не уникальное авторское имя",A-4,False,B,ADJ,2026-07-06,True
C0596,RUS-O_medium_03,NER_missed_by_B,шарика,,PER_ROLE,,оставить В,не является сущностью,A-10,True,B,ADJ,2026-07-06,True
C0597,RUS-O_medium_03,NER_missed_by_A,,шарик,,PER_ROLE,оставить А,сущности — это только именованные категории,A-10,True,A,ADJ,2026-07-06,True
C0598,RUS-O_medium_03,NER_missed_by_A,,друг,,PER_ROLE,PER_ROLE,"слова, обозначающие устойчивые социальные отношения персонажей",A-9,True,B,ADJ,2026-07-06,True
C0599,RUS-O_medium_03,NER_missed_by_A,,шарик,,PER_ROLE,оставить А,сущности — это только именованные категории,A-10,True,A,ADJ,2026-07-06,True
C0600,RUS-O_medium_03,NER_missed_by_A,,шарик,,PER_ROLE,PER_ROLE,"становится сущностью, главный герой делает его живым персонажем, участником, недостаточная разметка без прилагательного",A-7,False,B,ADJ,2026-07-06,True
C0601,RUS-O_medium_03,NER_missed_by_A,,шариком,,PER_ROLE,PER_ROLE,"становится сущностью, главный герой делает его живым персонажем, участником, недостаточная разметка без прилагательного",A-7,False,B,ADJ,2026-07-06,True
C0602,RUS-O_medium_03,NER_missed_by_A,,друг,,PER_ROLE,PER_ROLE,"слова, обозначающие устойчивые социальные отношения персонажей",A-9,True,B,ADJ,2026-07-06,True
C0603,RUS-O_medium_03,NER_missed_by_A,,шарик,,PER_ROLE,PER_ROLE,"становится полноценным персонажем, недостаточная разметка без прилагательного",A-7,False,B,ADJ,2026-07-06,True
C0604,RUS-O_medium_03,NER_missed_by_A,,шарик,,PER_ROLE,PER_ROLE,становится полноценным персонажем,A-7,False,B,ADJ,2026-07-06,True
C0605,RUS-O_medium_03,NER_missed_by_A,,шарик,,PER_ROLE,PER_ROLE,становится полноценным персонажем,A-7,False,B,ADJ,2026-07-06,True
C0606,RUS-O_medium_03,NER_missed_by_A,,шарик,,PER_ROLE,PER_ROLE,"становится полноценным персонажем, недостаточная разметка без прилагательного",A-7,False,B,ADJ,2026-07-06,True
C0607,RUS-O_medium_03,NER_missed_by_A,,друзей,,PER_ROLE,PER_ROLE,"слова, обозначающие устойчивые социальные отношения персонажей",A-9,True,B,ADJ,2026-07-06,True
C0608,RUS-O_medium_03,NER_missed_by_A,,шарик,,PER_ROLE,PER_ROLE,"становится полноценным персонажем, недостаточная разметка без прилагательного",A-7,False,B,ADJ,2026-07-06,True
C0609,RUS-O_medium_03,NER_missed_by_A,,другом,,PER_ROLE,PER_ROLE,"слова, обозначающие устойчивые социальные отношения персонажей",A-9,True,B,ADJ,2026-07-06,True
C0610,RUS-O_medium_03,NER_missed_by_A,,другом,,PER_ROLE,PER_ROLE,"слова, обозначающие устойчивые социальные отношения персонажей",A-9,True,B,ADJ,2026-07-06,True
C0611,RUS-O_medium_03,Sentiment_label,"Принц Филипп очень любил гулять, играть, кататься на лошадях и прыгать на батуте.","Принц Филипп очень любил гулять, играть, кататься на лошадях и прыгать на батуте.",+1 POSITIVE,0 NEUTRAL,+1 POSITIVE,"высказывания, описывающие любимое занятие, привычку или место персонажа",B-12,True,A,ADJ,2026-07-06,True
C0612,RUS-O_medium_03,Sentiment_label,Но больше всего он любил заводить новых друзей.,Но больше всего он любил заводить новых друзей.,+1 POSITIVE,0 NEUTRAL,+1 POSITIVE,"высказывания, описывающие любимое занятие, привычку или место персонажа",B-12,True,A,ADJ,2026-07-06,True
C0613,RUS-O_medium_03,Sentiment_label,Вдруг что-то интересное привлекло его внимание.,Вдруг что-то интересное привлекло его внимание.,+1 POSITIVE,0 NEUTRAL,+1 POSITIVE,описание любопытства и увлечённости как позитивного состояния,B-12,True,A,ADJ,2026-07-06,True
C0614,RUS-O_medium_03,Sentiment_label,"В ветках деревьев Филипп заметил воздушный шарик — ярко-оранжевый, большой и очень красивый.","В ветках деревьев Филипп заметил воздушный шарик — ярко-оранжевый, большой и очень красивый.",+1 POSITIVE,0 NEUTRAL,+1 POSITIVE,"наличие положительных оценочных признаков («красивый», «яркий»)",B-6,True,A,ADJ,2026-07-06,True
C0615,RUS-O_medium_03,Sentiment_label,Принцу Филиппу сильно-сильно захотелось его достать.,Принцу Филиппу сильно-сильно захотелось его достать.,+1 POSITIVE,0 NEUTRAL,+1 POSITIVE,описание сильного желания получить что-то красивое и интересное как позитивной эмоции,B-12,True,A,ADJ,2026-07-06,True
C0616,RUS-O_medium_03,Sentiment_label,"Он добрался до шарика, осторожно протянул к нему руку — и… / Получилось!","Он добрался до шарика, осторожно протянул к нему руку — и…
Получилось!",0 NEUTRAL,+1 POSITIVE,+1 POSITIVE,восклицание с явным маркером радости,B-2,False,B,ADJ,2026-07-06,True
C0617,RUS-O_medium_03,Sentiment_label,Принц аккуратно освободил шарик из окружения веток и спустился вместе с ним к папе на руки.,Принц аккуратно освободил шарик из окружения веток и спустился вместе с ним к папе на руки.,0 NEUTRAL,+1 POSITIVE,+1 POSITIVE,заботливое действие по отношению к другому,B-7,True,B,ADJ,2026-07-06,True
C0618,RUS-O_medium_03,Sentiment_label,— Как же мы его назовём? / — спросил папа.,— Как же мы его назовём? — спросил папа.,0 NEUTRAL,+1 POSITIVE,+1 POSITIVE,участие в игре и радость,B-7,True,B,ADJ,2026-07-06,True
C0619,RUS-O_medium_03,Sentiment_label,"Вместе они играли, гуляли, ходили на занятия, катались на трамвае и даже ужинали.","Вместе они играли, гуляли, ходили на занятия, катались на трамвае и даже ужинали.",+1 POSITIVE,0 NEUTRAL,+1 POSITIVE,совместная жизнь как форма близости,B-7,True,A,ADJ,2026-07-06,True
C0620,RUS-O_medium_03,Sentiment_label,"Филипп следил, чтобы рядом не было острых предметов, ведь из-за них шарик мог лопнуть.","Филипп следил, чтобы рядом не было острых предметов, ведь из-за них шарик мог лопнуть.",-1 NEGATIVE,0 NEUTRAL,-1 NEGATIVE,описание опасности и необходимости предотвращать её,B-18,True,A,ADJ,2026-07-06,True
C0621,RUS-O_medium_03,Sentiment_label,«Ничего он не лопнет! / — возразил Филипп.,«Ничего он не лопнет! — возразил Филипп.,-1 NEGATIVE,+1 POSITIVE,+1 POSITIVE,уверенное утверждение в защиту друга,B-16,True,B,ADJ,2026-07-06,True
C0622,RUS-O_medium_03,Sentiment_label,— Он же мой друг!»,— Он же мой друг!»,0 NEUTRAL,+1 POSITIVE,+1 POSITIVE,защита друга,B-16,True,B,ADJ,2026-07-06,True
C0623,RUS-O_medium_03,Sentiment_label,Сначала это было очень весело: шарик летел по ветру и весело подскакивал.,Сначала это было очень весело: шарик летел по ветру и весело подскакивал.,+1 POSITIVE,0 NEUTRAL,+1 POSITIVE,наличие положительных оценочных признаков,B-6,True,A,ADJ,2026-07-06,True
C0624,RUS-O_medium_03,Sentiment_label,Сначала Филипп не поверил своим глазам.,Сначала Филипп не поверил своим глазам.,0 NEUTRAL,-1 NEGATIVE,-1 NEGATIVE,описание реакции шока и неверия на негативное событие,B-17,True,B,ADJ,2026-07-06,True
C0625,RUS-O_medium_03,Sentiment_label,Он просто решил отдохнуть!,Он просто решил отдохнуть!,0 NEUTRAL,-1 NEGATIVE,-1 NEGATIVE,попытка отрицания реальности после утраты,B-4,False,B,ADJ,2026-07-06,True
C0626,RUS-O_medium_03,Sentiment_label,"Потом Филипп подумал, что можно всё исправить.","Потом Филипп подумал, что можно всё исправить.",0 NEUTRAL,+1 POSITIVE,+1 POSITIVE,"Действия персонажа, направленные на помощь, заботу или поддержку других",B-10,True,B,ADJ,2026-07-06,True
C0627,RUS-O_medium_03,Sentiment_label,Пойдём в магазин и купим суперклей!,Пойдём в магазин и купим суперклей!,0 NEUTRAL,+1 POSITIVE,+1 POSITIVE,"Действия персонажа, направленные на помощь, заботу или поддержку других",B-10,True,B,ADJ,2026-07-06,True
C0628,RUS-O_medium_03,Sentiment_label,"— Малыш, я тебя понимаю.","— Малыш, я тебя понимаю.",0 NEUTRAL,+1 POSITIVE,+1 POSITIVE,"реплика, выражающая поддержку, понимание и утешение",B-16,True,B,ADJ,2026-07-06,True
C0629,RUS-O_medium_03,Sentiment_label,Ты его очень любил.,Ты его очень любил.,-1 NEGATIVE,+1 POSITIVE,-1 NEGATIVE,признание утраты любимого объекта,B-14,True,A,ADJ,2026-07-06,True
C0630,RUS-O_medium_03,Sentiment_label,Папа обнимал Филиппа и гладил по голове.,Папа обнимал Филиппа и гладил по голове.,0 NEUTRAL,+1 POSITIVE,+1 POSITIVE,"физические проявления заботы (объятия, поглаживания) как форма поддержки",B-7,True,B,ADJ,2026-07-06,True
C0631,RUS-O_medium_03,Sentiment_label,Как будто что-то в нём изменилось,Как будто что-то в нём изменилось.,0 NEUTRAL,+1 POSITIVE,+1 POSITIVE,"реплики, направленные на расширение перспективы персонажа",B-19,True,B,ADJ,2026-07-06,True
C0632,RUS-O_medium_03,Sentiment_label,"Им нравилось смотреть, как солнце опускается всё ниже и ниже, а небо медленно темнеет.","Им нравилось смотреть, как солнце опускается всё ниже и ниже, а небо медленно темнеет.",+1 POSITIVE,0 NEUTRAL,+1 POSITIVE,"описание того, что нравится делать персонажам",B-12,True,A,ADJ,2026-07-06,True
C0633,RUS-O_medium_03,Sentiment_label,"А через несколько дней на площадку, где часто играл принц Филипп, пришёл новый мальчик.","А через несколько дней на площадку, где часто играл принц Филипп, пришёл новый мальчик.",+1 POSITIVE,0 NEUTRAL,+1 POSITIVE,новые возможности и встречи как позитивное событие,B-12,True,A,ADJ,2026-07-06,True
C0634,RUS-O_medium_03,Sentiment_label,"Он оказался весёлым, добрым и любознательным, и они с Филиппом подружились.","Он оказался весёлым, добрым и любознательным, и они с Филиппом подружились.",+1 POSITIVE,0 NEUTRAL,+1 POSITIVE,новая дружба как позитивное событие,B-7,True,A,ADJ,2026-07-06,True
C0635,RUS-O_medium_04,NER_label,бабушки,бабушки,PER_ROLE,PER_FAMILY,PER_FAMILY,стандартное слово родства,A-5,False,B,ADJ,2026-07-06,True
C0636,RUS-O_medium_04,NER_label,Маша,Маша,PER_FAMILY,PER_NAME,PER_NAME,,A-4,False,B,ADJ,2026-07-06,True
C0637,RUS-O_medium_04,NER_label,Мамино,Мамино,PER_ROLE,PER_FAMILY,PER_FAMILY,стандартное слово родства,A-5,False,B,ADJ,2026-07-06,True
C0638,RUS-O_medium_04,NER_missed_by_B,малыша,,PER_FAMILY,,PER_ROLE,"слова, обозначающие возрастные/социальные роли",A-11,True,neither,ADJ,2026-07-06,True
C0639,RUS-O_medium_04,NER_missed_by_B,Силач,,PER_ROLE,,PER_ROLE,"слова, обозначающие социальные роли и статусы",A-11,True,A,ADJ,2026-07-06,True
C0640,RUS-O_medium_04,NER_missed_by_B,Силачок,,PER_ROLE,,PER_ROLE,"слова, обозначающие социальные роли и статусы",A-11,True,A,ADJ,2026-07-06,True
C0641,RUS-O_medium_04,NER_missed_by_B,кошки,,PER_ROLE,,PER_ROLE,животные как общий вид или категория,A-3,False,A,ADJ,2026-07-06,True
C0642,RUS-O_medium_04,NER_missed_by_B,жеребёночка,,PER_ROLE,,PER_ROLE,животные как общий вид или категория,A-3,False,A,ADJ,2026-07-06,True
C0643,RUS-O_medium_04,NER_missed_by_B,овец,,PER_ROLE,,PER_ROLE,животные как общий вид или категория,A-3,False,A,ADJ,2026-07-06,True
C0644,RUS-O_medium_04,NER_missed_by_B,овец,,PER_ROLE,,PER_ROLE,животные как общий вид или категория,A-3,False,A,ADJ,2026-07-06,True
C0645,RUS-O_medium_04,NER_missed_by_B,овечка,,PER_ROLE,,PER_ROLE,животные как общий вид или категория,A-3,False,A,ADJ,2026-07-06,True
C0646,RUS-O_medium_04,NER_missed_by_B,овечка,,PER_ROLE,,PER_ROLE,животные как общий вид или категория,A-3,False,A,ADJ,2026-07-06,True
C0647,RUS-O_medium_04,NER_missed_by_A,,Мама,,PER_FAMILY,PER_FAMILY,стандартный термин родства,A-5,False,B,ADJ,2026-07-06,True
C0648,RUS-O_medium_04,NER_missed_by_A,,петушках,,PER_ROLE,PER_ROLE,"существительное, обозначающее класс животных",A-3,False,B,ADJ,2026-07-06,True
C0649,RUS-O_medium_04,NER_missed_by_A,,кочета,,PER_ROLE,PER_ROLE,"существительное, обозначающее класс животных",A-3,False,B,ADJ,2026-07-06,True
C0650,RUS-O_medium_04,NER_missed_by_A,,Кочета,,PER_ROLE,PER_ROLE,"существительное, обозначающее класс животных",A-3,False,B,ADJ,2026-07-06,True
C0651,RUS-O_medium_04,NER_missed_by_A,,кочета,,PER_ROLE,PER_ROLE,"существительное, обозначающее класс животных",A-3,False,B,ADJ,2026-07-06,True
C0652,RUS-O_medium_04,NER_missed_by_A,,Настенька,,PER_NAME,PER_NAME,"имена собственные, включая уменьшительные и ласкательные формы",A-1,False,B,ADJ,2026-07-06,True
C0653,RUS-O_medium_04,NER_missed_by_A,,Настенька,,PER_NAME,PER_NAME,"имена собственные, включая уменьшительные и ласкательные формы",A-1,False,B,ADJ,2026-07-06,True
C0654,RUS-O_medium_04,NER_missed_by_A,,Человечек-крошка,,PER_ROLE,PER_ROLE,"слова, обозначающие возрастные/социальные роли",A-11,True,B,ADJ,2026-07-06,True
C0655,RUS-O_medium_04,NER_missed_by_A,,маленький,,PER_ROLE,оставить А,"недостаточная разметка, однословное прилагательное без существительного",A-8,False,A,ADJ,2026-07-06,True
C0656,RUS-O_medium_04,NER_missed_by_A,,месяц,,PER_ROLE,PER_ROLE,персонифицированные объекты природы без уникальных имён,A-3,False,B,ADJ,2026-07-06,True
C0657,RUS-O_medium_04,NER_missed_by_A,,месяц,,PER_ROLE,PER_ROLE,персонифицированные объекты природы без уникальных имён,A-3,False,B,ADJ,2026-07-06,True
C0658,RUS-O_medium_04,NER_missed_by_A,,окунь,,PER_ROLE,PER_NAME,персонифицированные объекты природы без уникальных имён,A-3,False,B,ADJ,2026-07-06,True
C0659,RUS-O_medium_04,NER_missed_by_A,,месяц,,PER_ROLE,PER_ROLE,персонифицированные объекты природы без уникальных имён,A-3,False,B,ADJ,2026-07-06,True
C0660,RUS-O_medium_04,NER_missed_by_A,,окуню,,PER_ROLE,PER_ROLE,персонифицированные объекты природы без уникальных имён,A-3,False,B,ADJ,2026-07-06,True
C0661,RUS-O_medium_04,NER_missed_by_A,,Малых,,PER_FAMILY,оставить А,"однословное прилагательное без существительного, недостаточная разметка",A-8,False,A,ADJ,2026-07-06,True
C0662,RUS-O_medium_04,Sentiment_label,Я ребёнка родила,Я ребёнка родила.,+1 POSITIVE,0 NEUTRAL,+1 POSITIVE,рождение ребёнка как радостное событие,B-7,True,A,ADJ,2026-07-06,True
C0663,RUS-O_medium_04,Sentiment_label,Взаимность.,Взаимность.,+1 POSITIVE,0 NEUTRAL,+1 POSITIVE,рождение ребёнка как радостное событие,B-7,True,A,ADJ,2026-07-06,True
C0664,RUS-O_medium_04,Sentiment_label,Оставайся навсегда,Оставайся навсегда.,+1 POSITIVE,0 NEUTRAL,+1 POSITIVE,"выражение желания, чтобы близкий человек остался рядом",B-7,True,A,ADJ,2026-07-06,True
C0665,RUS-O_medium_04,Sentiment_label,Очень занят.,Очень занят.,-1 NEGATIVE,0 NEUTRAL,0 NEUTRAL,слабо выраженная эмоция без драматизации,B-24,True,B,ADJ,2026-07-06,True
C0666,RUS-O_medium_04,Sentiment_label,"Встаньте в очередь, родня, и любуйтесь на меня.","Встаньте в очередь, родня, и любуйтесь на меня.",+1 POSITIVE,0 NEUTRAL,+1 POSITIVE,выражение радости и игривости,B-7,True,A,ADJ,2026-07-06,True
C0667,RUS-O_medium_04,Sentiment_label,Скоро всё получится.,Скоро всё получится.,0 NEUTRAL,+1 POSITIVE,+1 POSITIVE,"ободряющее утверждение, поддерживающее другого",B-16,True,B,ADJ,2026-07-06,True
C0668,RUS-O_medium_04,Sentiment_label,"Не грусти, не грусти.","Не грусти, не грусти.",-1 NEGATIVE,+1 POSITIVE,+1 POSITIVE,"Действия персонажа, направленные на помощь, заботу или поддержку других",B-10,True,B,ADJ,2026-07-06,True
C0669,RUS-O_medium_04,Sentiment_label,Надо малость подрасти,Надо малость подрасти.,0 NEUTRAL,+1 POSITIVE,+1 POSITIVE,"Действия персонажа, направленные на помощь, заботу или поддержку других",B-10,True,B,ADJ,2026-07-06,True
C0670,RUS-O_medium_04,Sentiment_label,Как у бабушки рука Превратилась в гусака.,Как у бабушки рука Превратилась в гусака.,+1 POSITIVE,0 NEUTRAL,+1 POSITIVE,наличие положительных игровых образов,B-6,True,A,ADJ,2026-07-06,True
C0671,RUS-O_medium_04,Sentiment_label,"Человечек-крошка, Подожди немножко.","Человечек-крошка, Подожди немножко.",0 NEUTRAL,+1 POSITIVE,+1 POSITIVE,"Действия персонажа, направленные на помощь, заботу или поддержку других",B-10,True,B,ADJ,2026-07-06,True
C0672,RUS-O_medium_04,Sentiment_label,Не реви.,Не реви.,-1 NEGATIVE,+1 POSITIVE,+1 POSITIVE,"Действия персонажа, направленные на помощь, заботу или поддержку других",B-10,True,B,ADJ,2026-07-06,True
C0673,RUS-O_medium_04,Sentiment_label,Да зовите папочку.,Да зовите папочку.,+1 POSITIVE,0 NEUTRAL,+1 POSITIVE,призыв позвать папу для проявления нежности,B-7,True,A,ADJ,2026-07-06,True
C0674,RUS-O_medium_04,Sentiment_label,Возмущение,Возмущение.,0 NEUTRAL,-1 NEGATIVE,-1 NEGATIVE,прямое называние негативной эмоции,B-17,True,B,ADJ,2026-07-06,True
C0675,RUS-O_medium_04,Sentiment_label,Облака хороши.,Облака хороши.,+1 POSITIVE,0 NEUTRAL,+1 POSITIVE,наличие положительных оценочных признаков,B-6,True,A,ADJ,2026-07-06,True
C0676,RUS-O_medium_04,Sentiment_label,У сыночка клопика,У сыночка клопика.,-1 NEGATIVE,0 NEUTRAL,-1 NEGATIVE,описание холода и дискомфорта,B-18,True,A,ADJ,2026-07-06,True
C0677,RUS-O_medium_04,Sentiment_label,Надо попику одеть.,Надо попику одеть.,-1 NEGATIVE,+1 POSITIVE,-1 NEGATIVE,описание холода и необходимости его устранить,B-18,True,A,ADJ,2026-07-06,True
C0678,RUS-O_medium_04,Sentiment_label,Хватит бедной холодеть.,Хватит бедной холодеть.,-1 NEGATIVE,+1 POSITIVE,-1 NEGATIVE,негатив без разрешения,B-4,False,A,ADJ,2026-07-06,True
C0679,RUS-O_medium_04,Sentiment_label,Пляшем,Пляшем.,+1 POSITIVE,0 NEUTRAL,+1 POSITIVE,восклицание с явным маркером радости,B-2,False,A,ADJ,2026-07-06,True
C0680,RUS-O_medium_04,Sentiment_label,Маша пляшет,Маша пляшет.,0 NEUTRAL,+1 POSITIVE,+1 POSITIVE,пляска/танец как проявление радости,B-12,True,B,ADJ,2026-07-06,True
C0681,RUS-O_medium_04,Sentiment_label,Ай-тари-тари-та-та.,Ай-тари-тари-та-та.,0 NEUTRAL,+1 POSITIVE,+1 POSITIVE,восклицание с явным маркером радости,B-2,False,B,ADJ,2026-07-06,True
C0682,RUS-O_medium_04,Sentiment_label,А мы им - брысь.,А мы им - брысь.,0 NEUTRAL,+1 POSITIVE,+1 POSITIVE,игровое взаимодействие с персонажами потешки,B-12,True,B,ADJ,2026-07-06,True
C0683,RUS-O_medium_04,Sentiment_label,"А ну, не дерись","А ну, не дерись.",-1 NEGATIVE,+1 POSITIVE,+1 POSITIVE,"Действия персонажа, направленные на помощь, заботу или поддержку других",B-10,True,B,ADJ,2026-07-06,True
C0684,RUS-O_medium_04,Sentiment_label,"Не деритесь, кочета.","Не деритесь, кочета.",-1 NEGATIVE,+1 POSITIVE,+1 POSITIVE,"Действия персонажа, направленные на помощь, заботу или поддержку других",B-10,True,B,ADJ,2026-07-06,True
C0685,RUS-O_medium_04,Sentiment_label,Ай-тари-тари-та-та,Ай-тари-тари-та-та.,0 NEUTRAL,+1 POSITIVE,+1 POSITIVE,восклицание с явным маркером радости,B-2,False,B,ADJ,2026-07-06,True
C0686,RUS-O_medium_04,Sentiment_label,Мы сладенца,Мы сладенца.,+1 POSITIVE,0 NEUTRAL,+1 POSITIVE,ласковое обращение к ребёнку как проявление любви и нежности,+1 POSITIVE,True,A,ADJ,2026-07-06,True
C0687,RUS-O_medium_04,Sentiment_label,"И положим, не дыша, в чистую кроватку.","И положим, не дыша, в чистую кроватку.",+1 POSITIVE,0 NEUTRAL,+1 POSITIVE,,,False,A,ADJ,2026-07-06,True
C0688,RUS-O_medium_04,Sentiment_label,"Спи, сладенец","Спи, сладенец.",+1 POSITIVE,0 NEUTRAL,+1 POSITIVE,забота и доброе пожелание,B-16,True,A,ADJ,2026-07-06,True
C0689,RUS-O_medium_04,Sentiment_label,Ох.,Ох.,+1 POSITIVE,-1 NEGATIVE,-1 NEGATIVE,негативная эмоция без позитивного разрешения,B-4,False,B,ADJ,2026-07-06,True
C0690,RUS-O_medium_04,Sentiment_label,Ох уж наша Настенька.,Ох уж наша Настенька.,0 NEUTRAL,-1 NEGATIVE,-1 NEGATIVE,негативная эмоция без позитивного разрешения,B-4,False,B,ADJ,2026-07-06,True
C0691,RUS-O_medium_04,Sentiment_label,"Ну, конечно.","Ну, конечно.",+1 POSITIVE,0 NEUTRAL,+1 POSITIVE,общий вектор стихотворения — игровой и позитивный,B-3,False,A,ADJ,2026-07-06,True
C0692,RUS-O_medium_04,Sentiment_label,Вот она.,Вот она.,+1 POSITIVE,0 NEUTRAL,+1 POSITIVE,общий вектор стихотворения — игровой и позитивный,B-3,False,A,ADJ,2026-07-06,True
C0693,RUS-O_medium_04,Sentiment_label,Есть у нашей крошки Целых две ладошки.,Есть у нашей крошки Целых две ладошки.,+1 POSITIVE,0 NEUTRAL,+1 POSITIVE,игра с ребёнком,B-12,True,A,ADJ,2026-07-06,True
C0694,RUS-O_medium_04,Sentiment_label,Я уже не дурачок.,Я уже не дурачок.,-1 NEGATIVE,0 NEUTRAL,-1 NEGATIVE,косвенная вербализация негативного состояния,B-17,True,A,ADJ,2026-07-06,True
C0695,RUS-O_medium_04,Sentiment_label,Ешьте сами кабачок.,Ешьте сами кабачок.,-1 NEGATIVE,0 NEUTRAL,-1 NEGATIVE,капризный отказ без позитивного разрешения,B-4,False,A,ADJ,2026-07-06,True
C0696,RUS-O_medium_04,Sentiment_label,"Ой, агу, агу, агу.","Ой, агу, агу, агу.",0 NEUTRAL,-1 NEGATIVE,-1 NEGATIVE,капризное заявление об уходе/побеге без позитивного разрешения,B-4,False,B,ADJ,2026-07-06,True
C0697,RUS-O_medium_04,Sentiment_label,Повстречаю я козу,Повстречаю я козу.,0 NEUTRAL,-1 NEGATIVE,-1 NEGATIVE,описание встречи с агрессивным/опасным существом,B-18,True,B,ADJ,2026-07-06,True
C0698,RUS-O_medium_04,Sentiment_label,"Рыжую, рогатую, Старую, бодатую.","Рыжую, рогатую, Старую, бодатую.",0 NEUTRAL,-1 NEGATIVE,-1 NEGATIVE,"описание агрессивного существа (рогатая, бодатая)",B-18,True,B,ADJ,2026-07-06,True
C0699,RUS-O_medium_04,Sentiment_label,"У козы-то, ага, Золотые рога.","У козы-то, ага, Золотые рога.",0 NEUTRAL,-1 NEGATIVE,-1 NEGATIVE,итоговая эмоция определяется общим эмоциональным направлением,B-3,False,B,ADJ,2026-07-06,True
C0700,RUS-O_medium_04,Sentiment_label,Я козу прогоню.,Я козу прогоню.,-1 NEGATIVE,+1 POSITIVE,-1 NEGATIVE,действие по устранению опасности/угрозы в контексте страха,B-18,True,A,ADJ,2026-07-06,True
C0701,RUS-O_medium_04,Sentiment_label,Не пугай малышню.,Не пугай малышню.,-1 NEGATIVE,+1 POSITIVE,-1 NEGATIVE,"запрет, направленный на устранение источника страха",B-18,True,A,ADJ,2026-07-06,True
C0702,RUS-O_medium_04,Sentiment_label,"Здравствуй, деточка из сказки.","Здравствуй, деточка из сказки.",+1 POSITIVE,0 NEUTRAL,+1 POSITIVE,наличие положительных образов («из сказки»),B-6,True,A,ADJ,2026-07-06,True
C0703,RUS-O_medium_04,Sentiment_label,Мне не нужен больше суп,Мне не нужен больше суп.,-1 NEGATIVE,0 NEUTRAL,+1 POSITIVE,описание этапа взросления (первый зуб) как позитивного достижения,B-12,True,neither,ADJ,2026-07-06,True
C0704,RUS-O_medium_04,Sentiment_label,У меня же вырос зуб,У меня же вырос зуб.,+1 POSITIVE,0 NEUTRAL,+1 POSITIVE,описание этапа взросления (первый зуб) как позитивного достижения,B-12,True,A,ADJ,2026-07-06,True
C0705,RUS-O_medium_04,Sentiment_label,"Я кусаю и грызу Всё, что я найду внизу.","Я кусаю и грызу Всё, что я найду внизу.",+1 POSITIVE,0 NEUTRAL,+1 POSITIVE,освоение новых навыков как радостная игра,B-12,True,A,ADJ,2026-07-06,True
C0706,RUS-O_medium_04,Sentiment_label,Любовь,Любовь.,+1 POSITIVE,0 NEUTRAL,+1 POSITIVE,слово «любовь» как прямое выражение положительной эмоции,B-7,True,A,ADJ,2026-07-06,True
C0707,RUS-O_medium_04,Sentiment_label,И бутылочку свою Неохотно отдаю.,И бутылочку свою Неохотно отдаю.,-1 NEGATIVE,+1 POSITIVE,-1 NEGATIVE,прямое называние негативного состояния,B-17,True,A,ADJ,2026-07-06,True
C0708,RUS-O_medium_04,Sentiment_label,Ода маминой спине.,Ода маминой спине.,+1 POSITIVE,0 NEUTRAL,+1 POSITIVE,наличие положительных образов («ода» как прославление),B-6,True,A,ADJ,2026-07-06,True
C0709,RUS-O_medium_04,Sentiment_label,Хорошо везде ходить.,Хорошо везде ходить.,0 NEUTRAL,+1 POSITIVE,+1 POSITIVE,наличие положительного оценочного признака («хорошо»),B-6,True,B,ADJ,2026-07-06,True
C0710,RUS-O_medium_04,Sentiment_label,Страсть,Страсть.,+1 POSITIVE,0 NEUTRAL,+1 POSITIVE,выражение сильного желания как позитивной эмоции,B-12,True,A,ADJ,2026-07-06,True
C0711,RUS-O_medium_04,Sentiment_label,Лягу в лужу.,Лягу в лужу.,0 NEUTRAL,-1 NEGATIVE,-1 NEGATIVE,капризное заявление и демонстративное поведение без позитивного разрешения,B-4,True,B,ADJ,2026-07-06,True
C0712,RUS-O_medium_04,Sentiment_label,Усталость,Усталость.,-1 NEGATIVE,0 NEUTRAL,-1 NEGATIVE,прямое называние негативного состояния,B-17,True,A,ADJ,2026-07-06,True
C0713,RUS-O_medium_04,Sentiment_label,Мы идём издалека.,Мы идём издалека.,-1 NEGATIVE,0 NEUTRAL,-1 NEGATIVE,длинный путь как источник утомления,B-18,True,A,ADJ,2026-07-06,True
C0714,RUS-O_medium_04,Sentiment_label,Раз сердечко.,Раз сердечко.,+1 POSITIVE,0 NEUTRAL,+1 POSITIVE,упоминание «сердечка» как символа любви и нежности,B-7,True,A,ADJ,2026-07-06,True
C0715,RUS-O_medium_04,Sentiment_label,Два сердечко.,Два сердечко.,+1 POSITIVE,0 NEUTRAL,+1 POSITIVE,упоминание «сердечка» как символа любви и нежности,B-7,True,A,ADJ,2026-07-06,True
C0716,RUS-O_medium_04,Sentiment_label,Мой малыш леденец.,Мой малыш леденец.,+1 POSITIVE,0 NEUTRAL,+1 POSITIVE,ласковое обращение к ребёнку,B-7,True,A,ADJ,2026-07-06,True
C0717,RUS-O_medium_04,Sentiment_label,"Уплывает детка в сон, Как кораблик невесом.","Уплывает детка в сон, Как кораблик невесом.",0 NEUTRAL,+1 POSITIVE,+1 POSITIVE,"наличие положительных образов (сон, лёгкость, кораблик)",B-6,True,B,ADJ,2026-07-06,True
C0718,RUS-O_medium_04,Sentiment_label,"Уплывает по ручью В реку тихую, ничью.","Уплывает по ручью В реку тихую, ничью.",0 NEUTRAL,+1 POSITIVE,+1 POSITIVE,наличие положительных образов,B-6,True,B,ADJ,2026-07-06,True
C0719,RUS-O_medium_04,Sentiment_label,"А под тёмной, под водой Ходит окунь с бородой.","А под тёмной, под водой Ходит окунь с бородой.",-1 NEGATIVE,0 NEUTRAL,0 NEUTRAL,слабо выраженная эмоция без драматизации,B-24,True,B,ADJ,2026-07-06,True
C0720,RUS-O_medium_04,Sentiment_label,"Ой, да люли-разлюли, Будет кушать кисели Мой немного небольшой, Обладающий душой.","Ой, да люли-разлюли, Будет кушать кисели Мой немного небольшой, Обладающий душой.",0 NEUTRAL,+1 POSITIVE,+1 POSITIVE,наличие положительных оценочных признаков и уютных образов,B-6,True,B,ADJ,2026-07-06,True
C0721,RUS-O_medium_05,NER_label,дети,дети,PER_ROLE,PER_FAMILY,PER_ROLE,слово используется обобщённо,A-5,False,A,ADJ,2026-07-06,True
C0722,RUS-O_medium_05,NER_missed_by_B,мышку,,PER_ROLE,,PER_ROLE,животные как общий вид или категория,A-3,False,A,ADJ,2026-07-06,True
C0723,RUS-O_medium_05,NER_missed_by_A,,гномом,,PER_ROLE,PER_ROLE,существа из фольклора/мифологии без уникальных имён,A-3,False,B,ADJ,2026-07-06,True
C0724,RUS-O_medium_05,NER_missed_by_A,,мышка,,PER_ROLE,PER_ROLE,животные как общий вид или категория,A-3,False,B,ADJ,2026-07-06,True
C0725,RUS-O_medium_05,NER_missed_by_A,,снеговик,,PER_ROLE,PER_ROLE,объекты/существа без уникальных имён,A-3,False,B,ADJ,2026-07-06,True
C0726,RUS-O_medium_05,NER_missed_by_A,,пиццы,,PER_ROLE,оставить А,"недостаточная разметка, должна быть одна сущность - доставщик пиццы PER_ROLE",A-10,True,A,ADJ,2026-07-06,True
C0727,RUS-O_medium_05,NER_missed_by_A,,девочка,,PER_ROLE,PER_ROLE,"слова, обозначающие возрастные/социальные роли",A-11,True,B,ADJ,2026-07-06,True
C0728,RUS-O_medium_05,Sentiment_label,"Она была такая маленькая, что никто её не замечал.","Она была такая маленькая, что никто её не замечал.",-1 NEGATIVE,0 NEUTRAL,-1 NEGATIVE,косвенная передача чувства одиночества и невидимости,B-17,True,A,ADJ,2026-07-06,True
C0729,RUS-O_medium_05,Sentiment_label,"А когда она бегала, то ступала лапками так тихо, что её никто не мог услышать.","А когда она бегала, то ступала лапками так тихо, что её никто не мог услышать.",-1 NEGATIVE,0 NEUTRAL,-1 NEGATIVE,общий вектор эпизода — негативный,B-3,True,A,ADJ,2026-07-06,True
C0730,RUS-O_medium_05,Sentiment_label,"Мышка появилась в доме летом, когда было тепло и сухо.","Мышка появилась в доме летом, когда было тепло и сухо.",+1 POSITIVE,0 NEUTRAL,+1 POSITIVE,наличие положительных оценочных признаков,B-6,True,A,ADJ,2026-07-06,True
C0731,RUS-O_medium_05,Sentiment_label,"Но потом пришла мокрая осень, а за ней — холодная зима.","Но потом пришла мокрая осень, а за ней — холодная зима.",-1 NEGATIVE,0 NEUTRAL,-1 NEGATIVE,"описание неблагоприятных погодных условий (холод, сырость)",B-18,True,A,ADJ,2026-07-06,True
C0732,RUS-O_medium_05,Sentiment_label,"Мышке стало совсем неуютно под крыльцом, и она всё чаще забегала в дом погреться.","Мышке стало совсем неуютно под крыльцом, и она всё чаще забегала в дом погреться.",-1 NEGATIVE,0 NEUTRAL,-1 NEGATIVE,описание неблагоприятных условий жизни,B-18,True,A,ADJ,2026-07-06,True
C0733,RUS-O_medium_05,Sentiment_label,"Они говорили о том, что завтра придёт Новый год, и все обязательно получат подарки.","Они говорили о том, что завтра придёт Новый год, и все обязательно получат подарки.",+1 POSITIVE,0 NEUTRAL,+1 POSITIVE,"наличие положительных образов (Новый год, подарки)",B-6,True,A,ADJ,2026-07-06,True
C0734,RUS-O_medium_05,Sentiment_label,Мышке тоже очень захотелось получить подарок.,Мышке тоже очень захотелось получить подарок.,+1 POSITIVE,0 NEUTRAL,+1 POSITIVE,выражение сильного желания как позитивной эмоции,B-12,True,A,ADJ,2026-07-06,True
C0735,RUS-O_medium_05,Sentiment_label,"Ведь ей было так холодно, и она мечтала о настоящей тёплой постельке.","Ведь ей было так холодно, и она мечтала о настоящей тёплой постельке.",-1 NEGATIVE,0 NEUTRAL,-1 NEGATIVE,описание холода как источника страдания,B-18,True,A,ADJ,2026-07-06,True
C0736,RUS-O_medium_05,Sentiment_label,"— Если он должен прийти, то я обязательно его увижу, / — решила мышка и отправилась на поиски.","— Если он должен прийти, то я обязательно его увижу, — решила мышка и отправилась на поиски.",+1 POSITIVE,0 NEUTRAL,+1 POSITIVE,решимость найти и встретить праздник как позитивная эмоция,B-12,True,A,ADJ,2026-07-06,True
C0737,RUS-O_medium_05,Sentiment_label,Под кустом шиповника мышка увидела маленького смешного человечка в красном колпаке.,Под кустом шиповника мышка увидела маленького смешного человечка в красном колпаке.,+1 POSITIVE,0 NEUTRAL,+1 POSITIVE,наличие положительных оценочных признаков,B-6,True,A,ADJ,2026-07-06,True
C0738,RUS-O_medium_05,Sentiment_label,Мышка побежала дальше и увидела кого-то на дереве.,Мышка побежала дальше и увидела кого-то на дереве.,+1 POSITIVE,0 NEUTRAL,0 NEUTRAL,слабо выраженная эмоция без драматизации,B-24,True,B,ADJ,2026-07-06,True
C0739,RUS-O_medium_05,Sentiment_label,У него была красивая красная грудка и чёрная шапочка.,У него была красивая красная грудка и чёрная шапочка.,+1 POSITIVE,0 NEUTRAL,+1 POSITIVE,наличие положительных оценочных признаков,B-6,True,A,ADJ,2026-07-06,True
C0740,RUS-O_medium_05,Sentiment_label,"— Нет, нет, вы ошиблись, / — ответил снегирь.","— Нет, нет, вы ошиблись, — ответил снегирь.",-1 NEGATIVE,0 NEUTRAL,0 NEUTRAL,"реплики, связанные с уточнением информации",B-20,True,B,ADJ,2026-07-06,True
C0741,RUS-O_medium_05,Sentiment_label,"— Я прилетаю сюда каждую зиму, но никогда его не встречал.","— Я прилетаю сюда каждую зиму, но никогда его не встречал.",-1 NEGATIVE,0 NEUTRAL,-1 NEGATIVE,выражение разочарования и печали через отрицание успешного опыта,B-17,True,A,ADJ,2026-07-06,True
C0742,RUS-O_medium_05,Sentiment_label,"Она порядком замёрзла, у неё была только одна мечта — как бы согреться.","Она порядком замёрзла, у неё была только одна мечта — как бы согреться.",-1 NEGATIVE,0 NEUTRAL,-1 NEGATIVE,холод как источник страдания,B-18,True,A,ADJ,2026-07-06,True
C0743,RUS-O_medium_05,Sentiment_label,"«Так может светить только Новый год, у которого для всех есть подарки», / — подумала мышка.","«Так может светить только Новый год, у которого для всех есть подарки», — подумала мышка.",+1 POSITIVE,0 NEUTRAL,+1 POSITIVE,"Традиционно положительные образы (солнце, тепло, свет и т. п.) не получают положительную оценку",B-9,True,A,ADJ,2026-07-06,True
C0744,RUS-O_medium_05,Sentiment_label,"Мышка забралась на мягкий матрасик, укрылась пуховым одеяльцем и сразу уснула, потому что за день она очень устала.","Мышка забралась на мягкий матрасик, укрылась пуховым одеяльцем и сразу уснула, потому что за день она очень устала.",+1 POSITIVE,0 NEUTRAL,+1 POSITIVE,"Коллективные действия персонажей, объединённых общей целью помочь",B-23,True,A,ADJ,2026-07-06,True
C0745,RUS-O_medium_05,Sentiment_label,— Ах! / — сказала девочка.,— Ах! — сказала девочка.,0 NEUTRAL,-1 NEGATIVE,0 NEUTRAL,слабо выраженная эмоция без драматизации,B-24,True,A,ADJ,2026-07-06,True
C0746,RUS-O_medium_05,Sentiment_label,"—
В постельке моей куклы спит маленькая мышка!","—
В постельке моей куклы спит маленькая мышка!",0 NEUTRAL,-1 NEGATIVE,0 NEUTRAL,слабо выраженная эмоция без драматизации,B-24,True,A,ADJ,2026-07-06,True
C0747,RUS-O_medium_05,Sentiment_label,"Она, видно, совсем замёрзла, бедняжка.","Она, видно, совсем замёрзла, бедняжка.",-1 NEGATIVE,+1 POSITIVE,-1 NEGATIVE,состояние страдания без позитивного разрешения в том же сегменте,B-4,False,A,ADJ,2026-07-06,True
C0748,RUS-O_medium_05,Sentiment_label,Девочка уговорила маму поселить мышку за печкой.,Девочка уговорила маму поселить мышку за печкой.,+1 POSITIVE,0 NEUTRAL,+1 POSITIVE,"действие, направленное на помощь другому существу",B-16,True,A,ADJ,2026-07-06,True
C0749,RUS-O_medium_05,Sentiment_label,Вместе они аккуратно перенесли кроватку туда.,Вместе они аккуратно перенесли кроватку туда.,+1 POSITIVE,0 NEUTRAL,+1 POSITIVE,"коллективные действия, направленные на помощь другому",B-22,True,A,ADJ,2026-07-06,True
C0750,RUS-O_short_01,NER_label,родители,родители,PER_FAMILY,PER_ROLE,rus,rus,rus,False,A,ADJ,2026-07-08,False
C0751,RUS-O_short_01,NER_label,акула,акула,PER_FAMILY,PER_ROLE,rus,rus,rus,False,A,ADJ,2026-07-08,False
C0948,RUS-T_long_01,NER_label,Дед Мороз,Дед,PER_ROLE,PER_NAME,PER_NAME,"устойчивое, узнаваемое составное имя персонажа, должна быть одна сущность - Дед Мороз PER_NAME",A-6,False,neither,ADJ,2026-07-08,True
C0949,RUS-T_long_01,NER_label,Морозе,Морозе,PER_ROLE,PER_NAME,PER_NAME,устойчивое составное имя персонажа,A-6,False,B,ADJ,2026-07-08,True
C0950,RUS-T_long_01,NER_label,Морозе,Морозе,PER_ROLE,PER_NAME,PER_NAME,устойчивое составное имя персонажа,A-6,False,B,ADJ,2026-07-08,True
C0951,RUS-T_long_01,NER_label,Мороза,Мороза,PER_ROLE,PER_NAME,PER_NAME,устойчивое составное имя персонажа,A-6,False,B,ADJ,2026-07-08,True
C0952,RUS-T_long_01,NER_label,Деда Мороза,Деда,PER_ROLE,PER_NAME,PER_NAME,"Устойчивое составное имя персонажа, размечается как одна сущность - Дед Мороз PER_NAME",A-6,False,neither,ADJ,2026-07-08,True
C0953,RUS-T_long_01,NER_label,Дед Мороз,Дед,PER_ROLE,PER_NAME,PER_NAME,"Устойчивое составное имя персонажа, размечается как одна сущность - Дед Мороз PER_NAME",A-6,False,neither,ADJ,2026-07-08,True
C0954,RUS-T_long_01,NER_label,Деда Мороза,Деда,PER_ROLE,PER_NAME,PER_NAME,"устойчивое составное имя персонажа, должна быть одна сущность Дед Мороз PER_NAME",A-6,False,neither,ADJ,2026-07-08,True
C0955,RUS-T_long_01,NER_label,Деда Мороза,Деда,PER_ROLE,PER_NAME,PER_NAME,"устойчивое составное имя персонажа, должна быть одна сущность Дед Мороз PER_NAME",A-6,False,neither,ADJ,2026-07-08,True
C0956,RUS-T_long_01,NER_label,Дед Мороз,Дед,PER_ROLE,PER_NAME,PER_NAME,"должна быть одна сущность - Дед Мороз, PER_NAME",A-6,False,neither,ADJ,2026-07-08,True
C0957,RUS-T_long_01,NER_label,Дед Мороз,Дед,PER_ROLE,PER_NAME,PER_NAME,"устойчивое составное имя персонажа, должна быть одна сущность - Дед Мороз PER_NAME",A-6,False,neither,ADJ,2026-07-08,True
C0958,RUS-T_long_01,NER_label,Деду Морозу,Деду,PER_ROLE,PER_NAME,PER_NAME,"устойчивое составное имя персонажа, должно быть одной сущностью - Дед Мороз PER_NAME",A-6,False,neither,ADJ,2026-07-08,True
C0959,RUS-T_long_01,NER_label,Деду Морозу,Деду,PER_ROLE,PER_NAME,PER_NAME,"устойчивое составное имя персонажа, должно быть одной сущностью - Дед Мороз PER_NAME",A-6,False,neither,ADJ,2026-07-08,True
C0960,RUS-T_long_01,NER_label,Деда Мороза,Деда,PER_ROLE,PER_NAME,PER_NAME,"устойчивое составное имя персонажа, должно быть одной сущностью - Дед Мороз PER_NAME",A-6,False,neither,ADJ,2026-07-08,True
C0961,RUS-T_long_01,NER_label,Дед Мороз,Дед,PER_ROLE,PER_NAME,PER_NAME,"устойчивое составное имя персонажа, должно быть одной сущностью - Дед Мороз PER_NAME",A-6,False,neither,ADJ,2026-07-08,True
C0962,RUS-T_long_01,NER_label,Деда Мороза,Деда,PER_ROLE,PER_NAME,PER_NAME,"устойчивое составное имя персонажа, должно быть одной сущностью - Дед Мороз PER_NAME",A-6,False,neither,ADJ,2026-07-08,True
C0963,RUS-T_long_01,NER_label,Дед Мороз,Дед,PER_ROLE,PER_NAME,PER_NAME,"устойчивое составное имя персонажа, должно быть одной сущностью - Дед Мороз PER_NAME",A-6,False,neither,ADJ,2026-07-08,True
C0964,RUS-T_long_01,NER_missed_by_B,люди,,PER_ROLE,,PER_ROLE,обобщённые группы без конкретной идентификации,A-5,False,A,ADJ,2026-07-08,True
C0965,RUS-T_long_01,NER_missed_by_B,малыш,,PER_ROLE,,PER_ROLE,"слова, обозначающие возрастные роли",A-11,True,A,ADJ,2026-07-08,True
C0966,RUS-T_long_01,NER_missed_by_B,зверей,,PER_ROLE,,PER_ROLE,животные как общий вид или категория без уникальных имён,A-3,False,A,ADJ,2026-07-08,True
C0967,RUS-T_long_01,NER_missed_by_B,животных,,PER_ROLE,,PER_ROLE,животные как общий вид или категория без уникальных имён,A-3,False,A,ADJ,2026-07-08,True
C0968,RUS-T_long_01,NER_missed_by_B,зверей,,PER_ROLE,,PER_ROLE,животные как общий вид или категория без уникальных имён,A-3,False,A,ADJ,2026-07-08,True
C0969,RUS-T_long_01,NER_missed_by_B,звери,,PER_ROLE,,PER_ROLE,животные как общий вид или категория без уникальных имён,A-3,False,A,ADJ,2026-07-08,True
C0970,RUS-T_long_01,NER_missed_by_A,,Мороз,,PER_NAME,PER_NAME,"устойчивое составное имя персонажа, должно быть размечено как одна сущность  - Дед Мороз PER_NAME",A-6,False,neither,ADJ,2026-07-08,True
C0971,RUS-T_long_01,NER_missed_by_A,,люди,,PER_ROLE,PER_ROLE,обобщённые группы без конкретной идентификации,A-5,False,B,ADJ,2026-07-08,True
C0972,RUS-T_long_01,NER_missed_by_A,,Мороза,,PER_NAME,PER_NAME,"обобщённые группы без конкретной идентификации, должна быть одна сущность - Дед Мороз PER_NAME",A-6,False,neither,ADJ,2026-07-08,True
C0973,RUS-T_long_01,NER_missed_by_A,,людям,,PER_ROLE,PER_ROLE,обобщённые группы без конкретной идентификации,A-5,False,B,ADJ,2026-07-08,True
C0974,RUS-T_long_01,NER_missed_by_A,,Мороз,,PER_NAME,PER_NAME,"устойчивое словосочетание, образующее единое имя персонажа, должна быть одна сущность - Дед Мороз PER_NAME",A-6,False,neither,ADJ,2026-07-08,True
C0975,RUS-T_long_01,NER_missed_by_A,,Мороза,,PER_NAME,PER_NAME,"устойчивое словосочетание, образующее единое имя персонажа, должна быть одна сущность - Дед Мороз PER_NAME",A-6,False,neither,ADJ,2026-07-08,True
C0976,RUS-T_long_01,NER_missed_by_A,,мудрую,,PER_ROLE,оставить А,"недостаточная разметка, однословное прилагательное без существительного",A-8,False,A,ADJ,2026-07-08,True
C0977,RUS-T_long_01,NER_missed_by_A,,Мороза,,PER_NAME,PER_NAME,"устойчивое словосочетание, образующее единое имя персонажа, должна быть одна сущность - Дед Мороз PER_NAME",A-6,False,neither,ADJ,2026-07-08,True
C0979,RUS-T_long_01,NER_missed_by_A,,озорным,,PER_ROLE,оставить А,"однословное прилагательное, недостаточная разметка",A-8,False,A,ADJ,2026-07-08,True
C0980,RUS-T_long_01,NER_missed_by_A,,Мороз,,PER_NAME,PER_NAME,"устойчивое, узнаваемое составное имя персонажа, должна быть одна сущность - Дед Мороз PER_NAME",A-6,False,A,ADJ,2026-07-08,True
C0981,RUS-T_long_01,NER_missed_by_A,,Мороз,,PER_NAME,PER_NAME,"устойчивое, узнаваемое составное имя персонажа, должна быть одна сущность - Дед Мороз PER_NAME",A-6,False,neither,ADJ,2026-07-08,True
C0982,RUS-T_long_01,NER_missed_by_A,,Морозу,,PER_NAME,PER_NAME,"устойчивое, узнаваемое составное имя персонажа, должна быть одна сущность - Дед Мороз PER_NAME",A-6,False,neither,ADJ,2026-07-08,True
C0983,RUS-T_long_01,NER_missed_by_A,,жж-жжуткий,,PER_ROLE,оставить А,"однословное прилагательное, недостаточная разметка",A-8,False,A,ADJ,2026-07-08,True
C0984,RUS-T_long_01,NER_missed_by_A,,Морозу,,PER_NAME,PER_NAME,"устойчивое, узнаваемое составное имя персонажа, должна быть одна сущность - Дед Мороз PER_NAME",A-6,False,neither,ADJ,2026-07-08,True
C0985,RUS-T_long_01,NER_missed_by_A,,звери,,PER_ROLE,PER_ROLE,животные как общий вид или категория без уникальных имён,A-3,False,B,ADJ,2026-07-08,True
C0986,RUS-T_long_01,NER_missed_by_A,,лесные,,PER_ROLE,оставить А,"однословное прилагательное, недостаточная разметка",A-8,False,A,ADJ,2026-07-08,True
C0987,RUS-T_long_01,NER_missed_by_A,,стая,,PER_ROLE,PER_ROLE,"недостаточная разметка, выделяется вся именная группа",A-3,False,B,ADJ,2026-07-08,True
C0988,RUS-T_long_01,NER_missed_by_A,,трусливый,,PER_ROLE,оставить А,"однословное прилагательное, недостаточная разметка",A-8,False,A,ADJ,2026-07-08,True
C0989,RUS-T_long_01,NER_missed_by_A,,мудрая,,PER_ROLE,оставить А,"однословное прилагательное, недостаточная разметка",A-8,False,A,ADJ,2026-07-08,True
C0990,RUS-T_long_01,NER_missed_by_A,,лесная,,PER_ROLE,оставить А,"однословное прилагательное, недостаточная разметка",A-8,False,A,ADJ,2026-07-08,True
C0991,RUS-T_long_01,NER_missed_by_A,,мудрая,,PER_ROLE,оставить А,"однословное прилагательное, недостаточная разметка",A-8,False,A,ADJ,2026-07-08,True
C0992,RUS-T_long_01,NER_missed_by_A,,Мороза,,PER_NAME,PER_NAME,"устойчивое составное имя персонажа, должна быть одна сущность - Дед Мороз PER_NAME",A-6,False,neither,ADJ,2026-07-08,True
C0993,RUS-T_long_01,NER_missed_by_A,,Мороз,,PER_NAME,PER_NAME,"устойчивое составное имя персонажа, должна быть одна сущность - Дед Мороз PER_NAME",A-6,False,neither,ADJ,2026-07-08,True
C0994,RUS-T_long_01,NER_missed_by_A,,Мороза,,PER_NAME,PER_NAME,"устойчивое составное имя персонажа, должна быть одна сущность - Дед Мороз PER_NAME",A-6,False,neither,ADJ,2026-07-08,True
C0995,RUS-T_long_01,NER_missed_by_A,,Мамины,,PER_FAMILY,PER_FAMILY,стандартное слово родства,A-4,False,B,ADJ,2026-07-08,True
C0996,RUS-T_long_01,NER_missed_by_A,,Мороз,,PER_NAME,PER_NAME,"устойчивое составное имя персонажа, должна быть одна сущность - Дед Мороз PER_NAME",A-6,False,neither,ADJ,2026-07-08,True
C0997,RUS-T_long_01,NER_missed_by_A,,звери,,PER_ROLE,PER_ROLE,животные как общий вид или категория без уникальных имён,A-3,False,B,ADJ,2026-07-08,True
C0998,RUS-T_long_01,Sentiment_label,"Однажды утром лес, в котором живёт Лисёнок со своей мамой в одно мгновение преобразился и стал волшебным!","Однажды утром лес, в котором живёт Лисёнок со своей мамой в одно мгновение преобразился и стал волшебным!",+1 POSITIVE,0 NEUTRAL,+1 POSITIVE,"наличие положительных оценочных признаков («волшебным», «преобразился»)",B-6,False,A,ADJ,2026-07-08,True
C0999,RUS-T_long_01,Sentiment_label,"Всё покрылось мерцающим, пушистым снегом, а воздух вдруг наполнился ожиданием Нового года.","Всё покрылось мерцающим, пушистым снегом, а воздух вдруг наполнился ожиданием Нового года.",+1 POSITIVE,0 NEUTRAL,+1 POSITIVE,наличие положительных оценочных признаков,B-6,False,A,ADJ,2026-07-08,True
C1000,RUS-T_long_01,Sentiment_label,Что это за удивительный праздник?,Что это за удивительный праздник?,+1 POSITIVE,0 NEUTRAL,+1 POSITIVE,вопрос с явным маркером радости,B-5,False,A,ADJ,2026-07-08,True
C1001,RUS-T_long_01,Sentiment_label,"В лесу становилось всё холоднее и холоднее, а однажды ночью случилось кое-что необычное!","В лесу становилось всё холоднее и холоднее, а однажды ночью случилось кое-что необычное!",+1 POSITIVE,0 NEUTRAL,+1 POSITIVE,наличие положительных оценочных признаков,B-6,False,A,ADJ,2026-07-08,True
C1002,RUS-T_long_01,Sentiment_label,"Крошечные ледяные кристаллики защекотали ему нос, и он едва не чихнул.","Крошечные ледяные кристаллики защекотали ему нос, и он едва не чихнул.",+1 POSITIVE,0 NEUTRAL,+1 POSITIVE,игровое взаимодействие со снегом как позитивная эмоция,B-12,True,A,ADJ,2026-07-08,True
C1003,RUS-T_long_01,Sentiment_label,Вдруг Лисёнок услышал голоса в отдалении.,Вдруг Лисёнок услышал голоса в отдалении.,-1 NEGATIVE,0 NEUTRAL,0 NEUTRAL,слабо выраженная эмоция без драматизации,B-24,True,B,ADJ,2026-07-08,True
C1004,RUS-T_long_01,Sentiment_label,— Это люди. / — прошептал он и быстро залез обратно в безопасную нору.,— Это люди. — прошептал он и быстро залез обратно в безопасную нору.,-1 NEGATIVE,0 NEUTRAL,-1 NEGATIVE,жесты беспомощности или уход персонажа,B-13,True,A,ADJ,2026-07-08,True
C1005,RUS-T_long_01,Sentiment_label,"«Наверное, надо разбудить мамочку!» / — заволновался маленький Лисёнок, но в этот момент услышал весёлый смех и выглянул наружу.","«Наверное, надо разбудить мамочку!» — заволновался маленький Лисёнок, но в этот момент услышал весёлый смех и выглянул наружу.",-1 NEGATIVE,0 NEUTRAL,-1 NEGATIVE,беспомощная реакция персонажа,B-15,True,A,ADJ,2026-07-08,True
C1006,RUS-T_long_01,Sentiment_label,Лисёнок кинулся к Маме Лисе и стал нетерпеливо теребить её за ухо.,Лисёнок кинулся к Маме Лисе и стал нетерпеливо теребить её за ухо.,+1 POSITIVE,0 NEUTRAL,+1 POSITIVE,просьба о близости,B-7,True,A,ADJ,2026-07-08,True
C1007,RUS-T_long_01,Sentiment_label,"— Мама, проснись!","— Мама, проснись!",+1 POSITIVE,-1 NEGATIVE,+1 POSITIVE,просьба о близости,B-7,True,A,ADJ,2026-07-08,True
C1008,RUS-T_long_01,Sentiment_label,"Ну, проснись же!","Ну, проснись же!",+1 POSITIVE,-1 NEGATIVE,+1 POSITIVE,просьба о близости,B-7,True,A,ADJ,2026-07-08,True
C1009,RUS-T_long_01,Sentiment_label,"Скажи, что ты знаешь о Морозе?","Скажи, что ты знаешь о Морозе?",+1 POSITIVE,-1 NEGATIVE,+1 POSITIVE,"вопросы, вызванные радостным любопытством и энтузиазмом",B-5,True,A,ADJ,2026-07-08,True
C0978,RUS-T_long_01,NER_missed_by_A,,мудрая,,PER_ROLE,оставить А,"однословное прилагательное, недостаточная разметка",A-8,False,A,ADJ,2026-07-08,True
C1010,RUS-T_long_01,Sentiment_label,"Мама Лиса сонно обняла Лисёнка и пробормотала: / — Каком Морозе... я не знаю... но, мне кажется, люди очень радуются, когда он приходит к ним и приносит праздник.","Мама Лиса сонно обняла Лисёнка и пробормотала:

— Каком Морозе... я не знаю... но, мне кажется, люди очень радуются, когда он приходит к ним и приносит праздник.",+1 POSITIVE,0 NEUTRAL,+1 POSITIVE,объятия как проявление любви,B-7,True,A,ADJ,2026-07-08,True
C1011,RUS-T_long_01,Sentiment_label,"Лисёнок призадумался: / «Может быть, другие звери что-то знают про этого таинственного Мороза и грядущий праздник!»","Лисёнок призадумался: «Может быть, другие звери что-то знают про этого таинственного Мороза и грядущий праздник!»",+1 POSITIVE,0 NEUTRAL,+1 POSITIVE,выражение любопытства и надежды в контексте праздника,B-12,False,A,ADJ,2026-07-08,True
C1012,RUS-T_long_01,Sentiment_label,"— Доброе утро! / — обратился Лисёнок к Сороке, сидящей высоко на своей ели.","— Доброе утро! — обратился Лисёнок к Сороке, сидящей высоко на своей ели.",0 NEUTRAL,+1 POSITIVE,+1 POSITIVE,вежливое приветствие как проявление добрых намерений,B-16,True,B,ADJ,2026-07-08,True
C1013,RUS-T_long_01,Sentiment_label,"— Вы не могли бы рассказать мне про праздник, о котором говорили дети?","— Вы не могли бы рассказать мне про праздник, о котором говорили дети?",0 NEUTRAL,+1 POSITIVE,+1 POSITIVE,просьба о знаниях как желание разделить радость,B-7,False,B,ADJ,2026-07-08,True
C1014,RUS-T_long_01,Sentiment_label,"Сверкающий снежный дождь, плавно падая вниз, опустился на землю, а малыш восхищённо наблюдал за этим зрелищем.","Сверкающий снежный дождь, плавно падая вниз, опустился на землю, а малыш восхищённо наблюдал за этим зрелищем.",+1 POSITIVE,0 NEUTRAL,+1 POSITIVE,"наличие положительных оценочных признаков («сверкающий», «восхищённо»)",B-6,True,A,ADJ,2026-07-08,True
C1015,RUS-T_long_01,Sentiment_label,"«Интересно, люди так радуются приходу праздника потому, что он приносит с собой все эти сверкающие штучки?» / — подумал Лисёнок.","«Интересно, люди так радуются приходу праздника потому, что он приносит с собой все эти сверкающие штучки?» — подумал Лисёнок.",+1 POSITIVE,0 NEUTRAL,+1 POSITIVE,любопытство о празднике и радости людей,B-12,True,A,ADJ,2026-07-08,True
C1016,RUS-T_long_01,Sentiment_label,"— Как-то раз, в ту самую, особенную ночь, когда наступает праздник, я случайно оказался недалеко от старого дома на опушке.","— Как-то раз, в ту самую, особенную ночь, когда наступает праздник, я случайно оказался недалеко от старого дома на опушке.",+1 POSITIVE,0 NEUTRAL,+1 POSITIVE,"наличие положительных оценочных признаков («особенную ночь», «праздник»)",B-6,True,A,ADJ,2026-07-08,True
C1017,RUS-T_long_01,Sentiment_label,"И пригласить Деда Мороза к нам в лес, / — сказал Лисёнок и потрусил дальше.","И пригласить Деда Мороза к нам в лес, — сказал Лисёнок и потрусил дальше.",0 NEUTRAL,+1 POSITIVE,+1 POSITIVE,выражение желания пригласить кого-то и поделиться радостью,B-16,True,B,ADJ,2026-07-08,True
C1018,RUS-T_long_01,Sentiment_label,"Вскоре он увидел мудрую Сову, которая мирно спала на своём любимом пне.","Вскоре он увидел мудрую Сову, которая мирно спала на своём любимом пне.",+1 POSITIVE,0 NEUTRAL,+1 POSITIVE,"наличие положительных оценочных признаков («мудрая», «мирно», «любимом»)",B-6,True,A,ADJ,2026-07-08,True
C1019,RUS-T_long_01,Sentiment_label,"— Дарит подарки? / — переспросил Лисёнок, но мудрая Сова уже снова задремала.","— Дарит подарки? — переспросил Лисёнок, но мудрая Сова уже снова задремала.",0 NEUTRAL,+1 POSITIVE,+1 POSITIVE,"вопрос, вызванный радостным интересом к подаркам",B-7,True,B,ADJ,2026-07-08,True
C1020,RUS-T_long_01,Sentiment_label,"В тот же день Лисёнок затеял игру с озорным Барсучком, пока совсем не устал.","В тот же день Лисёнок затеял игру с озорным Барсучком, пока совсем не устал.",+1 POSITIVE,0 NEUTRAL,+1 POSITIVE,игра как любимое и радостное занятие,B-12,True,A,ADJ,2026-07-08,True
C1021,RUS-T_long_01,Sentiment_label,— Ха-ха-ха!,— Ха-ха-ха!,-1 NEGATIVE,+1 POSITIVE,+1 POSITIVE,восклицание с явным маркером радости,B-2,False,B,ADJ,2026-07-08,True
C1022,RUS-T_long_01,Sentiment_label,Вечно ты думаешь о всяких человеческих глупостях!,Вечно ты думаешь о всяких человеческих глупостях!,-1 NEGATIVE,+1 POSITIVE,+1 POSITIVE,дружеское поддразнивание без негатива,B-8,True,B,ADJ,2026-07-08,True
C1023,RUS-T_long_01,Sentiment_label,Хи-хи-хи!,Хи-хи-хи!,-1 NEGATIVE,+1 POSITIVE,+1 POSITIVE,смех как явный маркер радости,B-2,False,B,ADJ,2026-07-08,True
C1024,RUS-T_long_01,Sentiment_label,Ха-ха-ха!,Ха-ха-ха!,-1 NEGATIVE,+1 POSITIVE,+1 POSITIVE,смех как явный маркер радости,B-2,False,B,ADJ,2026-07-08,True
C1025,RUS-T_long_01,Sentiment_label,Новый год!,Новый год!,-1 NEGATIVE,+1 POSITIVE,+1 POSITIVE,«Новый год!» как маркер радости и праздника,B-2,False,B,ADJ,2026-07-08,True
C1026,RUS-T_long_01,Sentiment_label,Дед Мороз!,Дед Мороз!,-1 NEGATIVE,+1 POSITIVE,+1 POSITIVE,маркер радости и праздника,B-2,False,B,ADJ,2026-07-08,True
C1027,RUS-T_long_01,Sentiment_label,"Лисёнок смущённо отвернулся, а потом сердито сказал: / — Вот увидишь — в этом году Дед Мороз придёт и к нам, в лес!","Лисёнок смущённо отвернулся, а потом сердито сказал:

— Вот увидишь — в этом году Дед Мороз придёт и к нам, в лес!",0 NEUTRAL,-1 NEGATIVE,-1 NEGATIVE,прямое указание на негативные эмоциональные состояния,B-17,True,B,ADJ,2026-07-08,True
C1028,RUS-T_long_01,Sentiment_label,"Потому что... потому что у меня есть идея, как его пригласить!","Потому что... потому что у меня есть идея, как его пригласить!",+1 POSITIVE,0 NEUTRAL,+1 POSITIVE,оптимистичное заявление о наличии идеи как позитивная эмоция,B-12,True,A,ADJ,2026-07-08,True
C1029,RUS-T_long_01,Sentiment_label,"Воздух вокруг звенел от мороза, но малыш усердно копал снег, выводя на нём красивый узор по кругу.","Воздух вокруг звенел от мороза, но малыш усердно копал снег, выводя на нём красивый узор по кругу.",+1 POSITIVE,0 NEUTRAL,+1 POSITIVE,"наличие положительных оценочных признаков («красивый узор», «довольный»)",B-6,True,A,ADJ,2026-07-08,True
C1030,RUS-T_long_01,Sentiment_label,"Спустя какое-то время он рассматривал его, довольный своей работой, и принимался копать дальше.","Спустя какое-то время он рассматривал его, довольный своей работой, и принимался копать дальше.",+1 POSITIVE,0 NEUTRAL,+1 POSITIVE,удовлетворение от результатов любимого занятия,B-12,True,A,ADJ,2026-07-08,True
C1031,RUS-T_long_01,Sentiment_label,Подобными фигурами Лисёнок украсил весь лес.,Подобными фигурами Лисёнок украсил весь лес.,+1 POSITIVE,0 NEUTRAL,+1 POSITIVE,творчество как источник радости,B-12,True,A,ADJ,2026-07-08,True
C1032,RUS-T_long_01,Sentiment_label,"— Ну, не думаю, что этот зверь был таким уж жутким! / — улыбнулась Мама Лиса, появившаяся из норы, и под-мигнула своему Лисёнку.","— Ну, не думаю, что этот зверь был таким уж жутким! — улыбнулась Мама Лиса, появившаяся из норы, и под-мигнула своему Лисёнку.",+1 POSITIVE,0 NEUTRAL,+1 POSITIVE,проявление поддержки и утешения через улыбку и подмигивание,B-16,True,A,ADJ,2026-07-08,True
C1033,RUS-T_long_01,Sentiment_label,"— Дорогие синицы, может быть, вы мне поможете?","— Дорогие синицы, может быть, вы мне поможете?",0 NEUTRAL,+1 POSITIVE,+1 POSITIVE,просьба о помощи в доброжелательной форме,B-7,True,B,ADJ,2026-07-08,True
C1034,RUS-T_long_01,Sentiment_label,Птицы закивали и мгновенно улетели.,Птицы закивали и мгновенно улетели.,+1 POSITIVE,0 NEUTRAL,+1 POSITIVE,коллективное согласие и начало действия для помощи другому,B-22,True,A,ADJ,2026-07-08,True
C1035,RUS-T_long_01,Sentiment_label,Спустя час они уже щебетали по всему лесу: / — Внимание!,"Спустя час они уже щебетали по всему лесу:
— Внимание!",0 NEUTRAL,+1 POSITIVE,+1 POSITIVE,коллективное согласие и начало действия для помощи другому,B-22,True,B,ADJ,2026-07-08,True
C1036,RUS-T_long_01,Sentiment_label,"На следующий день Лисёнок, едва дождавшись вечера, помчался к месту встречи и замер.","На следующий день Лисёнок, едва дождавшись вечера, помчался к месту встречи и замер.",+1 POSITIVE,0 NEUTRAL,+1 POSITIVE,предвкушение встречи и праздника как позитивная эмоция,B-12,True,A,ADJ,2026-07-08,True
C1037,RUS-T_long_01,Sentiment_label,Кормушка буквально ломилась от еды!,Кормушка буквально ломилась от еды!,+1 POSITIVE,0 NEUTRAL,+1 POSITIVE,совместное действие ради помощи,B-22,True,A,ADJ,2026-07-08,True
C1038,RUS-T_long_01,Sentiment_label,"«Интересно, что скажут об этом звери?» / — подумал Лисёнок.","«Интересно, что скажут об этом звери?» — подумал Лисёнок.",+1 POSITIVE,0 NEUTRAL,+1 POSITIVE,"любопытство, желание принятия",B-7,True,A,ADJ,2026-07-08,True
C1039,RUS-T_long_01,Sentiment_label,"Семья Барсуков, Косуля с Оленёнком, стая птиц, трусливый Заяц, Белка, мудрая Сова, Олени, а также Мама Лиса и всё семейство Лис, прибывших недавно, — все пришли.","Семья Барсуков, Косуля с Оленёнком, стая птиц, трусливый Заяц, Белка, мудрая Сова, Олени, а также Мама Лиса и всё семейство Лис, прибывших недавно, — все пришли.",+1 POSITIVE,0 NEUTRAL,+1 POSITIVE,коллективное действие,B-22,True,A,ADJ,2026-07-08,True
C1040,RUS-T_long_01,Sentiment_label,"Да-да, и Лисичка тоже.","Да-да, и Лисичка тоже.",+1 POSITIVE,0 NEUTRAL,+1 POSITIVE,коллективное действие,B-22,True,A,ADJ,2026-07-08,True
C1041,RUS-T_long_01,Sentiment_label,Даже дедушка Сонь — лесная соня — прервал ради такого дела свою зимнюю спячку.,Даже дедушка Сонь — лесная соня — прервал ради такого дела свою зимнюю спячку.,+1 POSITIVE,0 NEUTRAL,+1 POSITIVE,коллективное действие,B-22,True,A,ADJ,2026-07-08,True
C1042,RUS-T_long_01,Sentiment_label,"— Может быть, он уже приходил и принёс нам угощение?","— Может быть, он уже приходил и принёс нам угощение?",+1 POSITIVE,0 NEUTRAL,+1 POSITIVE,предвкушение подарков и угощения как позитивная эмоция,B-12,True,A,ADJ,2026-07-08,True
C1043,RUS-T_long_01,Sentiment_label,В тот же миг звери принялись за угощение.,В тот же миг звери принялись за угощение.,+1 POSITIVE,0 NEUTRAL,+1 POSITIVE,совместное действие ради помощи/поддержки,B-22,True,A,ADJ,2026-07-08,True
C1044,RUS-T_long_01,Sentiment_label,"Вдруг из-за облаков выплыла луна и осветила всех, кто находился на поляне.","Вдруг из-за облаков выплыла луна и осветила всех, кто находился на поляне.",+1 POSITIVE,0 NEUTRAL,+1 POSITIVE,"наличие положительных образов (свет луны, волшебство)",B-6,True,A,ADJ,2026-07-08,True
C1045,RUS-T_long_01,Sentiment_label,"Лес заблестел, засверкал и засиял, словно по волшебству.","Лес заблестел, засверкал и засиял, словно по волшебству.",+1 POSITIVE,0 NEUTRAL,+1 POSITIVE,"наличие положительных образов (свет луны, волшебство)",B-6,True,A,ADJ,2026-07-08,True
C1046,RUS-T_long_01,Sentiment_label,"Поразились и остальные, а потом на поляне стало совсем тихо.","Поразились и остальные, а потом на поляне стало совсем тихо.",+1 POSITIVE,0 NEUTRAL,+1 POSITIVE,описание волшебного момента,B-6,True,A,ADJ,2026-07-08,True
C1047,RUS-T_long_01,Sentiment_label,"Неожиданно в роще что-то зашелестело, и стал слышен ясный, нежный и светлый звон.","Неожиданно в роще что-то зашелестело, и стал слышен ясный, нежный и светлый звон.",+1 POSITIVE,0 NEUTRAL,+1 POSITIVE,описание волшебного момента,B-6,True,A,ADJ,2026-07-08,True
C1048,RUS-T_long_02,NER_label,сынок,сынок,PER_ROLE,PER_FAMILY,PER_FAMILY,обычное слово родства,A-5,False,A,ADJ,2026-07-09,True
C1049,RUS-T_long_02,NER_label,родственнику,родственнику,PER_FAMILY,PER_ROLE,PER_ROLE,PER_FAMILY только для стандартных терминов родства с явной привязкой к конкретной семье,A-5,False,B,ADJ,2026-07-09,True
C1050,RUS-T_long_02,NER_missed_by_B,ребята,,PER_ROLE,,PER_ROLE,обобщённые группы без привязки к конкретной семье,A-5,False,A,ADJ,2026-07-09,True
C1051,RUS-T_long_02,NER_missed_by_B,господа,,PER_ROLE,,PER_ROLE,"слова, обозначающие социальные роли и статусы",A-11,True,A,ADJ,2026-07-09,True
C1052,RUS-T_long_02,NER_missed_by_B,птиц,,PER_ROLE,,PER_ROLE,животные как общий вид или категория без уникальных имён,A-3,False,A,ADJ,2026-07-09,True
C1053,RUS-T_long_02,NER_missed_by_B,папы,,PER_FAMILY,,PER_FAMILY,обычное слово родства,A-4,False,A,ADJ,2026-07-09,True
C1054,RUS-T_long_02,NER_missed_by_A,,Солнце,,PER_ROLE,PER_ROLE,персонифицированные объекты природы без уникальных имён,A-3,False,B,ADJ,2026-07-09,True
C1055,RUS-T_long_02,NER_missed_by_A,,Усталый,,PER_ROLE,оставить А,"недостаточная разметка, прилагательное без существительное",A-8,False,A,ADJ,2026-07-09,True
C1056,RUS-T_long_02,NER_missed_by_A,,недовольный,,PER_ROLE,оставить А,"недостаточная разметка, прилагательное без существительного",A-8,False,A,ADJ,2026-07-09,True
C1057,RUS-T_long_02,NER_missed_by_A,,маленькую,,PER_ROLE,оставить А,"недостаточная разметка, прилагательное без существительного",A-8,False,A,ADJ,2026-07-09,True
C1058,RUS-T_long_02,NER_missed_by_A,,маленькую,,PER_ROLE,оставить А,"недостаточная разметка, прилагательное без существительного",A-8,False,A,ADJ,2026-07-09,True
C1059,RUS-T_long_02,NER_missed_by_A,,старого,,PER_ROLE,оставить А,"недостаточная разметка, однословное прилагательное без существительного",A-8,False,A,ADJ,2026-07-09,True
C1060,RUS-T_long_02,NER_missed_by_A,,престарого,,PER_ROLE,оставить А,"недостаточная разметка, однословное прилагательное без существительного",A-8,False,A,ADJ,2026-07-09,True
C1061,RUS-T_long_02,NER_missed_by_A,,старую,,PER_ROLE,оставить А,"недостаточная разметка, прилагательное без существительного",A-8,False,A,ADJ,2026-07-09,True
C1062,RUS-T_long_02,NER_missed_by_A,,развалину,,PER_ROLE,оставить А,"элементы, не образующие самостоятельной именной группы для идентификации персонажа",A-10,True,A,ADJ,2026-07-09,True
C1063,RUS-T_long_02,NER_missed_by_A,,незнакомый,,PER_ROLE,оставить А,"прилагательные, не образующие самостоятельной именной группы",A-10,False,A,ADJ,2026-07-09,True
C1064,RUS-T_long_02,NER_missed_by_A,,могучая,,PER_ROLE,оставить А,"прилагательные, не образующие самостоятельной именной группы, не являются сущностями",A-10,True,A,ADJ,2026-07-09,True
C1065,RUS-T_long_02,NER_missed_by_A,,прекрасная,,PER_ROLE,оставить А,"прилагательные, не образующие самостоятельной именной группы, не являются сущностями",A-10,True,A,ADJ,2026-07-09,True
C1066,RUS-T_long_02,NER_missed_by_A,,дальнему,,PER_ROLE,оставить А,"прилагательные, не образующие самостоятельной именной группы, не являются сущностями",A-10,True,A,ADJ,2026-07-09,True
C1067,RUS-T_long_02,NER_missed_by_A,,Ужу,,PER_ROLE,PER_NAME,"животные, выступающие как конкретные персонажи с уникальным именем",A-3,False,neither,ADJ,2026-07-09,True
C1068,RUS-T_long_02,NER_missed_by_A,,Папа,,PER_FAMILY,PER_FAMILY,обычное слово родства,A-4,False,B,ADJ,2026-07-09,True
C1069,RUS-T_long_02,NER_missed_by_A,,бабочку,,PER_ROLE,PER_ROLE,животные/насекомые как общий вид или категория без уникальных имён,A-3,False,B,ADJ,2026-07-09,True
C1070,RUS-T_long_02,NER_missed_by_A,,бабочку,,PER_ROLE,PER_ROLE,животные/насекомые как общий вид или категория без уникальных имён,A-3,False,B,ADJ,2026-07-09,True
C1071,RUS-T_long_02,NER_missed_by_A,,Медведь,,PER_ROLE,PER_ROLE,"животные, выступающие как конкретные персонажи с индивидуальными чертами, но без уникального имени",A-3,False,B,ADJ,2026-07-09,True
C1072,RUS-T_long_02,NER_missed_by_A,,Папочка,,PER_FAMILY,PER_FAMILY,стандартное слово родства,A-4,False,B,ADJ,2026-07-09,True
C1073,RUS-T_long_02,NER_missed_by_A,,довольные,,PER_ROLE,оставить А,"недостаточная разметка, прилагательное без существительного",A-8,False,A,ADJ,2026-07-09,True
C1074,RUS-T_long_02,NER_missed_by_A,,бодрые,,PER_ROLE,оставить А,"недостаточная разметка, однословное прилагательное без существительного",A-8,False,A,ADJ,2026-07-09,True
C1075,RUS-T_long_02,NER_missed_by_A,,хорошие,,PER_ROLE,оставить А,"недостаточная разметка, однословное прилагательное без существительного",A-8,False,A,ADJ,2026-07-09,True
C1076,RUS-T_long_02,NER_missed_by_A,,леса,,PER_ROLE,оставить А,"обобщённые нарицательные существительные, обозначающие места без уникальных названий",A-10,True,A,ADJ,2026-07-09,True
C1077,RUS-T_long_02,Sentiment_label,"— Скажи-ка, сынок, у тебя есть рецепт удачного дня? / — спросил папа-Медведь.","— Скажи-ка, сынок, у тебя есть рецепт удачного дня? — спросил папа-Медведь.",+1 POSITIVE,0 NEUTRAL,+1 POSITIVE,"тёплое, игровое обращение отца к сыну как проявление близости",B-7,True,A,ADJ,2026-07-09,True
C1078,RUS-T_long_02,Sentiment_label,Медвежонок широко улыбнулся:,Медвежонок широко улыбнулся:,+1 POSITIVE,0 NEUTRAL,+1 POSITIVE,"восклицательный знак в следующей реплике подтверждает радостный настрой, но сам сегмент уже содержит маркер позитива",B-2,False,A,ADJ,2026-07-09,True
C1079,RUS-T_long_02,Sentiment_label,"— Да, это неплохой способ.","— Да, это неплохой способ.",0 NEUTRAL,+1 POSITIVE,+1 POSITIVE,общий вектор эпизода — позитивный,B-3,False,B,ADJ,2026-07-09,True
C1080,RUS-T_long_02,Sentiment_label,"— Как ты думаешь, папа, мы можем пойти и прямо сейчас обнять нашего соседа Бобра?","— Как ты думаешь, папа, мы можем пойти и прямо сейчас обнять нашего соседа Бобра?",0 NEUTRAL,+1 POSITIVE,+1 POSITIVE,предложение обнять кого-то как проявление доброты и близости,B-7,True,B,ADJ,2026-07-09,True
C1081,RUS-T_long_02,Sentiment_label,"По дороге отец и сын восхищались лесом, пробуждающимся от зимнего сна, размышляли, живут ли на других планетах медведи, чем-то похожие на них, и даже спорили, что лучше — быть отцом такого бойкого и смышлёного сына или сыном такого мудрого и сильного папы.","По дороге отец и сын восхищались лесом, пробуждающимся от зимнего сна, размышляли, живут ли на других планетах медведи, чем-то похожие на них, и даже спорили, что лучше — быть отцом такого бойкого и смышлёного сына или сыном такого мудрого и сильного папы.",+1 POSITIVE,0 NEUTRAL,+1 POSITIVE,наличие положительных оценочных признаков,B-6,True,A,ADJ,2026-07-09,True
C1082,RUS-T_long_02,Sentiment_label,"Но они добрались до домика Бобра раньше, чем подошёл к концу этот увлекательный разговор.","Но они добрались до домика Бобра раньше, чем подошёл к концу этот увлекательный разговор.",+1 POSITIVE,0 NEUTRAL,+1 POSITIVE,увлекательное общение как источник радости,B-12,True,A,ADJ,2026-07-09,True
C1083,RUS-T_long_02,Sentiment_label,"Сделав напоследок изящный пируэт, Медведь воскликнул:","Сделав напоследок изящный пируэт, Медведь воскликнул:",+1 POSITIVE,0 NEUTRAL,+1 POSITIVE,"игривое, театральное действие как проявление радости",B-12,True,A,ADJ,2026-07-09,True
C1084,RUS-T_long_02,Sentiment_label,"Бобёр ничего не понял, но ему хотелось поскорее вернуться к прерванным делам.","Бобёр ничего не понял, но ему хотелось поскорее вернуться к прерванным делам.",-1 NEGATIVE,0 NEUTRAL,-1 NEGATIVE,непонимание и желание прервать общение без позитивного разрешения,B-4,False,A,ADJ,2026-07-09,True
C1085,RUS-T_long_02,Sentiment_label,"Они были уже в двух шагах от дороги, ведущей прямо к дому, как вдруг Медвежонок дернул отца за лапу и предложил: / — Тогда пойдём и обнимем кого-нибудь ещё!","Они были уже в двух шагах от дороги, ведущей прямо к дому, как вдруг Медвежонок дернул отца за лапу и предложил:
— Тогда пойдём и обнимем кого-нибудь ещё!",0 NEUTRAL,+1 POSITIVE,+1 POSITIVE,предложение совместного доброго действия,B-22,True,B,ADJ,2026-07-09,True
C1086,RUS-T_long_02,Sentiment_label,"Уютно устроившись в кресле-качалке, Ласка читала захватывающий роман.","Уютно устроившись в кресле-качалке, Ласка читала захватывающий роман.",+1 POSITIVE,0 NEUTRAL,+1 POSITIVE,наличие положительных оценочных признаков,B-6,True,A,ADJ,2026-07-09,True
C1087,RUS-T_long_02,Sentiment_label,"И вдруг совсем рядом раздался незнакомый голос: / — Извините, можно вас обнять?","И вдруг совсем рядом раздался незнакомый голос:
— Извините, можно вас обнять?",-1 NEGATIVE,+1 POSITIVE,+1 POSITIVE,вежливая просьба об объятии как проявление доброты и желания близости,B-7,True,B,ADJ,2026-07-09,True
C1088,RUS-T_long_02,Sentiment_label,От неожиданности Ласка свалилась на землю.,От неожиданности Ласка свалилась на землю.,-1 NEGATIVE,0 NEUTRAL,-1 NEGATIVE,падение как проявление беспомощности/испуга,B-13,True,A,ADJ,2026-07-09,True
C1089,RUS-T_long_02,Sentiment_label,"— Ну нельзя же так, ребята.","— Ну нельзя же так, ребята.",-1 NEGATIVE,0 NEUTRAL,-1 NEGATIVE,негативная эмоция без позитивного разрешения в том же сегменте,B-4,False,A,ADJ,2026-07-09,True
C1090,RUS-T_long_02,Sentiment_label,У меня чуть сердце от страха не выскочило!,У меня чуть сердце от страха не выскочило!,-1 NEGATIVE,0 NEUTRAL,-1 NEGATIVE,прямое называние страха через фразеологизм,B-17,True,A,ADJ,2026-07-09,True
C1091,RUS-T_long_02,Sentiment_label,Медвежонок извинился.,Медвежонок извинился.,-1 NEGATIVE,0 NEUTRAL,+1 POSITIVE,извинение как проявление добрых намерений и заботы,B-16,True,neither,ADJ,2026-07-09,True
C1092,RUS-T_long_02,Sentiment_label,"Когда они уходили, Ласка всё ещё держалась за сердце.","Когда они уходили, Ласка всё ещё держалась за сердце.",+1 POSITIVE,0 NEUTRAL,+1 POSITIVE,"жест, который кажется нейтральным, переосмысляется в позитивном ключе через следующий контекст",B-3,False,A,ADJ,2026-07-09,True
C1093,RUS-T_long_02,Sentiment_label,"До сих пор они были абсолютно уверены в том, что медведи едят мёд.","До сих пор они были абсолютно уверены в том, что медведи едят мёд.",-1 NEGATIVE,0 NEUTRAL,-1 NEGATIVE,негативная эмоция без позитивного разрешения в том же сегменте,B-4,False,A,ADJ,2026-07-09,True
C1094,RUS-T_long_02,Sentiment_label,"— Конечно, угощайтесь, / — покорно пробормотали они.","— Конечно, угощайтесь, — покорно пробормотали они.",-1 NEGATIVE,0 NEUTRAL,-1 NEGATIVE,прямое указание на негативное эмоциональное состояние,B-17,True,A,ADJ,2026-07-09,True
C1095,RUS-T_long_02,Sentiment_label,"— Если хотите, можете вообще всё съесть.","— Если хотите, можете вообще всё съесть.",-1 NEGATIVE,0 NEUTRAL,-1 NEGATIVE,негативная эмоция без позитивного разрешения,B-4,False,A,ADJ,2026-07-09,True
C1096,RUS-T_long_02,Sentiment_label,"Медведь поблагодарил зайцев, схватил ближайшую морковку, отряхнул её и слопал целиком.","Медведь поблагодарил зайцев, схватил ближайшую морковку, отряхнул её и слопал целиком.",+1 POSITIVE,0 NEUTRAL,+1 POSITIVE,выражение благодарности как проявление добрых намерений,B-16,True,A,ADJ,2026-07-09,True
C1097,RUS-T_long_02,Sentiment_label,"— Не знаю, как тебе, сынок, а мне морковь не понравилась","— Не знаю, как тебе, сынок, а мне морковь не понравилась.",-1 NEGATIVE,0 NEUTRAL,-1 NEGATIVE,прямое называние негативной оценки,B-17,True,A,ADJ,2026-07-09,True
C1098,RUS-T_long_02,Sentiment_label,— Мне тоже.,— Мне тоже.,-1 NEGATIVE,0 NEUTRAL,-1 NEGATIVE,итоговая эмоция определяется общим эмоциональным направлением,B-3,False,A,ADJ,2026-07-09,True
C1099,RUS-T_long_02,Sentiment_label,"— Правда-правда, вам не нравится морковь?","— Правда-правда, вам не нравится морковь?",+1 POSITIVE,0 NEUTRAL,+1 POSITIVE,радость от избавления от страха,B-12,True,A,ADJ,2026-07-09,True
C1100,RUS-T_long_02,Sentiment_label,Медведи так и сделали.,Медведи так и сделали.,0 NEUTRAL,+1 POSITIVE,+1 POSITIVE,выполнение доброй просьбы как акт доброты и поддержки,B-22,True,B,ADJ,2026-07-09,True
C1101,RUS-T_long_02,Sentiment_label,Усталый и недовольный Волк стоял за деревом и точил когти.,Усталый и недовольный Волк стоял за деревом и точил когти.,-1 NEGATIVE,0 NEUTRAL,-1 NEGATIVE,описание напряжения и недовольства,B-18,True,A,ADJ,2026-07-09,True
C1102,RUS-T_long_02,Sentiment_label,"— К сожалению, не видели.","— К сожалению, не видели.",-1 NEGATIVE,0 NEUTRAL,-1 NEGATIVE,прямое называние сожаления,B-17,True,A,ADJ,2026-07-09,True
C1103,RUS-T_long_02,Sentiment_label,"Окинув их недоверчивым взглядом, Волк неуверенно произнёс: / — Ладно, обнимайте.","Окинув их недоверчивым взглядом, Волк неуверенно произнёс:
— Ладно, обнимайте.",-1 NEGATIVE,+1 POSITIVE,+1 POSITIVE,согласие на объятие как принятие доброты и близости,B-7,True,B,ADJ,2026-07-09,True
C1104,RUS-T_long_02,Sentiment_label,"Только без панибратства, пожалуйста.","Только без панибратства, пожалуйста.",0 NEUTRAL,+1 POSITIVE,+1 POSITIVE,даже с оговоркой Волк принимает доброе действие,B-16,True,B,ADJ,2026-07-09,True
C1105,RUS-T_long_02,Sentiment_label,"Он был так увлечён этими мыслями, что даже не заметил маленькую девочку в красной шапочке, которая, весело напевая что-то себе под нос, пробежала мимо.","Он был так увлечён этими мыслями, что даже не заметил маленькую девочку в красной шапочке, которая, весело напевая что-то себе под нос, пробежала мимо.",+1 POSITIVE,0 NEUTRAL,+1 POSITIVE,наличие положительных оценочных признаков,B-6,True,A,ADJ,2026-07-09,True
C1106,RUS-T_long_02,Sentiment_label,"Утолив жажду, Медвежонок вежливо поинтересовался у Лося, можно ли его обнять.","Утолив жажду, Медвежонок вежливо поинтересовался у Лося, можно ли его обнять.",+1 POSITIVE,0 NEUTRAL,+1 POSITIVE,вежливая просьба об объятии как проявление доброты и близости,B-7,True,A,ADJ,2026-07-09,True
C1107,RUS-T_long_02,Sentiment_label,— Мы хотим! / — ответил папа-Медведь.,— Мы хотим! — ответил папа-Медведь.,0 NEUTRAL,+1 POSITIVE,+1 POSITIVE,желание обнять как проявление близости,B-7,True,B,ADJ,2026-07-09,True
C1108,RUS-T_long_02,Sentiment_label,"— Как вы сюда попали? / — с удивлением воскликнул Медведь, когда они с сыном подошли поближе.","— Как вы сюда попали? — с удивлением воскликнул Медведь, когда они с сыном подошли поближе.",+1 POSITIVE,0 NEUTRAL,0 NEUTRAL,вопросы без маркеров тревоги/страха/радости,B-5,False,B,ADJ,2026-07-09,True
C1109,RUS-T_long_02,Sentiment_label,"Медведь даже испугался, что они перестарались.","Медведь даже испугался, что они перестарались.",-1 NEGATIVE,0 NEUTRAL,-1 NEGATIVE,прямое называние страха/испуга,B-17,True,A,ADJ,2026-07-09,True
C1110,RUS-T_long_02,Sentiment_label,"— Папа, смотри, какая гусеница!","— Папа, смотри, какая гусеница!",+1 POSITIVE,0 NEUTRAL,+1 POSITIVE,"восклицание, выражающее радостное удивление и интерес",B-2,False,A,ADJ,2026-07-09,True
C1111,RUS-T_long_02,Sentiment_label,"Она разноцветная, папа!","Она разноцветная, папа!",+1 POSITIVE,0 NEUTRAL,+1 POSITIVE,"восклицание, выражающее радостное удивление и интерес",B-2,False,A,ADJ,2026-07-09,True
C1112,RUS-T_long_02,Sentiment_label,"Медведь пригнулся к земле, чтобы получше разглядеть это чудо.","Медведь пригнулся к земле, чтобы получше разглядеть это чудо.",+1 POSITIVE,0 NEUTRAL,+1 POSITIVE,наличие положительных оценочных признаков,B-6,True,A,ADJ,2026-07-09,True
C1113,RUS-T_long_02,Sentiment_label,"— Ух ты, действительно!","— Ух ты, действительно!",+1 POSITIVE,0 NEUTRAL,+1 POSITIVE,восклицание с явным маркером радости,B-2,False,A,ADJ,2026-07-09,True
C1114,RUS-T_long_02,Sentiment_label,Как будто кусочек радуги!,Как будто кусочек радуги!,+1 POSITIVE,0 NEUTRAL,+1 POSITIVE,наличие положительных оценочных признаков,B-6,True,A,ADJ,2026-07-09,True
C1115,RUS-T_long_02,Sentiment_label,"Не могу я на вас отвлекаться, мне нужно срочно сплести кокон и забраться в него.","Не могу я на вас отвлекаться, мне нужно срочно сплести кокон и забраться в него.",-1 NEGATIVE,0 NEUTRAL,0 NEUTRAL,слабо выраженная эмоция без драматизации,B-24,True,B,ADJ,2026-07-09,True
C1116,RUS-T_long_02,Sentiment_label,— Что значит — «для чего»?,— Что значит — «для чего»?,-1 NEGATIVE,0 NEUTRAL,0 NEUTRAL,"реплики, связанные с непониманием или уточнением информации",B-20,True,B,ADJ,2026-07-09,True
C1117,RUS-T_long_02,Sentiment_label,"Чтобы превратиться в бабочку, конечно!","Чтобы превратиться в бабочку, конечно!",-1 NEGATIVE,0 NEUTRAL,+1 POSITIVE,важное и радостное событие в жизни персонажа,B-12,True,neither,ADJ,2026-07-09,True
C1118,RUS-T_long_02,Sentiment_label,— Разрешаю.,— Разрешаю.,0 NEUTRAL,+1 POSITIVE,+1 POSITIVE,согласие на объятие как принятие близости и доброты,B-7,True,B,ADJ,2026-07-09,True
C1119,RUS-T_long_02,Sentiment_label,"— Папочка, / — шепнул Медвежонок, / — как ты думаешь, его можно обнять?","— Папочка, — шепнул Медвежонок, — как ты думаешь, его можно обнять?",0 NEUTRAL,+1 POSITIVE,+1 POSITIVE,вопрос о возможности обнять как проявление доброты и близости,B-7,True,B,ADJ,2026-07-09,True
C1120,RUS-T_long_02,Sentiment_label,"— О, конечно, просто на всякий случай! / — с благодарностью выдохнул Охотник, отдавая им ружьё.","— О, конечно, просто на всякий случай! — с благодарностью выдохнул Охотник, отдавая им ружьё.",+1 POSITIVE,0 NEUTRAL,+1 POSITIVE,выражение благодарности как проявление признания добрых намерений,B-16,True,A,ADJ,2026-07-09,True
C1121,RUS-T_long_02,Sentiment_label,"День клонился к вечеру, а довольные и бодрые медведи шагали домой.","День клонился к вечеру, а довольные и бодрые медведи шагали домой.",+1 POSITIVE,0 NEUTRAL,+1 POSITIVE,наличие положительных оценочных признаков,B-6,True,A,ADJ,2026-07-09,True
C1122,RUS-T_long_02,Sentiment_label,"— Эй, кто-нибудь, сфотографируйте нас!","— Эй, кто-нибудь, сфотографируйте нас!",+1 POSITIVE,0 NEUTRAL,+1 POSITIVE,восторженная просьба запечатлеть момент как проявление радости,B-12,False,A,ADJ,2026-07-09,True
C1123,RUS-T_long_02,Sentiment_label,"— В очередь, дети, не все сразу!","— В очередь, дети, не все сразу!",+1 POSITIVE,0 NEUTRAL,+1 POSITIVE,"шутливое, игровое замечание без конфликта и насмешки",B-8,True,A,ADJ,2026-07-09,True
C1124,RUS-T_long_02,Sentiment_label,— Эй!,— Эй!,+1 POSITIVE,0 NEUTRAL,+1 POSITIVE,дружеский оклик в позитивном контексте,B-2,False,A,ADJ,2026-07-09,True
C1125,RUS-T_long_02,Sentiment_label,Подождите нас!,Подождите нас!,+1 POSITIVE,0 NEUTRAL,+1 POSITIVE,дружеский оклик в позитивном контексте,B-2,True,A,ADJ,2026-07-09,True
C1126,RUS-T_long_02,Sentiment_label,"«Похоже, / — подумал он, / — мы обняли вообще всех!»","«Похоже, — подумал он, — мы обняли вообще всех!»",+1 POSITIVE,0 NEUTRAL,+1 POSITIVE,удовлетворение от сделанного доброго дела,B-12,True,A,ADJ,2026-07-10,True
C1127,RUS-T_long_02,Sentiment_label,— А вот и забыли!,— А вот и забыли!,-1 NEGATIVE,0 NEUTRAL,-1 NEGATIVE,негативная эмоция без позитивного разрешения в том же сегменте,B-4,False,A,ADJ,2026-07-10,True
C1128,RUS-T_long_02,Sentiment_label,А вот и забыли!,А вот и забыли!,-1 NEGATIVE,0 NEUTRAL,-1 NEGATIVE,негативная эмоция без позитивного разрешения в том же сегменте,B-4,False,A,ADJ,2026-07-10,True
C1129,RUS-T_long_03,NER_label,детьми,детьми,PER_FAMILY,PER_ROLE,PER_FAMILY,есть явная привязка к конкретной семье,A-5,False,A,ADJ,2026-07-10,True
C1130,RUS-T_long_03,NER_missed_by_B,малыш,,PER_ROLE,,PER_ROLE,"слова, обозначающие возрастные роли",A-11,True,A,ADJ,2026-07-10,True
C1131,RUS-T_long_03,NER_missed_by_B,прицеп,,PER_ROLE,,оставить В,"Обычные предметы, не являющиеся персонажами, не размечаются",A-3,False,B,ADJ,2026-07-10,True
C1132,RUS-T_long_03,NER_missed_by_A,,маленький,,PER_ROLE,оставить А,"недостаточная разметка, прилагательное без существительного",A-8,False,A,ADJ,2026-07-10,True
C1133,RUS-T_long_03,NER_missed_by_A,,специального,,PER_ROLE,оставить А,"недостаточная разметка, прилагательное без существительного",A-8,False,A,ADJ,2026-07-10,True
C1134,RUS-T_long_03,NER_missed_by_A,,погрузчика,,PER_ROLE,PER_ROLE,"слова, обозначающие категории транспортных средств без уникальных имён",A-3,False,B,ADJ,2026-07-10,True
C1135,RUS-T_long_03,NER_missed_by_A,,Маленький,,PER_ROLE,оставить А,"недостаточная разметка, однословное прилагательного без существительного",A-8,False,A,ADJ,2026-07-10,True
C1136,RUS-T_long_03,NER_missed_by_A,,самый,,PER_ROLE,оставить А,"недостаточная разметка, прилагательное без существительного",A-8,False,A,ADJ,2026-07-10,True
C1137,RUS-T_long_03,NER_missed_by_A,,счастливый,,PER_ROLE,оставить А,"недостаточная разметка, прилагательное без существительного",A-8,False,A,ADJ,2026-07-10,True
C1138,RUS-T_long_03,NER_missed_by_A,,хорошим,,PER_ROLE,оставить А,"недостаточная разметка, однословное прилагательное без существительного",A-8,False,A,ADJ,2026-07-10,True
C1139,RUS-T_long_03,NER_missed_by_A,,хороший,,PER_ROLE,оставить А,"недостаточная разметка, однословное прилагательное без существительного",A-8,False,A,ADJ,2026-07-10,True
C1140,RUS-T_long_03,NER_missed_by_A,,огромный,,PER_ROLE,оставить А,"недостаточная разметка, однословное прилагательное без существительного",A-8,False,A,ADJ,2026-07-10,True
C1141,RUS-T_long_03,NER_missed_by_A,,важный,,PER_ROLE,оставить А,"недостаточная разметка, однословное прилагательное без существительного",A-8,False,A,ADJ,2026-07-10,True
C1142,RUS-T_long_03,NER_missed_by_A,,маленький,,PER_ROLE,оставить А,"недостаточная разметка, однословное прилагательное без существительного",A-8,False,A,ADJ,2026-07-10,True
C1143,RUS-T_long_03,NER_missed_by_A,,хозяин,,PER_ROLE,PER_ROLE,"слова, обозначающие социальные роли и статусы",A-11,True,B,ADJ,2026-07-10,True
C1144,RUS-T_long_03,NER_missed_by_A,,маленький,,PER_ROLE,оставить А,"недостаточная разметка, однословное прилагательное без существительного",A-8,False,A,ADJ,2026-07-10,True
C1145,RUS-T_long_03,NER_missed_by_A,,беднягу,,PER_ROLE,оставить А,"это оценочная, эмоциональная характеристика, не являющаяся ролью",A-10,True,A,ADJ,2026-07-10,True
C1146,RUS-T_long_03,NER_missed_by_A,,большой,,PER_ROLE,оставить А,"недостаточная разметка, прилагательное без существительного",A-8,False,A,ADJ,2026-07-10,True
C1147,RUS-T_long_03,NER_missed_by_A,,разные,,PER_ROLE,оставить А,"недостаточная разметка, прилагательное без существительного",A-8,False,A,ADJ,2026-07-10,True
C1148,RUS-T_long_03,NER_missed_by_A,,огромные,,PER_ROLE,оставить А,"недостаточная разметка, прилагательное без существительного",A-8,False,A,ADJ,2026-07-10,True
C1149,RUS-T_long_03,NER_missed_by_A,,с,,PER_ROLE,оставить А,предлоги не являются сущностями,A-10,True,A,ADJ,2026-07-10,True
C1150,RUS-T_long_03,NER_missed_by_A,,новом,,PER_ROLE,оставить А,предлоги не являются сущностями,A-10,False,A,ADJ,2026-07-10,True
C1151,RUS-T_long_03,NER_missed_by_A,,новый,,PER_ROLE,оставить А,"недостаточная разметка, однословное прилагательное без существительного",A-8,False,A,ADJ,2026-07-10,True
C1152,RUS-T_long_03,NER_missed_by_A,,маленький,,PER_ROLE,оставить А,"недостаточная разметка, однословное прилагательное без существительного",A-8,False,A,ADJ,2026-07-10,True
C1153,RUS-T_long_03,NER_missed_by_A,,великанами,,PER_ROLE,оставить А,"образные, метафорические обозначения",A-8,False,A,ADJ,2026-07-10,True
C1154,RUS-T_long_03,NER_missed_by_A,,краны,,PER_ROLE,PER_ROLE,"недостаточная разметка, должна быть одна сущность - подъемный кран PER_ROLE, вид техники",A-8,False,A,ADJ,2026-07-10,True
C1155,RUS-T_long_03,NER_missed_by_A,,катки,,PER_ROLE,PER_ROLE,"недостаточная разметка, должна быть одна сущность - дорожные катки PER_ROLE",A-8,False,B,ADJ,2026-07-10,True
C1156,RUS-T_long_03,NER_missed_by_A,,машины,,PER_ROLE,PER_ROLE,"недостаточная разметка, должна быть одна сущность - пожарные машины PER_ROLE",A-8,False,B,ADJ,2026-07-10,True
C1157,RUS-T_long_03,NER_missed_by_A,,многотонный,,PER_ROLE,оставить А,"недостаточная разметка, однословное прилагательное без существительного",A-8,False,A,ADJ,2026-07-10,True
C1158,RUS-T_long_03,NER_missed_by_A,,большие,,PER_ROLE,оставить А,"недостаточная разметка, однословное прилагательное без существительного",A-8,False,A,ADJ,2026-07-10,True
C1159,RUS-T_long_03,NER_missed_by_A,,строительная,,PER_ROLE,оставить А,"недостаточная разметка, однословное прилагательное без существительного",A-8,False,A,ADJ,2026-07-10,True
C1160,RUS-T_long_03,NER_missed_by_A,,большие,,PER_ROLE,оставить А,"недостаточная разметка, однословное прилагательное без существительного",A-8,False,A,ADJ,2026-07-10,True
C1161,RUS-T_long_03,NER_missed_by_A,,Большие,,PER_ROLE,оставить А,"недостаточная разметка, однословное прилагательное без существительного",A-8,False,A,ADJ,2026-07-10,True
C1162,RUS-T_long_03,NER_missed_by_A,,маленький,,PER_ROLE,оставить А,"недостаточная разметка, однословное прилагательное без существительного",A-8,False,A,ADJ,2026-07-10,True
C1163,RUS-T_long_03,NER_missed_by_A,,большие,,PER_ROLE,оставить А,"недостаточная разметка, однословное прилагательное без существительного",A-8,False,A,ADJ,2026-07-10,True
C1164,RUS-T_long_03,NER_missed_by_A,,маленький,,PER_ROLE,оставить А,"недостаточная разметка, однословное прилагательное без существительного",A-8,False,A,ADJ,2026-07-10,True
C1165,RUS-T_long_03,NER_missed_by_A,,большие,,PER_ROLE,оставить А,"недостаточная разметка, однословное прилагательное без существительного",A-8,False,A,ADJ,2026-07-10,True
C1166,RUS-T_long_03,NER_missed_by_A,,весёлые,,PER_ROLE,оставить А,"недостаточная разметка, однословное прилагательное без существительного",A-8,False,A,ADJ,2026-07-10,True
C1167,RUS-T_long_03,NER_missed_by_A,,трактор,,PER_ROLE,PER_ROLE,"объекты, обозначающие общий вид/категорию без уникального имени",A-3,False,B,ADJ,2026-07-10,True
C1168,RUS-T_long_03,NER_missed_by_A,,САМЫЙ,,PER_ROLE,оставить А,"недостаточная разметка, прилагательное без существительного",A-8,False,A,ADJ,2026-07-10,True
C1169,RUS-T_long_03,NER_missed_by_A,,СЧАСТЛИВЫЙ,,PER_ROLE,оставить А,"недостаточная разметка, прилагательное без имени существительного",A-8,False,A,ADJ,2026-07-10,True
C1170,RUS-T_long_03,Sentiment_label,Он умел делать много полезных вещей.,Он умел делать много полезных вещей.,+1 POSITIVE,0 NEUTRAL,+1 POSITIVE,описание полезных дел как источника удовлетворения,B-12,False,A,ADJ,2026-07-10,True
C1171,RUS-T_long_03,Sentiment_label,"Цепь натянулась, но пень не шелохнулся.","Цепь натянулась, но пень не шелохнулся.",-1 NEGATIVE,0 NEUTRAL,-1 NEGATIVE,описание безуспешного действия и отсутствия результата,B-14,True,A,ADJ,2026-07-10,True
C1172,RUS-T_long_03,Sentiment_label,"«Сейчас-сейчас», / — подумал Трум и поднатужился ещё немного, но не смог сдвинуться с места и от напряжения даже встал на дыбы.","«Сейчас-сейчас», — подумал Трум и поднатужился ещё немного, но не смог сдвинуться с места и от напряжения даже встал на дыбы.",-1 NEGATIVE,0 NEUTRAL,-1 NEGATIVE,описание безуспешного действия и отсутствия результата,B-14,True,A,ADJ,2026-07-10,True
C1173,RUS-T_long_03,Sentiment_label,"Управлял трактором фермер Шнукенак, тоже очень важный и довольный.","Управлял трактором фермер Шнукенак, тоже очень важный и довольный.",-1 NEGATIVE,0 NEUTRAL,-1 NEGATIVE,высокомерие и унижение Трума создают негативный фон,B-8,True,A,ADJ,2026-07-10,True
C1174,RUS-T_long_03,Sentiment_label,"— Но ведь я тоже могу со всем справиться! / — крикнул ему Трум, когда хозяин ушёл","— Но ведь я тоже могу со всем справиться! — крикнул ему Трум, когда хозяин ушёл.",+1 POSITIVE,-1 NEGATIVE,-1 NEGATIVE,крик отчаяния и протеста как выражение негативного эмоционального состояния,B-17,True,B,ADJ,2026-07-10,True
C1175,RUS-T_long_03,Sentiment_label,"А большой трактор каждое утро выезжал из сарая, а вечером возвращался обратно — по-прежнему самоуверенный и полный сил.","А большой трактор каждое утро выезжал из сарая, а вечером возвращался обратно — по-прежнему самоуверенный и полный сил.",-1 NEGATIVE,0 NEUTRAL,-1 NEGATIVE,самоуверенность новичка в контексте страданий Трума,B-17,True,A,ADJ,2026-07-10,True
C1176,RUS-T_long_03,Sentiment_label,"«Вот бы поработать вместе с ними», / — подумал Трум.","«Вот бы поработать вместе с ними», — подумал Трум.",+1 POSITIVE,0 NEUTRAL,+1 POSITIVE,мечта о полезной работе как позитивная эмоция,B-12,True,A,ADJ,2026-07-10,True
C1177,RUS-T_long_03,Sentiment_label,"Обернувшись на прощание, Трум увидел, как новый трактор, довольно урча мотором, увозит фермера в поле.","Обернувшись на прощание, Трум увидел, как новый трактор, довольно урча мотором, увозит фермера в поле.",-1 NEGATIVE,0 NEUTRAL,-1 NEGATIVE,чувство горечи от утраты,B-17,True,A,ADJ,2026-07-10,True
C1178,RUS-T_long_03,Sentiment_label,Больше Трум не оглядывался.,Больше Трум не оглядывался.,-1 NEGATIVE,0 NEUTRAL,-1 NEGATIVE,горькое прощание без позитивного разрешения в том же сегменте,B-4,False,A,ADJ,2026-07-10,True
C1179,RUS-T_long_03,Sentiment_label,"И вот наконец маленький трактор услышал напряжённый рёв моторов, грохот и шум, доносившиеся со стройки.","И вот наконец маленький трактор услышал напряжённый рёв моторов, грохот и шум, доносившиеся со стройки.",+1 POSITIVE,0 NEUTRAL,+1 POSITIVE,приближение к новой жизни,B-23,True,A,ADJ,2026-07-10,True
C1180,RUS-T_long_03,Sentiment_label,Ему просто не терпелось вновь приняться за работу — тем более вместе с такими великанами.,Ему просто не терпелось вновь приняться за работу — тем более вместе с такими великанами.,+1 POSITIVE,0 NEUTRAL,+1 POSITIVE,приближение к новой жизни,B-23,True,A,ADJ,2026-07-10,True
C1181,RUS-T_long_03,Sentiment_label,"- Я тоже хочу что-нибудь делать, помогать вам.","- Я тоже хочу что-нибудь делать, помогать вам.",+1 POSITIVE,0 NEUTRAL,+1 POSITIVE,выражение желания помогать как проявление добрых намерений,B-16,True,A,ADJ,2026-07-10,True
C1182,RUS-T_long_03,Sentiment_label,"Я, кажется, слегка намусорил, / — засмеялся самосвал и, весело рыкнув мотором, поехал дальше.","Я, кажется, слегка намусорил, — засмеялся самосвал и, весело рыкнув мотором, поехал дальше.",-1 NEGATIVE,0 NEUTRAL,-1 NEGATIVE,"есть явная насмешка, унижение или эмоциональное страдание персонажа",B-8,True,A,ADJ,2026-07-10,True
C1183,RUS-T_long_03,Sentiment_label,"Все же он беспрекословно взялся за дело и весь день прилежно сгребал с дороги грязь, которую оставляли за собой большие машины.","Все же он беспрекословно взялся за дело и весь день прилежно сгребал с дороги грязь, которую оставляли за собой большие машины.",+1 POSITIVE,0 NEUTRAL,+1 POSITIVE,усердное выполнение работы как проявление ответственности и трудолюбия,B-12,True,A,ADJ,2026-07-10,True
C1184,RUS-T_long_03,Sentiment_label,"Он толкал, тянул, пыхтел, и пенёк уже начал поддаваться.","Он толкал, тянул, пыхтел, и пенёк уже начал поддаваться.",+1 POSITIVE,0 NEUTRAL,+1 POSITIVE,приближение к решению проблемы,B-23,True,A,ADJ,2026-07-10,True
C1185,RUS-T_long_03,Sentiment_label,. Но тут Трум остановился.,Но тут Трум остановился.,+1 POSITIVE,-1 NEGATIVE,-1 NEGATIVE,позитивный прогресс прерывается негативным событием,B-4,False,B,ADJ,2026-07-10,True
C1186,RUS-T_long_03,Sentiment_label,"Его поливали летние дожди, а потом — осенние ливни.","Его поливали летние дожди, а потом — осенние ливни.",0 NEUTRAL,-1 NEGATIVE,-1 NEGATIVE,описание разрушительного воздействия погоды,B-18,True,B,ADJ,2026-07-10,True
C1187,RUS-T_long_03,Sentiment_label,"Потом Трума укрыли пёстрые осенние листья, а затем и первый снег.","Потом Трума укрыли пёстрые осенние листья, а затем и первый снег.",0 NEUTRAL,-1 NEGATIVE,-1 NEGATIVE,продолжение процесса упадка,B-14,True,B,ADJ,2026-07-10,True
C1189,RUS-T_long_03,Sentiment_label,Трум закашлял и зачихал.,Трум закашлял и зачихал.,-1 NEGATIVE,0 NEUTRAL,-1 NEGATIVE,состояние износа,B-14,True,A,ADJ,2026-07-10,True
C1190,RUS-T_long_03,Sentiment_label,"Он дёргался, хрипел и фыркал — такое бывает, если стоять без дела слишком долго.","Он дёргался, хрипел и фыркал — такое бывает, если стоять без дела слишком долго.",-1 NEGATIVE,0 NEUTRAL,-1 NEGATIVE,описание неисправности как маркер негативного состояния,B-17,True,A,ADJ,2026-07-10,True
C1191,RUS-T_long_03,Sentiment_label,"Трум заглох было, но потом снова заурчал, довольно и радостно.","Трум заглох было, но потом снова заурчал, довольно и радостно.",+1 POSITIVE,0 NEUTRAL,+1 POSITIVE,возвращение к жизни после долгого простоя,B-23,True,A,ADJ,2026-07-10,True
C1192,RUS-T_long_03,Sentiment_label,Мальчик быстро взобрался на трактор и уселся к отцу на колени.,Мальчик быстро взобрался на трактор и уселся к отцу на колени.,+1 POSITIVE,0 NEUTRAL,+1 POSITIVE,физическая близость (ребёнок на коленях у отца) как проявление любви и доверия,B-7,True,A,ADJ,2026-07-10,True
C1193,RUS-T_long_03,Sentiment_label,Труму всё здесь было знакомо.,Труму всё здесь было знакомо.,+1 POSITIVE,0 NEUTRAL,+1 POSITIVE,"описание знакомых, любимых мест",B-12,True,A,ADJ,2026-07-10,True
C1194,RUS-T_long_03,Sentiment_label,"Потом Трум повернул к озеру, чтобы дети могли там искупаться.","Потом Трум повернул к озеру, чтобы дети могли там искупаться.",+1 POSITIVE,0 NEUTRAL,+1 POSITIVE,"действие, направленное на то, чтобы сделать других счастливыми",B-22,True,A,ADJ,2026-07-10,True
C1188,RUS-T_long_03,Sentiment_label,Теперь и другие дети заметили трактор.,Теперь и другие дети заметили трактор.,0 NEUTRAL,+1 POSITIVE,+1 POSITIVE,внимание и любовь детей как позитивная эмоция,B-12,True,B,ADJ,2026-07-10,True
