case_id,book_id,type,text_A,text_B,label_A,label_B,decision,rule_applied,precedent_id,new_precedent,resolved_in_favor_of,judge_id,date
C0001,RUS-O_long_01,NER_label,Обнимама,Обнимама,PER_FAMILY,PER_NAME,PER_NAME,семейная роль становится уникальным авторским именем персонажа,A-4,False,B,ADJ,2026-06-29
C0002,RUS-O_long_01,NER_label,Обнимашка,Обнимашка,PER_ROLE,PER_NAME,PER_NAME,Уникальное авторское имя,A-1,False,B,ADJ,2026-06-29
C0003,RUS-O_long_01,NER_label,Обнимашка,Обнимашка,PER_ROLE,PER_NAME,PER_NAME,Уникальное авторское имя,A-1,False,B,ADJ,2026-06-29
C0004,RUS-O_long_01,NER_label,Марабу,Марабу,PER_ROLE,PER_NAME,PER_NAME,Животные как конкретные персонажи с индивидуальными чертами и уникальным именем,A-3,False,B,ADJ,2026-06-29
C0005,RUS-O_long_01,NER_label,Марабу,Марабу,PER_ROLE,PER_NAME,PER_NAME,Животные как конкретные персонажи с индивидуальными чертами и уникальным именем,A-3,False,B,ADJ,2026-06-29
C0006,RUS-O_long_01,NER_label,Марабу,Марабу,PER_ROLE,PER_NAME,PER_NAME,Животные как конкретные персонажи с индивидуальными чертами и уникальным именем,A-3,False,B,ADJ,2026-06-29
C0007,RUS-O_long_01,NER_label,Обнимашка,Обнимашка,PER_ROLE,PER_NAME,PER_NAME,Уникальное авторское имя,A-1,False,B,ADJ,2026-06-29
C0008,RUS-O_long_01,NER_label,Марабу,Марабу,PER_ROLE,PER_NAME,PER_NAME,Уникальное авторское имя,A-1,False,B,ADJ,2026-06-29
C0009,RUS-O_long_01,NER_label,Марабу,Марабу,PER_ROLE,PER_NAME,PER_NAME,Уникальное авторское имя,A-1,False,B,ADJ,2026-06-29
C0010,RUS-O_long_01,NER_label,Марабу,Марабу,PER_ROLE,PER_NAME,PER_NAME,Животные как конкретные персонажи с индивидуальными чертами и уникальным именем,A-3,False,B,ADJ,2026-06-29
C0011,RUS-O_long_01,NER_label,Обнимашка,Обнимашка,PER_ROLE,PER_NAME,PER_NAME,Уникальное авторское имя,A-1,False,B,ADJ,2026-06-29
C0012,RUS-O_long_01,NER_label,Обнимашка,Обнимашка,PER_ROLE,PER_NAME,PER_NAME,Уникальное авторское имя,A-1,False,B,ADJ,2026-06-29
C0013,RUS-O_long_01,NER_label,Обнимашка,Обнимашка,PER_ROLE,PER_NAME,PER_NAME,Уникальное авторское имя,A-1,False,B,ADJ,2026-06-29
C0014,RUS-O_long_01,NER_label,Обнимашка,Обнимашка,PER_ROLE,PER_NAME,PER_NAME,Уникальное авторское имя,A-1,False,B,ADJ,2026-06-29
C0015,RUS-O_long_01,NER_label,Обнимашка,Обнимашка,PER_ROLE,PER_NAME,PER_NAME,Уникальное авторское имя,A-1,False,B,ADJ,2026-06-29
C0016,RUS-O_long_01,NER_label,Обнимама,Обнимама,PER_FAMILY,PER_NAME,PER_NAME,семейная роль становится уникальным авторским именем персонажа,A-4,False,B,ADJ,2026-06-29
C0017,RUS-O_long_01,NER_label,Обнимама,Обнимама,PER_FAMILY,PER_NAME,PER_NAME,семейная роль становится уникальным авторским именем персонажа,A-4,False,B,ADJ,2026-06-29
C0018,RUS-O_long_01,NER_label,Марабу,Марабу,PER_ROLE,PER_NAME,PER_NAME,Животные как конкретные персонажи с индивидуальными чертами и уникальным именем,A-3,False,B,ADJ,2026-06-29
C0019,RUS-O_long_01,NER_label,Марабу,Марабу,PER_ROLE,PER_NAME,PER_NAME,Животные как конкретные персонажи с индивидуальными чертами и уникальным именем,A-3,False,B,ADJ,2026-06-29
C0020,RUS-O_long_01,NER_label,Марабу,Марабу,PER_ROLE,PER_NAME,PER_NAME,Животные как конкретные персонажи с индивидуальными чертами и уникальным именем,A-3,False,B,ADJ,2026-06-29
C0021,RUS-O_long_01,NER_label,Марабу,Марабу,PER_ROLE,PER_NAME,PER_NAME,Животные как конкретные персонажи с индивидуальными чертами и уникальным именем,A-3,False,B,ADJ,2026-06-29
C0022,RUS-O_long_01,NER_label,Обнимашка,Обнимашка,PER_ROLE,PER_NAME,PER_NAME,Животные как конкретные персонажи с индивидуальными чертами и уникальным именем,A-3,False,B,ADJ,2026-06-29
C0023,RUS-O_long_01,NER_label,Обнимама,Обнимама,PER_FAMILY,PER_NAME,PER_NAME,семейная роль становится уникальным авторским именем персонажа,A-4,False,B,ADJ,2026-06-29
C0024,RUS-O_long_01,NER_label,Обнимама,Обнимама,PER_FAMILY,PER_NAME,PER_NAME,семейная роль становится уникальным авторским именем персонажа,A-4,False,B,ADJ,2026-06-29
C0025,RUS-O_long_01,NER_label,Обнимашка,Обнимашка,PER_ROLE,PER_NAME,PER_NAME,Уникальное авторское имя,A-1,False,B,ADJ,2026-06-29
C0026,RUS-O_long_01,NER_label,Обнимамы,Обнимамы,PER_FAMILY,PER_NAME,PER_NAME,семейная роль становится уникальным авторским именем персонажа,A-4,False,B,ADJ,2026-06-29
C0027,RUS-O_long_01,NER_label,Обнимашка,Обнимашка,PER_ROLE,PER_NAME,PER_NAME,Уникальное авторское имя,A-1,False,B,ADJ,2026-06-29
C0028,RUS-O_long_01,NER_label,Марабу,Марабу,PER_ROLE,PER_NAME,PER_NAME,Животные как конкретные персонажи с индивидуальными чертами и уникальным именем,A-3,False,B,ADJ,2026-06-29
C0029,RUS-O_long_01,NER_label,Обнимашка,Обнимашка,PER_ROLE,PER_NAME,PER_NAME,Уникальное авторское имя,A-1,False,B,ADJ,2026-06-29
C0030,RUS-O_long_01,NER_label,Марабу,Марабу,PER_ROLE,PER_NAME,PER_NAME,Животные как конкретные персонажи с индивидуальными чертами и уникальным именем,A-3,False,B,ADJ,2026-06-29
C0031,RUS-O_long_01,NER_label,Обнимама,Обнимама,PER_FAMILY,PER_NAME,PER_NAME,Животные как конкретные персонажи с индивидуальными чертами и уникальным именем,A-3,False,B,ADJ,2026-06-29
C0032,RUS-O_long_01,NER_label,Марабу,Марабу,PER_ROLE,PER_NAME,PER_NAME,Животные как конкретные персонажи с индивидуальными чертами и уникальным именем,A-3,False,B,ADJ,2026-06-29
C0033,RUS-O_long_01,NER_label,Обнимашка,Обнимашка,PER_ROLE,PER_NAME,PER_NAME,Уникальное авторское имя,A-1,False,B,ADJ,2026-06-29
C0034,RUS-O_long_01,NER_label,Обнимама,Обнимама,PER_FAMILY,PER_NAME,PER_NAME,семейная роль становится уникальным авторским именем персонажа,A-4,False,B,ADJ,2026-06-29
C0035,RUS-O_long_01,NER_label,Обнимашка,Обнимашка,PER_ROLE,PER_NAME,PER_NAME,Уникальное авторское имя,A-1,False,B,ADJ,2026-06-29
C0036,RUS-O_long_01,NER_missed_by_B,бабочек,,PER_ROLE,,PER_ROLE,Животные как общий вид или фоновая роль,A-3,False,A,ADJ,2026-06-29
C0037,RUS-O_long_01,NER_missed_by_B,бабочек,,PER_ROLE,,PER_ROLE,Животные как общий вид или фоновая роль,A-3,False,A,ADJ,2026-06-29
C0038,RUS-O_long_01,NER_missed_by_B,птиц,,PER_ROLE,,PER_ROLE,Животные как общий вид или фоновая роль,A-3,False,A,ADJ,2026-06-29
C0039,RUS-O_long_01,NER_missed_by_B,бегемота,,PER_ROLE,,PER_ROLE,Животные как общий вид или фоновая роль,A-3,False,A,ADJ,2026-06-29
C0040,RUS-O_long_01,NER_missed_by_B,птиц,,PER_ROLE,,PER_ROLE,Животные как общий вид или фоновая роль,A-3,False,A,ADJ,2026-06-29
C0041,RUS-O_long_01,NER_missed_by_B,жирафа,,PER_ROLE,,PER_ROLE,Животные как общий вид или фоновая роль,A-3,False,A,ADJ,2026-06-29
C0042,RUS-O_long_01,NER_missed_by_B,птицы,,PER_ROLE,,PER_ROLE,Животные как общий вид или фоновая роль,A-3,False,A,ADJ,2026-06-29
C0043,RUS-O_long_01,NER_missed_by_B,зверей,,PER_ROLE,,PER_ROLE,Животные как общий вид или фоновая роль,A-3,False,A,ADJ,2026-06-29
C0044,RUS-O_long_01,NER_missed_by_B,зверят,,PER_ROLE,,PER_ROLE,Животные как общий вид или фоновая роль,A-3,False,A,ADJ,2026-06-29
C0045,RUS-O_long_01,NER_missed_by_B,слоны,,PER_ROLE,,PER_ROLE,Животные как общий вид или фоновая роль,A-3,False,A,ADJ,2026-06-29
C0046,RUS-O_long_01,NER_missed_by_B,птицы,,PER_ROLE,,PER_ROLE,Животные как общий вид или фоновая роль,A-3,False,A,ADJ,2026-06-29
C0047,RUS-O_long_01,NER_missed_by_A,,маленький,,PER_ROLE,keep A,Прилагательное без существительного,A-8,False,A,ADJ,2026-06-29
C0048,RUS-O_long_01,NER_missed_by_A,,маленький,,PER_ROLE,keep A,Прилагательное без существительного,A-8,False,A,ADJ,2026-06-29
C0049,RUS-O_long_01,NER_missed_by_A,,воспитателя,,PER_ROLE,PER_ROLE,социальная функция персонажа,A-3,False,B,ADJ,2026-06-29
C0050,RUS-O_long_01,NER_missed_by_A,,мудрой,,PER_ROLE,keep A,Сверхразметка — природа в тексте не действует как персонаж с репликами,A-8,False,A,ADJ,2026-06-29
C0051,RUS-O_long_01,NER_missed_by_A,,природе,,PER_ROLE,keep A,Сверхразметка — природа в тексте не действует как персонаж с репликами,A-8,False,A,ADJ,2026-06-29
C0052,RUS-O_long_01,NER_missed_by_A,,Природа,,PER_ROLE,keep A,Сверхразметка — природа в тексте не действует как персонаж с репликами,A-8,False,A,ADJ,2026-06-29
C0053,RUS-O_long_01,NER_missed_by_A,,маленькая,,PER_ROLE,keep A,однословное прилагательное без существительного,A-8,False,A,ADJ,2026-06-29
C0054,RUS-O_long_01,NER_missed_by_A,,мудрого,,PER_ROLE,keep A,однословное прилагательное без существительного,A-8,False,A,ADJ,2026-06-29
C0055,RUS-O_long_01,NER_missed_by_A,,друзья,,PER_ROLE,PER_ROLE,устойчивые социальные отношения персонажей,A-9,True,B,ADJ,2026-06-29
C0056,RUS-O_long_01,NER_missed_by_A,,одинокой,,PER_ROLE,keep A,однословное прилагательное без существительного,A-8,False,A,ADJ,2026-06-29
C0057,RUS-O_long_01,NER_missed_by_A,,лягушке,,PER_ROLE,PER_ROLE,Животные как общий вид или фоновая роль,A-3,False,B,ADJ,2026-06-29
C0058,RUS-O_long_01,NER_missed_by_A,,слонёнок,,PER_ROLE,PER_ROLE,Животные как общий вид или фоновая роль,A-3,False,B,ADJ,2026-06-29
C0059,RUS-O_long_01,NER_missed_by_A,,маленькая,,PER_ROLE,keep A,однословное прилагательное без существительного,A-8,False,A,ADJ,2026-06-29
C0060,RUS-O_long_01,NER_missed_by_A,,зверят,,PER_ROLE,PER_ROLE,Животные как общий вид или фоновая роль,A-3,False,B,ADJ,2026-06-29
C0061,RUS-O_long_01,NER_missed_by_A,,мудрого,,PER_ROLE,keep A,однословное прилагательное без существительного,A-8,False,A,ADJ,2026-06-29
C0062,RUS-O_long_01,NER_missed_by_A,,маленькая,,PER_ROLE,keep A,однословное прилагательное без существительного,A-8,False,A,ADJ,2026-06-29
C0063,RUS-O_long_01,NER_missed_by_A,,мудрая,,PER_ROLE,keep A,однословное прилагательное без существительного,A-8,False,A,ADJ,2026-06-29
C0064,RUS-O_long_01,NER_missed_by_A,,природа,,PER_ROLE,keep A,Сверхразметка — природа в тексте не действует как персонаж с репликами,A-8,False,A,ADJ,2026-06-29
C0065,RUS-O_long_01,NER_missed_by_A,,умный,,PER_ROLE,keep A,однословное прилагательное без существительного,A-8,False,A,ADJ,2026-06-29
C0066,RUS-O_long_01,NER_missed_by_A,,смелый,,PER_ROLE,keep A,однословное прилагательное без существительного,A-8,False,A,ADJ,2026-06-29
C0067,RUS-O_long_01,Sentiment_label,"В одной тёплой стране, где солнце заботливо согревало землю своими лучами, а ночью на небе было столько звёзд, что не сосчитать, жил маленький слонёнок.","В одной тёплой стране, где солнце заботливо согревало землю своими лучами, а ночью на небе было столько звёзд, что не сосчитать, жил маленький слонёнок.",+1 POSITIVE,0 NEUTRAL,+1 POSITIVE,Пейзажные или экспозиционные описания содержат явные положительные оценочные признаки,B-6,True,A,ADJ,2026-06-29
C0068,RUS-O_long_01,Sentiment_label,"— Обними меня, мама! / — просил он перед сном.","— Обними меня, мама! — просил он перед сном.",0 NEUTRAL,+1 POSITIVE,+1 POSITIVE,"Высказывания, выражающие потребность в любви, поддержке или физической близости",B-7,True,B,ADJ,2026-06-29
C0069,RUS-O_long_01,Sentiment_label,"— Обними, мама! / — шептал рано утром.","— Обними, мама! — шептал рано утром.",0 NEUTRAL,+1 POSITIVE,+1 POSITIVE,"Высказывания, выражающие потребность в любви, поддержке или физической близости",B-7,True,B,ADJ,2026-06-29
C0070,RUS-O_long_01,Sentiment_label,— Где ты?,— Где ты?,0 NEUTRAL,-1 NEGATIVE,0 NEUTRAL,Вопросы без явных маркеров тревоги/страха,B-5,False,A,ADJ,2026-06-29
C0071,RUS-O_long_01,Sentiment_label,". О, это был самый настоящий цветущий сад!","О, это был самый настоящий цветущий сад!",+1 POSITIVE,0 NEUTRAL,+1 POSITIVE,Восклицательные предложения с явными маркерами радости/восхищения,B-2,False,A,ADJ,2026-06-29
C0072,RUS-O_long_01,Sentiment_label,"Он говорил о солнце и луне, о траве и песках, о львах и антилопах, о крокодилах и лягушках, о птицах и жучках, о мудрой природе, в которой всё придумано как нельзя лучше.","Он говорил о солнце и луне, о траве и песках, о львах и антилопах, о крокодилах и лягушках, о птицах и жучках, о мудрой природе, в которой всё придумано как нельзя лучше.",+1 POSITIVE,0 NEUTRAL,+1 POSITIVE,Пейзажные или экспозиционные описания содержат явные положительные оценочные признаки,B-6,True,A,ADJ,2026-06-29
C0073,RUS-O_long_01,Sentiment_label,"Природа даёт нам всё, что нужно для жизни, в ней всего достаточно.","Природа даёт нам всё, что нужно для жизни, в ней всего достаточно.",+1 POSITIVE,0 NEUTRAL,+1 POSITIVE,Пейзажные или экспозиционные описания содержат явные положительные оценочные признаки,B-6,True,A,ADJ,2026-06-29
C0074,RUS-O_long_01,Sentiment_label,"— Разумеется, / — хмыкнул Марабу, посмотрев на неё сверху вниз.","— Разумеется, — хмыкнул Марабу, посмотрев на неё сверху вниз.",-1 NEGATIVE,0 NEUTRAL,0 NEUTRAL,"в контексте отсутствуют конфликт, насмешка, унижение или эмоциональное страдание персонажа",B-8,True,B,ADJ,2026-06-29
C0075,RUS-O_long_01,Sentiment_label,Солнце всё так же лениво выкатывалось на небосклон и дарило миру своё тепло.,Солнце всё так же лениво выкатывалось на небосклон и дарило миру своё тепло.,+1 POSITIVE,0 NEUTRAL,0 NEUTRAL,"ближайший контекст показывает, что позитивные образы становятся частью неблагоприятной ситуации",B-9,True,B,ADJ,2026-06-29
C0076,RUS-O_long_01,Sentiment_label,"Каждое утро Обнимашка набирал в хобот воду из ручья и поливал цветы, поникшие от жары.","Каждое утро Обнимашка набирал в хобот воду из ручья и поливал цветы, поникшие от жары.",+1 POSITIVE,0 NEUTRAL,+1 POSITIVE,"Действия персонажа, направленные на помощь, заботу или поддержку других, получают положительную оценку, даже если происходят на фоне неблагоприятной ситуации",B-10,True,A,ADJ,2026-06-29
C0077,RUS-O_long_01,Sentiment_label,Но…,Но…,-1 NEGATIVE,0 NEUTRAL,0 NEUTRAL,отрицательная эмоция или конфликт появляются только в следующем высказывании,B-11,True,B,ADJ,2026-06-29
C0078,RUS-O_long_01,Sentiment_label,Он очень любил сидеть рядом с водой и смотреть на своё отражение.,Он очень любил сидеть рядом с водой и смотреть на своё отражение.,+1 POSITIVE,0 NEUTRAL,+1 POSITIVE,"Высказывания выражают удовольствие, привязанность, комфорт или внутреннее спокойствие",B-12,True,A,ADJ,2026-06-29
C0079,RUS-O_long_01,Sentiment_label,— Ква. / — Лягушка развела лапками и прыгнула в кусты.,— Ква. — Лягушка развела лапками и прыгнула в кусты.,0 NEUTRAL,-1 NEGATIVE,-1 NEGATIVE,"Краткие реплики, жесты беспомощности или уход персонажа  выражают одиночество, утрату, бессилие или последствия неблагополучной ситуации.",B-13,True,B,ADJ,2026-06-29
C0080,RUS-O_long_01,Sentiment_label,— Мне бы хотелось спрятать тебя от всех тревог на свете.,— Мне бы хотелось спрятать тебя от всех тревог на свете.,-1 NEGATIVE,+1 POSITIVE,+1 POSITIVE,"выражение заботы, использующее «тревоги» метафорически, а не описание текущего испуга",B-3,False,B,ADJ,2026-06-29
C0081,RUS-O_long_01,Sentiment_label,— Не грусти.,— Не грусти.,0 NEUTRAL,+1 POSITIVE,+1 POSITIVE,"Действия персонажа, направленные на помощь, заботу или поддержку других, получают положительную оценку, даже если происходят на фоне неблагоприятной ситуации",B-10,True,B,ADJ,2026-06-29
C0082,RUS-O_long_01,Sentiment_label,"— Я должен уберечь наш ручей, / — задумчиво прошептал слонёнок.","— Я должен уберечь наш ручей, — задумчиво прошептал слонёнок.",0 NEUTRAL,+1 POSITIVE,+1 POSITIVE,"Действия персонажа, направленные на помощь, заботу или поддержку других, получают положительную оценку, даже если происходят на фоне неблагоприятной ситуации",B-10,True,B,ADJ,2026-06-29
C0083,RUS-O_long_01,Sentiment_label,"— Точнее, то, что от него осталось.","— Точнее, то, что от него осталось.",-1 NEGATIVE,+1 POSITIVE,-1 NEGATIVE,Негативная тональность определяется фокусом на ущербе или потере,B-14,True,A,ADJ,2026-06-29
C0084,RUS-O_long_01,Sentiment_label,"Бережно вернув кувшинки в воду, слонёнок сел рядом и приготовился ждать.","Бережно вернув кувшинки в воду, слонёнок сел рядом и приготовился ждать.",+1 POSITIVE,0 NEUTRAL,+1 POSITIVE,"Действия персонажа, направленные на помощь, заботу или поддержку других, получают положительную оценку, даже если происходят на фоне неблагоприятной ситуации",B-10,True,A,ADJ,2026-06-29
C0085,RUS-O_long_01,Sentiment_label,— Чтобы мы могли им любоваться!..,— Чтобы мы могли им любоваться!..,+1 POSITIVE,-1 NEGATIVE,+1 POSITIVE,"Высказывания, выражающие восхищение красотой объекта или желание сохранить его для себя и других, размечаются как положительные.",B-15,True,A,ADJ,2026-06-29
C0086,RUS-O_long_01,Sentiment_label,Чтобы кувшинки плавали как прежде!,Чтобы кувшинки плавали как прежде!,+1 POSITIVE,-1 NEGATIVE,+1 POSITIVE,"Высказывания, выражающие восхищение красотой объекта или желание сохранить его для себя и других, размечаются как положительные.",B-15,True,A,ADJ,2026-06-29
C0087,RUS-O_long_01,Sentiment_label,Чтобы лягушки квакали!..,Чтобы лягушки квакали!..,+1 POSITIVE,-1 NEGATIVE,+1 POSITIVE,"Высказывания, выражающие восхищение красотой объекта или желание сохранить его для себя и других, размечаются как положительные.",B-15,True,A,ADJ,2026-06-29
C0088,RUS-O_long_01,Sentiment_label,"— Значит, я не прав?","— Значит, я не прав?",-1 NEGATIVE,0 NEUTRAL,-1 NEGATIVE,осознание ошибки без немедленного разрешения,B-4,False,A,ADJ,2026-06-29
C0089,RUS-O_long_01,Sentiment_label,"Значит, я зря обидел бегемотика…","Значит, я зря обидел бегемотика…",-1 NEGATIVE,0 NEUTRAL,-1 NEGATIVE,осознание ошибки без немедленного разрешения,B-4,False,A,ADJ,2026-06-29
C0090,RUS-O_long_01,Sentiment_label,И обезьянку.,И обезьянку.,-1 NEGATIVE,0 NEUTRAL,-1 NEGATIVE,осознание ошибки без немедленного разрешения,B-4,False,A,ADJ,2026-06-29
C0091,RUS-O_long_01,Sentiment_label,"— Ты хотел как лучше, / — покачала головой Обнимама.","— Ты хотел как лучше, — покачала головой Обнимама.",0 NEUTRAL,+1 POSITIVE,+1 POSITIVE,персонаж признаёт добрые намерения другого и проявляет понимание вместо осуждения,B-16,True,B,ADJ,2026-06-29
C0092,RUS-O_long_01,Sentiment_label,— А ещё ты очень боялся.,— А ещё ты очень боялся.,-1 NEGATIVE,+1 POSITIVE,-1 NEGATIVE,"Реплики, прямо называющие переживаемые отрицательные эмоции персонажа",B-17,True,A,ADJ,2026-06-29
C0093,RUS-O_long_01,Sentiment_label,Поэтому смотрел лишь в высыхающий пруд.,Поэтому смотрел лишь в высыхающий пруд.,-1 NEGATIVE,+1 POSITIVE,-1 NEGATIVE,фрагмент отражает переживание неблагополучия и ограниченность восприятия ситуацией беды,B-18,True,A,ADJ,2026-06-29
C0094,RUS-O_long_01,Sentiment_label,"Но что ты увидишь, если поднимешь голову?","Но что ты увидишь, если поднимешь голову?",0 NEUTRAL,+1 POSITIVE,+1 POSITIVE,"Вопросы или реплики, направленные на расширение перспективы персонажа, преодоление страха или поиск надежды",B-19,True,B,ADJ,2026-06-29
C0095,RUS-O_long_01,Sentiment_label,— Что — большая река? / — не понял Марабу.,— Что — большая река? — не понял Марабу.,-1 NEGATIVE,0 NEUTRAL,0 NEUTRAL,"Вопросы и реплики, связанные с непониманием или уточнением информации без эмоциональной реакции",B-20,True,B,ADJ,2026-06-29
C0096,RUS-O_long_01,Sentiment_label,— Но как? / — почесал затылок Марабу.,— Но как? — почесал затылок Марабу.,-1 NEGATIVE,0 NEUTRAL,0 NEUTRAL,"Вопросы и реплики, связанные с непониманием или уточнением информации",B-20,True,B,ADJ,2026-06-29
C0097,RUS-O_long_01,Sentiment_label,"— Не у всех нас есть хоботы, / — заметил волчонок Зо.","— Не у всех нас есть хоботы, — заметил волчонок Зо.",-1 NEGATIVE,0 NEUTRAL,0 NEUTRAL,Замечания как часть совместного поиска решения и не выражают негативных эмоций или конфликта,B-21,False,B,ADJ,2026-06-29
C0098,RUS-O_long_01,Sentiment_label,"— Один ты не справишься, / — робко пробормотала газель","— Один ты не справишься, — робко пробормотала газель.",-1 NEGATIVE,0 NEUTRAL,-1 NEGATIVE,"Краткие реплики, жесты беспомощности или уход персонажа выражают одиночество, утрату, бессилие или последствия неблагополучной ситуации",B-13,True,A,ADJ,2026-06-29
C0099,RUS-O_long_01,Sentiment_label,И все зверята сорвали с деревьев по широкому и прочному листу и отправились к Большой реке.,И все зверята сорвали с деревьев по широкому и прочному листу и отправились к Большой реке.,+1 POSITIVE,0 NEUTRAL,+1 POSITIVE,"Коллективные действия персонажей, объединённых общей целью помочь или поддержать кого-либо",B-22,True,A,ADJ,2026-06-29
C0100,RUS-O_long_01,Sentiment_label,"А за ними следовали величественные слоны, которых вела Обнимама.","А за ними следовали величественные слоны, которых вела Обнимама.",+1 POSITIVE,0 NEUTRAL,+1 POSITIVE,"Коллективные действия персонажей, объединённых общей целью помочь или поддержать кого-либо",B-22,False,A,ADJ,2026-06-29
C0101,RUS-O_long_01,Sentiment_label,"Следом прибежали другие зверята, пришли слоны и, опустив свои хоботы, наполнили пруд.","Следом прибежали другие зверята, пришли слоны и, опустив свои хоботы, наполнили пруд.",+1 POSITIVE,0 NEUTRAL,+1 POSITIVE,"Коллективные действия персонажей, объединённых общей целью помочь или поддержать кого-либо",B-22,True,A,ADJ,2026-06-29
C0102,RUS-O_long_01,Sentiment_label,Малыши сидели у воды и любовались её блеском в лунном свете.,Малыши сидели у воды и любовались её блеском в лунном свете.,+1 POSITIVE,0 NEUTRAL,+1 POSITIVE,"Высказывания, выражающие восхищение красотой объекта",B-15,True,A,ADJ,2026-06-29
C0103,RUS-O_long_01,Sentiment_label,"— Я не жадничал, а просто очень боялся, / — признался Обнимашка.","— Я не жадничал, а просто очень боялся, — признался Обнимашка.",-1 NEGATIVE,+1 POSITIVE,-1 NEGATIVE,"Реплики, прямо называющие переживаемые отрицательные эмоции персонажа",B-17,True,A,ADJ,2026-06-29
C0104,RUS-O_long_01,Sentiment_label,"— Хочешь, я спою тебе песню?","— Хочешь, я спою тебе песню?",0 NEUTRAL,+1 POSITIVE,+1 POSITIVE,"Действия персонажа, направленные на помощь, заботу или поддержку других",B-10,True,B,ADJ,2026-06-29
C0105,RUS-O_long_01,Sentiment_label,"Наконец, в одно особенно доброе утро, на высохшую землю пролился долгожданный дождь.","Наконец, в одно особенно доброе утро, на высохшую землю пролился долгожданный дождь.",+1 POSITIVE,0 NEUTRAL,+1 POSITIVE,"Фрагменты, описывающие долгожданное разрешение кризиса",B-23,True,A,ADJ,2026-06-29
C0106,RUS-O_long_01,Sentiment_label,"А где мы сегодня будем спать? / — спросил он, оглядевшись.","А где мы сегодня будем спать? — спросил он, оглядевшись.",-1 NEGATIVE,+1 POSITIVE,-1 NEGATIVE,"Вопросы и реплики, связанные с непониманием или уточнением информации с последующей негативной реакцией",B-20,True,A,ADJ,2026-06-29
C0107,RUS-O_long_01,Sentiment_label,"Они сидели под деревом, и им было тепло и хорошо.","Они сидели под деревом, и им было тепло и хорошо.",+1 POSITIVE,0 NEUTRAL,+1 POSITIVE,,B-15,True,A,ADJ,2026-06-29
C0108,RUS-O_long_01,Sentiment_label,— И мы должны быть ему благодарны.,— И мы должны быть ему благодарны.,+1 POSITIVE,0 NEUTRAL,+1 POSITIVE,"Высказывания, в которых персонаж признаёт добрые намерения другого и проявляет понимание вместо осуждения",B-16,True,A,ADJ,2026-06-29
C0109,RUS-O_long_01,Sentiment_label,"— Ты же расскажешь мне сказку на ночь, правда, мам?","— Ты же расскажешь мне сказку на ночь, правда, мам?",+1 POSITIVE,0 NEUTRAL,+1 POSITIVE,"Высказывания, выражающие потребность в любви, поддержке или физической близости",B-7,True,A,ADJ,2026-06-29
C0110,RUS-O_long_02,NER_missed_by_B,Паровозы,,PER_ROLE,,PER_ROLE,обобщённое название класса объектов,A-3,False,A,ADJ,2026-06-29
C0111,RUS-O_long_02,NER_missed_by_B,паровоз,,PER_ROLE,,PER_ROLE,обобщённое название класса объектов,A-3,False,A,ADJ,2026-06-29
C0112,RUS-O_long_02,NER_missed_by_B,грузовики,,PER_ROLE,,PER_ROLE,обобщённое название класса объектов,A-3,False,A,ADJ,2026-06-29
C0113,RUS-O_long_02,NER_missed_by_B,грузовика,,PER_ROLE,,PER_ROLE,обобщённое название класса объектов,A-3,False,A,ADJ,2026-06-29
C0114,RUS-O_long_02,NER_missed_by_B,Мама,,PER_FAMILY,,PER_FAMILY,стандартное обращение к родителю,A-4,False,A,ADJ,2026-06-29
C0115,RUS-O_long_02,NER_missed_by_A,,экскаватор,,PER_ROLE,PER_ROLE,обобщённое название класса объектов,A-3,False,B,ADJ,2026-06-29
C0116,RUS-O_long_02,NER_missed_by_A,,маленький,,PER_ROLE,keep A,однословное прилагательное без существительного,A-8,False,A,ADJ,2026-06-29
C0117,RUS-O_long_02,NER_missed_by_A,,большой,,PER_ROLE,keep A,однословное прилагательное без существительного,A-8,False,A,ADJ,2026-06-29
C0118,RUS-O_long_02,NER_missed_by_A,,Бензинович,,PER_NAME,PER_NAME,часть уникального составного имени персонажа,A-6,False,B,ADJ,2026-06-29
C0119,RUS-O_long_02,NER_missed_by_A,,паровоз,,PER_ROLE,PER_ROLE,обобщённое название класса объектов,A-3,False,B,ADJ,2026-06-29
C0120,RUS-O_long_02,NER_missed_by_A,,Бензинович,,PER_NAME,PER_NAME,часть уникального составного имени персонажа,A-6,False,B,ADJ,2026-06-29
C0121,RUS-O_long_02,NER_missed_by_A,,маленький,,PER_ROLE,keep A,однословное прилагательное без существительного,A-8,False,A,ADJ,2026-06-29
C0122,RUS-O_long_02,NER_missed_by_A,,Бензинович,,PER_NAME,PER_NAME,часть уникального составного имени персонажа,A-6,False,B,ADJ,2026-06-29
C0123,RUS-O_long_02,NER_missed_by_A,,Самолёт,,PER_ROLE,PER_ROLE,обобщённое название класса объектов,A-3,False,B,ADJ,2026-06-29
C0124,RUS-O_long_02,NER_missed_by_A,,маленький,,PER_ROLE,keep A,однословное прилагательное без существительного,A-8,False,A,ADJ,2026-06-29
C0125,RUS-O_long_02,NER_missed_by_A,,серебристый,,PER_ROLE,keep A,однословное прилагательное без существительного,A-8,False,A,ADJ,2026-06-29
C0126,RUS-O_long_02,NER_missed_by_A,,маленький,,PER_ROLE,keep A,однословное прилагательное без существительного,A-8,False,A,ADJ,2026-06-29
C0127,RUS-O_long_02,NER_missed_by_A,,самолёт,,PER_ROLE,keep A,обобщённое название класса объектов,A-8,False,A,ADJ,2026-06-29
C0128,RUS-O_long_02,NER_missed_by_A,,Бензиновичем,,PER_NAME,PER_NAME,часть уникального составного имени персонажа,A-6,False,B,ADJ,2026-06-29
C0129,RUS-O_long_02,NER_missed_by_A,,Бензинович,,PER_NAME,PER_NAME,часть уникального составного имени персонажа,A-6,False,B,ADJ,2026-06-29
C0130,RUS-O_long_02,NER_missed_by_A,,автомобильчик,,PER_ROLE,PER_ROLE,обобщённое название класса объектов,A-3,False,B,ADJ,2026-06-29
C0131,RUS-O_long_02,NER_missed_by_A,,Бензинович,,PER_NAME,PER_NAME,часть уникального составного имени персонажа,A-6,False,B,ADJ,2026-06-29
C0132,RUS-O_long_02,NER_missed_by_A,,Бензинович,,PER_ROLE,PER_NAME,часть уникального составного имени персонажа,A-6,False,neither,ADJ,2026-06-29
C0133,RUS-O_long_02,NER_missed_by_A,,маленького,,PER_ROLE,keep A,однословное прилагательное без существительного,A-8,False,A,ADJ,2026-06-29
C0134,RUS-O_long_02,NER_missed_by_A,,маленький,,PER_ROLE,keep A,однословное прилагательное без существительного,A-8,False,A,ADJ,2026-06-29
C0135,RUS-O_long_02,NER_missed_by_A,,маленький,,PER_ROLE,keep A,однословное прилагательное без существительного,A-8,False,A,ADJ,2026-06-29
C0136,RUS-O_long_02,NER_missed_by_A,,Бензиновичем,,PER_NAME,PER_NAME,часть уникального составного имени персонажа,A-6,False,B,ADJ,2026-06-29
C0137,RUS-O_long_02,NER_missed_by_A,,нянем-бульдозером,,PER_ROLE,PER_ROLE,заменимо на обобщённое описание без потери смысла,A-1,False,B,ADJ,2026-06-29
C0138,RUS-O_long_02,NER_missed_by_A,,Бензинович,,PER_NAME,PER_NAME,часть уникального составного имени персонажа,A-6,False,B,ADJ,2026-06-29
C0139,RUS-O_long_02,NER_missed_by_A,,машинками,,PER_ROLE,PER_ROLE,обобщённое название класса объектов,A-3,False,B,ADJ,2026-06-29
C0140,RUS-O_long_02,NER_missed_by_A,,друзья,,PER_ROLE,PER_ROLE,устойчивые социальные отношения персонажей,A-9,True,B,ADJ,2026-06-29
C0141,RUS-O_long_02,Sentiment_label,- Не выйду! / — гудит он в ответ.,- Не выйду! — гудит он в ответ.,0 NEUTRAL,-1 NEGATIVE,-1 NEGATIVE,"реплика и следующий за ней глагол говорения размечаются как одна единица тональности, по итоговой эмоции реплики",B-1,False,B,ADJ,2026-06-29
C0142,RUS-O_long_02,Sentiment_label,- Потому что выйду!,- Потому что выйду!,0 NEUTRAL,+1 POSITIVE,+1 POSITIVE,"в высказывании даётся позитивное разрешение или переосмысление, разметка следует за итоговой эмоцией",B-3,False,B,ADJ,2026-06-29
C0143,RUS-O_long_02,Sentiment_label,Знакомьтесь!,Знакомьтесь!,0 NEUTRAL,+1 POSITIVE,+1 POSITIVE,восклицательные предложения с явным позитивным социальным контекстом,B-2,False,B,ADJ,2026-06-29
C0144,RUS-O_long_02,Sentiment_label,"Но обязательно подрастёт и станет большим и сильным, как мама.","Но обязательно подрастёт и станет большим и сильным, как мама.",+1 POSITIVE,0 NEUTRAL,+1 POSITIVE,"высказывания, выражающие удовольствие, привязанность, комфорт или внутреннее спокойствие",B-12,True,A,ADJ,2026-06-29
C0145,RUS-O_long_02,Sentiment_label,Это интересная и важная работа.,Это интересная и важная работа.,+1 POSITIVE,0 NEUTRAL,+1 POSITIVE,положительные оценочные маркеры,B-6,True,A,ADJ,2026-06-29
C0146,RUS-O_long_02,Sentiment_label,– И постарайся с кем-нибудь подружиться.,– И постарайся с кем-нибудь подружиться.,+1 POSITIVE,0 NEUTRAL,+1 POSITIVE,"высказывания, выражающие потребность в любви, поддержке или социальной близости",B-7,True,A,ADJ,2026-06-29
C0147,RUS-O_long_02,Sentiment_label,"«Я постою здесь, пока мама не придёт, / – подумал он.","«Я постою здесь, пока мама не придёт, – подумал он.",-1 NEGATIVE,0 NEUTRAL,-1 NEGATIVE,"реплики, прямо называющие или передающие переживаемые отрицательные эмоции персонажа",B-17,True,A,ADJ,2026-06-29
C0148,RUS-O_long_02,Sentiment_label,— Чух-ха-ха! / — прыснул кто-то сверху.,— Чух-ха-ха! — прыснул кто-то сверху.,0 NEUTRAL,+1 POSITIVE,+1 POSITIVE,смех как явный маркер радости,B-2,False,B,ADJ,2026-06-29
C0149,RUS-O_long_02,Sentiment_label,— А вот так! / — паровоз скатился по отвесной стене.,— А вот так! — паровоз скатился по отвесной стене.,0 NEUTRAL,+1 POSITIVE,+1 POSITIVE,восклицание с явным маркером радости,B-2,False,B,ADJ,2026-06-29
C0150,RUS-O_long_02,Sentiment_label,"Мама говорит, что очень уж я шустрый и, когда вырасту, буду водить скоростные поезда.","Мама говорит, что очень уж я шустрый и, когда вырасту, буду водить скоростные поезда.",+1 POSITIVE,0 NEUTRAL,+1 POSITIVE,"высказывания, выражающие удовольствие, привязанность, комфорт или внутреннее спокойствие",B-12,True,A,ADJ,2026-06-29
C0151,RUS-O_long_02,Sentiment_label,Будем дружить?,Будем дружить?,0 NEUTRAL,+1 POSITIVE,+1 POSITIVE,"высказывания, выражающие потребность в любви, поддержке или эмоциональной близости",B-7,True,B,ADJ,2026-06-29
C0152,RUS-O_long_02,Sentiment_label,"Экскаватор Клюша с удовольствием уплетал и гречку, и бутерброды, а суп отодвинул: / - Терпеть не могу морковку!","Экскаватор Клюша с удовольствием уплетал и гречку, и бутерброды, а суп отодвинул:

- Терпеть не могу морковку!",+1 POSITIVE,-1 NEGATIVE,+1 POSITIVE,разметка следует за общим эмоциональным направлением,B-1,False,A,ADJ,2026-06-29
C0153,RUS-O_long_02,Sentiment_label,- Ух ты! / — воскликнул Клюша.,- Ух ты! — воскликнул Клюша.,0 NEUTRAL,+1 POSITIVE,+1 POSITIVE,восклицание с явным маркером радости,B-2,False,B,ADJ,2026-06-29
C0154,RUS-O_long_02,Sentiment_label,Чух-ха-ха! / – и через пару секунд Шпунчик оказался на самой вершине.,Чух-ха-ха! – и через пару секунд Шпунчик оказался на самой вершине.,0 NEUTRAL,+1 POSITIVE,+1 POSITIVE,смех как явный маркер радости,B-2,False,B,ADJ,2026-06-29
C0155,RUS-O_long_02,Sentiment_label,Они едва-едва смогли забраться на неё и теперь гордо мигали фарами с верхушки.,Они едва-едва смогли забраться на неё и теперь гордо мигали фарами с верхушки.,+1 POSITIVE,0 NEUTRAL,+1 POSITIVE,"Фрагменты, описывающие долгожданное разрешение кризиса",B-23,True,A,ADJ,2026-06-29
C0156,RUS-O_long_02,Sentiment_label,"– Р-рух-р-рух-рух! / – Клюша завёл мотор, разогнался и стартанул.","– Р-рух-р-рух-рух! – Клюша завёл мотор, разогнался и стартанул.",0 NEUTRAL,+1 POSITIVE,+1 POSITIVE,восклицание с маркером радости,B-2,False,B,ADJ,2026-06-29
C0157,RUS-O_long_02,Sentiment_label,– Ещё попробуй! / – крикнул ему Шпунчик.,– Ещё попробуй! – крикнул ему Шпунчик.,0 NEUTRAL,+1 POSITIVE,+1 POSITIVE,"реплики, в которых персонаж проявляет понимание, поддержку и добрые намерения вместо осуждения",B-16,True,B,ADJ,2026-06-29
C0158,RUS-O_long_02,Sentiment_label,- Ну и что! / — заступился за друга Шпунчик.,- Ну и что! — заступился за друга Шпунчик.,0 NEUTRAL,+1 POSITIVE,+1 POSITIVE,"реплика, в которой персонаж проявляет понимание и защиту другого даже в сложной ситуации",B-16,True,B,ADJ,2026-06-29
C0159,RUS-O_long_02,Sentiment_label,— В следующий раз он съест этой моркови целую... гору!,— В следующий раз он съест этой моркови целую... гору!,0 NEUTRAL,+1 POSITIVE,+1 POSITIVE,"реплика является продолжением заступничества, выражает поддержку и оптимистичную веру",B-16,True,B,ADJ,2026-06-29
C0160,RUS-O_long_02,Sentiment_label,"Приоткрыл дверь, заглянул, а там — никого.","Приоткрыл дверь, заглянул, а там — никого.",-1 NEGATIVE,0 NEUTRAL,0 NEUTRAL,Замечания о невозможности или ограниченности предложенного способа действия,B-21,True,B,ADJ,2026-06-29
C0161,RUS-O_long_02,Sentiment_label,— На полу каждый может! / — крикнул самолёт.,— На полу каждый может! — крикнул самолёт.,0 NEUTRAL,-1 NEGATIVE,0 NEUTRAL,"в контексте отсутствуют конфликт, насмешка, унижение или эмоциональное страдание персонажа",B-8,True,A,ADJ,2026-06-29
C0162,RUS-O_long_02,Sentiment_label,— Ну и что! / — Клюша выехал из угла.,— Ну и что! — Клюша выехал из угла.,0 NEUTRAL,-1 NEGATIVE,0 NEUTRAL,"в контексте не содержит конфликта, насмешки, унижения или эмоционального страдания персонажа",B-8,True,A,ADJ,2026-06-29
C0163,RUS-O_long_02,Sentiment_label,— Враки! / — засмеялся самолёт.,— Враки! — засмеялся самолёт.,-1 NEGATIVE,+1 POSITIVE,+1 POSITIVE,восклицание с явным маркером радости,B-2,False,B,ADJ,2026-06-29
C0164,RUS-O_long_02,Sentiment_label,— А Шпунчик умеет!,— А Шпунчик умеет!,0 NEUTRAL,+1 POSITIVE,+1 POSITIVE,восклицание с явным маркером радости,B-2,False,B,ADJ,2026-06-29
C0165,RUS-O_long_02,Sentiment_label,— Не умеет!,— Не умеет!,0 NEUTRAL,-1 NEGATIVE,-1 NEGATIVE,категоричное отрицание в споре без смягчающих маркеров,B-17,True,B,ADJ,2026-06-29
C0166,RUS-O_long_02,Sentiment_label,— Умеет!,— Умеет!,0 NEUTRAL,+1 POSITIVE,+1 POSITIVE,"реплика выражает поддержку и защиту, а не конфликт",B-16,True,B,ADJ,2026-06-29
C0167,RUS-O_long_02,Sentiment_label,"Машинки бросились к нему и загудели, перебивая друг друга: / - Шпунчик, покажи ему!","Машинки бросились к нему и загудели, перебивая друг друга:
- Шпунчик, покажи ему!",+1 POSITIVE,-1 NEGATIVE,+1 POSITIVE,"коллективные действия персонажей, объединённых общей целью помочь или поддержать кого-либо",B-22,True,A,ADJ,2026-06-29
C0168,RUS-O_long_02,Sentiment_label,"- Шпунчик, залезь на потолок!","- Шпунчик, залезь на потолок!",+1 POSITIVE,-1 NEGATIVE,+1 POSITIVE,"коллективные действия персонажей, объединённых общей целью поддержать кого-либо",B-22,True,A,ADJ,2026-06-29
C0169,RUS-O_long_02,Sentiment_label,- А то он не верит!,- А то он не верит!,+1 POSITIVE,-1 NEGATIVE,+1 POSITIVE,реплика является частью коллективной поддержки,B-22,True,A,ADJ,2026-06-29
C0170,RUS-O_long_02,Sentiment_label,"Шпунчик удивлённо озирался, а машинки подталкивали его вперёд.","Шпунчик удивлённо озирался, а машинки подталкивали его вперёд.",+1 POSITIVE,0 NEUTRAL,+1 POSITIVE,"коллективные действия персонажей, объединённых общей целью помочь или поддержать кого-либо",B-22,True,A,ADJ,2026-06-29
C0171,RUS-O_long_02,Sentiment_label,– Вот!,– Вот!,0 NEUTRAL,-1 NEGATIVE,-1 NEGATIVE,снисходительная или наставническая интонация без конфликта,B-8,True,B,ADJ,2026-06-29
C0172,RUS-O_long_02,Sentiment_label,Не может паровоз на потолок забраться.,– Не может паровоз на потолок забраться.,-1 NEGATIVE,0 NEUTRAL,-1 NEGATIVE,"есть явная насмешка, унижение или эмоциональное страдание персонажа",B-8,True,A,ADJ,2026-06-29
C0173,RUS-O_long_02,Sentiment_label,"А ну его, пусть летает там один.","– А ну его, пусть летает там один.",0 NEUTRAL,-1 NEGATIVE,-1 NEGATIVE,реплика прямо передаёт негативное отношение к другому персонажу,B-17,True,B,ADJ,2026-06-29
C0174,RUS-O_long_02,Sentiment_label,"Самолёт сначала летал и кувыркался, но потом ему стало скучно, и он поглядел вниз.","Самолёт сначала летал и кувыркался, но потом ему стало скучно, и он поглядел вниз.",-1 NEGATIVE,0 NEUTRAL,0 NEUTRAL,Слабо выраженные отрицательные состояния,B-24,True,B,ADJ,2026-06-29
C0175,RUS-O_long_02,Sentiment_label,"– Шпунчик, а через пять кубиков сможешь?","– Шпунчик, а через пять кубиков сможешь?",+1 POSITIVE,0 NEUTRAL,+1 POSITIVE,"вопросы, направленные на вовлечение другого в совместную деятельность, поддержку или игру",B-7,True,A,ADJ,2026-06-29
C0176,RUS-O_long_02,Sentiment_label,"Он даже пожалел, что дразнил их.","Он даже пожалел, что дразнил их.",-1 NEGATIVE,+1 POSITIVE,+1 POSITIVE,если за раскаянием следует немедленное позитивное разрешение,B-4,False,B,ADJ,2026-06-29
C0177,RUS-O_long_02,Sentiment_label,"Но тут его заметил Шпунчик: / – Эй, крылатый, будешь прыгать с нами?","Но тут его заметил Шпунчик:
– Эй, крылатый, будешь прыгать с нами?",0 NEUTRAL,+1 POSITIVE,+1 POSITIVE,приглашение присоединиться выражает стремление к социальной близости и общности,B-7,True,B,ADJ,2026-06-29
C0178,RUS-O_long_02,Sentiment_label,"Но Шпунчик пихнул его в бок: / - Не дразнись, Клюша.","Но Шпунчик пихнул его в бок:
- Не дразнись, Клюша.",-1 NEGATIVE,0 NEUTRAL,+1 POSITIVE,"реплика выражает добрые намерения (прекратить насмешку, защитить другого), несмотря на повелительную форму",B-16,True,neither,ADJ,2026-06-29
C0179,RUS-O_long_02,Sentiment_label,Сейчас научим.,Сейчас научим.,0 NEUTRAL,+1 POSITIVE,+1 POSITIVE,реплика выражает добрые намерения и поддержку,B-16,True,B,ADJ,2026-06-29
C0180,RUS-O_long_02,Sentiment_label,"- Я не прыгал никогда, / — оправдывался самолёт, / — даже не пробовал.","- Я не прыгал никогда, — оправдывался самолёт, — даже не пробовал.",-1 NEGATIVE,0 NEUTRAL,0 NEUTRAL,слабо выраженная отрицательная эмоция без драматизации,B-24,True,B,ADJ,2026-06-29
C0181,RUS-O_long_02,Sentiment_label,Зато я летать умею.,Зато я летать умею.,+1 POSITIVE,0 NEUTRAL,+1 POSITIVE,"персонаж выражает гордость за своё умение, что передаёт положительную эмоцию",B-12,True,A,ADJ,2026-06-29
C0182,RUS-O_long_02,Sentiment_label,"- Летаешь ты здорово, / — сказал Шпунчик.","- Летаешь ты здорово, — сказал Шпунчик.",+1 POSITIVE,0 NEUTRAL,+1 POSITIVE,комплимент и признание достоинств другого,B-16,True,A,ADJ,2026-06-29
C0183,RUS-O_long_02,Sentiment_label,"Скоро самолёт научился и перепрыгнул через два кубика, а потом и через три.","Скоро самолёт научился и перепрыгнул через два кубика, а потом и через три.",0 NEUTRAL,+1 POSITIVE,+1 POSITIVE,"описание успешного обучения и прогресса, выражение гордости или удовлетворения от достижения",B-12,True,B,ADJ,2026-06-29
C0184,RUS-O_long_02,Sentiment_label,"- А хотите, / — сказал он, / — я вас пока-таю?","- А хотите, — сказал он, — я вас пока-таю?",0 NEUTRAL,+1 POSITIVE,+1 POSITIVE,"предложение совместной деятельности, направленное на создание радости и общности",B-7,True,B,ADJ,2026-06-29
C0185,RUS-O_long_02,Sentiment_label,"Конечно, машинки и без него справились, и вскоре площадка стала ровной и удобной","Конечно, машинки и без него справились, и вскоре площадка стала ровной и удобной.",+1 POSITIVE,0 NEUTRAL,+1 POSITIVE,"описание успешного коллективного действия, приведшего к улучшению среды",B-22,True,A,ADJ,2026-06-29
C0186,RUS-O_long_02,Sentiment_label,А нянь Керосин Бензинович достал с полки их любимую книжку.,А нянь Керосин Бензинович достал с полки их любимую книжку.,+1 POSITIVE,0 NEUTRAL,+1 POSITIVE,Фраза содержит явный положительный маркер,B-12,True,A,ADJ,2026-06-29
C0187,RUS-O_long_02,Sentiment_label,А яма большая-пребольшая.,А яма большая-пребольшая.,0 NEUTRAL,-1 NEGATIVE,-1 NEGATIVE,"описание серьёзного препятствия или угрозы, которая создаёт для персонажа трудности",B-14,True,B,ADJ,2026-06-29
C0188,RUS-O_long_02,Sentiment_label,Тут проезжал мимо легковой автомобильчик и тоже решил помочь.,Тут проезжал мимо легковой автомобильчик и тоже решил помочь.,0 NEUTRAL,+1 POSITIVE,+1 POSITIVE,персонаж присоединяется к коллективным усилиям с целью помочь,B-22,True,B,ADJ,2026-06-29
C0189,RUS-O_long_02,Sentiment_label,"— Но зато, / — прогудел Шпунчик, пожалев друга / — экскаватор потом приехал и засыпал яму, чтобы грузовики туда больше не проваливались.","— Но зато, — прогудел Шпунчик, пожалев друга, — экскаватор потом приехал и засыпал яму, чтобы грузовики туда больше не проваливались.",0 NEUTRAL,+1 POSITIVE,+1 POSITIVE,признание добрых намерений,B-16,True,B,ADJ,2026-06-29
C0190,RUS-O_long_02,Sentiment_label,Он подобрал их ковшиком и сложил в коробку.,Он подобрал их ковшиком и сложил в коробку.,0 NEUTRAL,+1 POSITIVE,+1 POSITIVE,"индивидуальное полезное действие, направленное на благо других или улучшение общей среды",B-22,True,B,ADJ,2026-06-29
C0191,RUS-O_long_02,Sentiment_label,Вот почему!,Вот почему!,0 NEUTRAL,+1 POSITIVE,+1 POSITIVE,"восклицательные предложения, выражающие озарение, внезапное понимание или догадку",B-2,False,B,ADJ,2026-06-29
C0192,RUS-O_long_02,Sentiment_label,"У маленького экскаватора глазки-фары разбежались по прилавкам, где лежали целые горы самых разных колёс: гладких, шипованных, красных, зелёных, синих!","У маленького экскаватора глазки-фары разбежались по прилавкам, где лежали целые горы самых разных колёс: гладких, шипованных, красных, зелёных, синих!",0 NEUTRAL,+1 POSITIVE,+1 POSITIVE,"описание, содержащее явные положительные оценочные признаки и маркеры восхищения/изобилия",B-6,True,B,ADJ,2026-06-29
C0193,RUS-O_long_02,Sentiment_label,"- Мама, купи коле́сико! / — воскликнул Клюша.","- Мама, купи коле́сико! — воскликнул Клюша.",0 NEUTRAL,+1 POSITIVE,+1 POSITIVE,восклицание с явным маркером радости,B-2,False,B,ADJ,2026-06-29
C0194,RUS-O_long_02,Sentiment_label,- Вот это!,- Вот это!,+1 POSITIVE,0 NEUTRAL,+1 POSITIVE,восклицание с явным маркером радости,B-2,False,A,ADJ,2026-06-29
C0195,RUS-O_long_02,Sentiment_label,Вон то!,Вон то!,+1 POSITIVE,0 NEUTRAL,+1 POSITIVE,восклицание с явным маркером радости,B-2,False,A,ADJ,2026-06-29
C0196,RUS-O_long_02,Sentiment_label,— А какое? / — удивилась мама.,— А какое? — удивилась мама.,-1 NEGATIVE,0 NEUTRAL,0 NEUTRAL,"вопросы и реплики, связанные с непониманием или уточнением информации при отсутствии негативной эмоциональной реакции",B-20,True,B,ADJ,2026-06-29
C0197,RUS-O_long_02,Sentiment_label,"— Послушай, Клюшенька, / — сказала она тихо, поглядев ему прямо в лобовое стекло, / — я ведь решила купить тебе колесо.","— Послушай, Клюшенька, — сказала она тихо, поглядев ему прямо в лобовое стекло, — я ведь решила купить тебе колесо.",+1 POSITIVE,0 NEUTRAL,+1 POSITIVE,"признание добрых намерений, понятно благодаря диминутиву",B-16,True,A,ADJ,2026-06-29
C0198,RUS-O_long_02,Sentiment_label,"Только
скажи мне, какое ты хочешь.","Только
скажи мне, какое ты хочешь.",+1 POSITIVE,0 NEUTRAL,+1 POSITIVE,"выражение заботы, внимания и готовности удовлетворить желание ребёнка",B-7,True,A,ADJ,2026-06-29
C0199,RUS-O_long_02,Sentiment_label,"— Объясни же, не понимаю, / — мама устало помогала ковшом.","— Объясни же, не понимаю, — мама устало помогала ковшом.",-1 NEGATIVE,0 NEUTRAL,-1 NEGATIVE,Реплика произнесена в контексте нарастающего конфликта,B-17,True,A,ADJ,2026-06-29
C0200,RUS-O_long_02,Sentiment_label,Откуда же мне знать.,– Откуда же мне знать.,-1 NEGATIVE,0 NEUTRAL,-1 NEGATIVE,"реплика передаёт раздражение, усталость, досаду, что является проявлением негативной эмоциональной реакции",B-17,True,A,ADJ,2026-06-29
C0201,RUS-O_long_02,Sentiment_label,Ты так и не сказал.,Ты так и не сказал.,-1 NEGATIVE,0 NEUTRAL,-1 NEGATIVE,"реплика передаёт досаду, упрёк, непонимание",B-17,True,A,ADJ,2026-06-30
C0202,RUS-O_long_02,Sentiment_label,"– Ага, / – всхлипнул Клюша.","– Ага, – всхлипнул Клюша.",-1 NEGATIVE,0 NEUTRAL,-1 NEGATIVE,физическое проявление грусти,B-17,True,A,ADJ,2026-06-30
C0203,RUS-O_long_02,Sentiment_label,Мама слепила маленькое колесо из снега и положила ему в ковшик.,Мама слепила маленькое колесо из снега и положила ему в ковшик.,0 NEUTRAL,+1 POSITIVE,+1 POSITIVE,признание добрых намерений,B-16,True,B,ADJ,2026-06-30
C0204,RUS-O_long_02,Sentiment_label,"Автомобиль Тобик подъехал к Клюше и помог перевернуться, подталкивая в бок.","Автомобиль Тобик подъехал к Клюше и помог перевернуться, подталкивая в бок.",0 NEUTRAL,+1 POSITIVE,+1 POSITIVE,помощь другому персонажу,B-22,True,B,ADJ,2026-06-30
C0205,RUS-O_long_02,Sentiment_label,– Ты злой.,– Ты злой.,-1 NEGATIVE,0 NEUTRAL,-1 NEGATIVE,прямое называние негативного качества/эмоции,B-17,True,A,ADJ,2026-06-30
C0206,RUS-O_long_02,Sentiment_label,"– А будешь драться, мы тебе сами покажем! / – и машинки встали стеной, чтобы дать отпор.","– А будешь драться, мы тебе сами покажем! – и машинки встали стеной, чтобы дать отпор.",0 NEUTRAL,-1 NEGATIVE,-1 NEGATIVE,угрозы и конфликтная риторика,B-17,True,B,ADJ,2026-06-30
C0207,RUS-O_long_02,Sentiment_label,"— Ну, давайте, наябедничайте! / — вдруг заверещал самосвал, и машинки заметили, что он такой же маленький, как и они, и совсем не страшный.","— Ну, давайте, наябедничайте! — вдруг заверещал самосвал, и машинки заметили, что он такой же маленький, как и они, и совсем не страшный.",0 NEUTRAL,-1 NEGATIVE,-1 NEGATIVE,"сегмент начинается с эмоционально агрессивной или конфликтной реплики, а последующая часть лишь ослабляет её восприятие, но не меняет характера высказывания,",B-25,True,B,ADJ,2026-06-30
C0208,RUS-O_long_02,Sentiment_label,Тем более рядом со взрослым нянем-бульдозером,Тем более рядом со взрослым нянем-бульдозером!,0 NEUTRAL,-1 NEGATIVE,-1 NEGATIVE,"в контексте присутствуют конфликт, насмешка",B-8,True,B,ADJ,2026-06-30
C0209,RUS-O_long_02,Sentiment_label,"— Что же ты, Поршик, приехал в первый раз и уже со всеми поссорился?","— Что же ты, Поршик, приехал в первый раз и уже со всеми поссорился?",-1 NEGATIVE,0 NEUTRAL,-1 NEGATIVE,"укор, выговор, обвинение",B-17,True,A,ADJ,2026-06-30
C0210,RUS-O_long_02,Sentiment_label,"Вот постой тогда в том гараже, если не можешь играть с другими.","Вот постой тогда в том гараже, если не можешь играть с другими.",-1 NEGATIVE,0 NEUTRAL,-1 NEGATIVE,конфликтная ситуация продолжается без позитивного разрешения,B-4,False,A,ADJ,2026-06-30
C0211,RUS-O_long_02,Sentiment_label,"Оставалось поставить наверх последний кубик, но они никак не могли дотянуться, хотя подпрыгивали изо всех сил.","Оставалось поставить наверх последний кубик, но они никак не могли дотянуться, хотя подпрыгивали изо всех сил.",-1 NEGATIVE,0 NEUTRAL,0 NEUTRAL,слабо выраженная отрицательная эмоция без драматизации,B-24,True,B,ADJ,2026-06-30
C0212,RUS-O_long_02,Sentiment_label,Можно я помогу? / — и самосвал Поршик подхватил кубик и поставил его наверх.,Можно я помогу? — и самосвал Поршик подхватил кубик и поставил его наверх.,0 NEUTRAL,+1 POSITIVE,+1 POSITIVE,"помощь другому персонажу, особенно после конфликта",B-22,True,B,ADJ,2026-06-30
C0213,RUS-O_long_02,Sentiment_label,Это было удивительно.,Это было удивительно.,-1 NEGATIVE,0 NEUTRAL,0 NEUTRAL,"вопросы и реплики, связанные с непониманием или уточнением информации при отсутствии негативной эмоциональной реакции",B-20,True,B,ADJ,2026-06-30
C0214,RUS-O_long_02,Sentiment_label,"Обычно он проносился мимо, выпуская дым и задорно гудя на весь детский сад.","Обычно он проносился мимо, выпуская дым и задорно гудя на весь детский сад.",-1 NEGATIVE,0 NEUTRAL,0 NEUTRAL,слабо выраженная эмоция без драматизации,B-24,True,B,ADJ,2026-06-30
C0215,RUS-O_long_02,Sentiment_label,— Какой же я паровоз?,— Какой же я паровоз?,0 NEUTRAL,-1 NEGATIVE,-1 NEGATIVE,вопрос с явным маркером эмоции,B-5,False,B,ADJ,2026-06-30
C0216,RUS-O_long_02,Sentiment_label,У всех настоящих паровозов есть вагоны.,У всех настоящих паровозов есть вагоны.,0 NEUTRAL,-1 NEGATIVE,-1 NEGATIVE,"реплика, выражающая самоуничижение и чувство неполноценности",B-17,True,B,ADJ,2026-06-30
C0217,RUS-O_long_02,Sentiment_label,"— Когда подрастёшь, они у тебя появятся, / — утешил его Клюша.","— Когда подрастёшь, они у тебя появятся, — утешил его Клюша.",0 NEUTRAL,+1 POSITIVE,+1 POSITIVE,"реплика, выражающая поддержку и утешение",B-16,True,B,ADJ,2026-06-30
C0218,RUS-O_long_02,Sentiment_label,"- Шпунчик, спускайся! / — наконец прогудели они хором.","- Шпунчик, спускайся! — наконец прогудели они хором.",0 NEUTRAL,+1 POSITIVE,+1 POSITIVE,коллективное действие,B-22,True,B,ADJ,2026-06-30
C0219,RUS-O_long_02,Sentiment_label,- И бросишь свои вагоны без дела?,- И бросишь свои вагоны без дела?,0 NEUTRAL,+1 POSITIVE,+1 POSITIVE,"вопрос, построенный как игровой аргумент для вовлечения другого в общение",B-7,True,B,ADJ,2026-06-30
C0220,RUS-O_long_02,Sentiment_label,Вы?,- Вы?,0 NEUTRAL,+1 POSITIVE,+1 POSITIVE,вопрос с явным маркером эмоции,B-5,False,B,ADJ,2026-06-30
C0221,RUS-O_long_02,Sentiment_label,Он возил их по всем коридорам детского сада и даже по потолку.,Он возил их по всем коридорам детского сада и даже по потолку.,0 NEUTRAL,+1 POSITIVE,+1 POSITIVE,действие объединяет всех и приносит радость,B-22,True,B,ADJ,2026-06-30
C0222,RUS-O_long_03,NER_label,Дед Мороз,Дед,PER_ROLE,PER_NAME,PER_NAME,узнаваемое составное имя персонажа (Дед Мороз - одна сущность PER_NAME),A-6,False,neither,ADJ,2026-06-30
C0223,RUS-O_long_03,NER_label,Дед Мороз,Дед,PER_ROLE,PER_NAME,PER_NAME,узнаваемое составное имя персонажа (одна сущность - PER_NAME),A-6,False,neither,ADJ,2026-06-30
C0224,RUS-O_long_03,NER_missed_by_B,прицеп,,PER_ROLE,,PER_ROLE,"существительное, обозначающее категорию объектов",A-3,False,A,ADJ,2026-06-30
C0225,RUS-O_long_03,NER_missed_by_B,прицеп,,PER_ROLE,,PER_ROLE,"существительное, обозначающее категорию объектов",A-3,False,A,ADJ,2026-06-30
C0226,RUS-O_long_03,NER_missed_by_B,грызунов,,PER_ROLE,,PER_ROLE,"существительное, обозначающее категорию объектов",A-6,False,A,ADJ,2026-06-30
C0227,RUS-O_long_03,NER_missed_by_B,Мышам,,PER_ROLE,,PER_ROLE,"существительное, обозначающее категорию объектов",A-6,False,A,ADJ,2026-06-30
C0228,RUS-O_long_03,NER_missed_by_B,прицеп,,PER_ROLE,,PER_ROLE,"существительное, обозначающее категорию объектов",A-3,False,A,ADJ,2026-06-30
C0229,RUS-O_long_03,NER_missed_by_B,прицеп,,PER_ROLE,,PER_ROLE,"существительное, обозначающее категорию объектов",A-3,False,A,ADJ,2026-06-30
C0230,RUS-O_long_03,NER_missed_by_B,грузовик,,PER_ROLE,,PER_ROLE,"существительное, обозначающее категорию объектов",A-3,False,A,ADJ,2026-06-30
C0231,RUS-O_long_03,NER_missed_by_B,прицеп,,PER_ROLE,,PER_ROLE,"существительное, обозначающее категорию объектов",A-3,False,A,ADJ,2026-06-30
C0232,RUS-O_long_03,NER_missed_by_B,прицеп,,PER_ROLE,,PER_ROLE,"существительное, обозначающее категорию объектов",A-3,False,A,ADJ,2026-06-30
C0233,RUS-O_long_03,NER_missed_by_B,прицеп,,PER_ROLE,,PER_ROLE,"существительное, обозначающее категорию объектов",A-3,False,A,ADJ,2026-06-30
C0234,RUS-O_long_03,NER_missed_by_B,прицеп,,PER_ROLE,,PER_ROLE,"существительное, обозначающее категорию объектов",A-3,False,A,ADJ,2026-06-30
C0235,RUS-O_long_03,NER_missed_by_B,грузовик,,PER_ROLE,,PER_ROLE,"существительное, обозначающее категорию объектов",A-3,False,A,ADJ,2026-06-30
C0236,RUS-O_long_03,NER_missed_by_A,,МАШИНА,,PER_ROLE,PER_ROLE,"название объекта/машины, состоящее из прилагательного-определения и существительного-носителя роли (одна сущность - снегоуборочная машина PER_ROLE)",A-7,False,neither,ADJ,2026-06-30
C0237,RUS-O_long_03,NER_missed_by_A,,машина,,PER_ROLE,PER_ROLE,"название объекта/машины, состоящее из прилагательного-определения и существительного-носителя роли (одна сущность - снегоуборочная машина PER_ROLE)",A-7,False,neither,ADJ,2026-06-30
C0238,RUS-O_long_03,NER_missed_by_A,,уборочная,,PER_ROLE,PER_ROLE,"название объекта/машины, состоящее из прилагательного-определения и существительного-носителя роли (одна сущность - летняя уборочная машина PER_ROLE)",A-7,False,neither,ADJ,2026-06-30
C0239,RUS-O_long_03,NER_missed_by_A,,машина,,PER_ROLE,PER_ROLE,"название объекта/машины, состоящее из прилагательного-определения и существительного-носителя роли (одна сущность - летняя уборочная машина PER_ROLE)",A-7,False,neither,ADJ,2026-06-30
C0240,RUS-O_long_03,NER_missed_by_A,,пылесос,,PER_ROLE,PER_ROLE,"название объекта/машины, состоящее из существительного и приложения (одна сущность - машина-пылесос PER_ROLE)",A-7,False,neither,ADJ,2026-06-30
C0241,RUS-O_long_03,NER_missed_by_A,,засыпает,,PER_ROLE,keep A,В NER-разметке выделяются только именные группы,A-10,True,A,ADJ,2026-06-30
C0242,RUS-O_long_03,NER_missed_by_A,,Мороз,,PER_NAME,PER_NAME,"устойчивое, узнаваемое составное имя персонажа (одна сущность - Дед Мороз PER_NAME)",A-6,False,neither,ADJ,2026-06-30
C0243,RUS-O_long_03,NER_missed_by_A,,Мороз,,PER_NAME,PER_NAME,"устойчивое, узнаваемое составное имя персонажа (одна сущность - Дед Мороз PER_NAME)",A-6,False,neither,ADJ,2026-06-30
C0244,RUS-O_long_03,Sentiment_label,Жалко грузовику будить прицеп.,Жалко грузовику будить прицеп.,-1 NEGATIVE,0 NEUTRAL,-1 NEGATIVE,негативная эмоция не разрешается позитивно,B-4,False,A,ADJ,2026-06-30
C0245,RUS-O_long_03,Sentiment_label,— Гав-Гав!,— Гав-Гав!,0 NEUTRAL,+1 POSITIVE,+1 POSITIVE,"звукоподражательные восклицания, передающие активность, энергию и игровой настрой",B-2,False,B,ADJ,2026-06-30
C0246,RUS-O_long_03,Sentiment_label,— Гав-гав! / — помогает собака.,— Гав-гав! — помогает собака.,0 NEUTRAL,+1 POSITIVE,+1 POSITIVE,"звукоподражательные восклицания, передающие активность, энергию и игровой настрой",B-2,False,B,ADJ,2026-06-30
C0247,RUS-O_long_03,Sentiment_label,— ГАВ-ГАВ-ГАВ-ГАВ! / — старается собака.,— ГАВ-ГАВ-ГАВ-ГАВ! — старается собака.,0 NEUTRAL,+1 POSITIVE,+1 POSITIVE,"звукоподражательные восклицания, передающие активность, энергию и игровой настрой",B-2,False,B,ADJ,2026-06-30
C0248,RUS-O_long_03,Sentiment_label,— Би-би-би!,— Би-би-би!,0 NEUTRAL,-1 NEGATIVE,0 NEUTRAL,восклицание без явного маркера радости,B-2,False,A,ADJ,2026-06-30
C0249,RUS-O_long_03,Sentiment_label,Но на работу надо!,Но на работу надо!,0 NEUTRAL,-1 NEGATIVE,0 NEUTRAL,слабо выраженная эмоция без драматизации,B-24,True,A,ADJ,2026-06-30
C0250,RUS-O_long_03,Sentiment_label,Цепляйся скорее! / — удивляется грузовик.,Цепляйся скорее! — удивляется грузовик.,0 NEUTRAL,-1 NEGATIVE,0 NEUTRAL,"реплики, связанные с удивлением и побуждением, без негативных маркеров",B-20,True,A,ADJ,2026-06-30
C0251,RUS-O_long_03,Sentiment_label,Поехали завтра! / — отворачивается прицеп,Поехали завтра! — отворачивается прицеп.,0 NEUTRAL,-1 NEGATIVE,-1 NEGATIVE,"реплика в сочетании с физическим жестом, выражающим пренебрежение или нежелание взаимодействовать",B-17,True,B,ADJ,2026-06-30
C0252,RUS-O_long_03,Sentiment_label,— Би-би-би-би! / — заводится грузовик.,— Би-би-би-би! — заводится грузовик.,0 NEUTRAL,-1 NEGATIVE,0 NEUTRAL,восклицание без явного маркера радости,B-2,False,A,ADJ,2026-06-30
C0253,RUS-O_long_03,Sentiment_label,— Но праздник сегодня!,— Но праздник сегодня!,0 NEUTRAL,-1 NEGATIVE,0 NEUTRAL,слабо выраженная эмоция без драматизации,B-24,True,A,ADJ,2026-06-30
C0254,RUS-O_long_03,Sentiment_label,"Чуть было не потерял терпение грузовик, но у него появилась идея.","Чуть было не потерял терпение грузовик, но у него появилась идея.",+1 POSITIVE,0 NEUTRAL,+1 POSITIVE,негативный триггер перевешивается позитивным разрешением в том же сегменте,B-3,False,A,ADJ,2026-06-30
C0255,RUS-O_long_03,Sentiment_label,"Говорит он нежно: / — А поехали, а тебя с горки прокачу...","Говорит он нежно:
— А поехали, а тебя с горки прокачу...",0 NEUTRAL,+1 POSITIVE,+1 POSITIVE,"нежное предложение совместного действия, обещание приятного времяпрепровождения",B-7,True,B,ADJ,2026-06-30
C0256,RUS-O_long_03,Sentiment_label,— С какой горки? / — заинтересовался прицеп.,— С какой горки? — заинтересовался прицеп.,-1 NEGATIVE,+1 POSITIVE,+1 POSITIVE,проявление заинтересованности и открытости к совместному действию,B-7,True,B,ADJ,2026-06-30
C0257,RUS-O_long_03,Sentiment_label,— С какой горки?,— С какой горки?,0 NEUTRAL,+1 POSITIVE,+1 POSITIVE,"продолжение заинтересованного диалога, участие в игровом обмене репликами",B-7,True,B,ADJ,2026-06-30
C0258,RUS-O_long_03,Sentiment_label,"Знаешь, как мы поедем?","Знаешь, как мы поедем?",0 NEUTRAL,+1 POSITIVE,+1 POSITIVE,"вопрос, направленный на вовлечение и совместное предвкушение",B-7,True,B,ADJ,2026-06-30
C0259,RUS-O_long_03,Sentiment_label,"А на улице хоть и утро, а совсем ночь — темнота.","А на улице хоть и утро, а совсем ночь — темнота.",-1 NEGATIVE,0 NEUTRAL,-1 NEGATIVE,описание неблагоприятных условий,B-18,True,A,ADJ,2026-06-30
C0260,RUS-O_long_03,Sentiment_label,Но грузовик бодро тянет прицеп за собой.,Но грузовик бодро тянет прицеп за собой.,+1 POSITIVE,0 NEUTRAL,+1 POSITIVE,"описание энергичного, бодрого действия персонажа, который получает удовольствие от процесса",B-12,True,A,ADJ,2026-06-30
C0261,RUS-O_long_03,Sentiment_label,Еле-еле пробираются грузовик с прицепом.,Еле-еле пробираются грузовик с прицепом.,-1 NEGATIVE,0 NEUTRAL,-1 NEGATIVE,"описание трудностей, препятствий, медленного продвижения в неблагоприятных условиях",B-18,True,A,ADJ,2026-06-30
C0262,RUS-O_long_03,Sentiment_label,— Где горка? / — пугается грузовик.,— Где горка? — пугается грузовик.,-1 NEGATIVE,0 NEUTRAL,-1 NEGATIVE,прямое называние эмоции через авторскую ремарку,B-17,True,A,ADJ,2026-06-30
C0263,RUS-O_long_03,Sentiment_label,Но как ёлку погрузить?,Но как ёлку погрузить?,-1 NEGATIVE,0 NEUTRAL,0 NEUTRAL,"Вопросы и реплики, связанные с непониманием или уточнением информации",B-20,True,B,ADJ,2026-06-30
C0264,RUS-O_long_03,Sentiment_label,Груз!,Груз!,+1 POSITIVE,0 NEUTRAL,0 NEUTRAL,восклицание без явного маркера радости,B-2,False,B,ADJ,2026-06-30
C0265,RUS-O_long_03,Sentiment_label,Что там у него над головой крутится?,Что там у него над головой крутится?,0 NEUTRAL,+1 POSITIVE,0 NEUTRAL,вопрос без явных маркеров эмоции,B-5,False,A,ADJ,2026-06-30
C0266,RUS-O_long_03,Sentiment_label,А звук совсем громкий стал: / Пыр-Пыр-Пыр-Пыр-Пыр-,"А звук совсем громкий стал:
Пыр-Пыр-Пыр-Пыр-Пыр-",0 NEUTRAL,+1 POSITIVE,0 NEUTRAL,"Звукоподражание не содержит интонации радости, испуга или других эмоций, это нейтральное описание",B-24,True,A,ADJ,2026-06-30
C0267,RUS-O_long_03,Sentiment_label,"Ух, какой вихрь поднялся!","Ух, какой вихрь поднялся!",-1 NEGATIVE,0 NEUTRAL,0 NEUTRAL,восклицание без явного маркера эмоции,B-2,False,B,ADJ,2026-06-30
C0268,RUS-O_long_03,Sentiment_label,А снег — ФУХ! — разлетелся во все стороны!,А снег — ФУХ! — разлетелся во все стороны!,-1 NEGATIVE,0 NEUTRAL,0 NEUTRAL,слабо выраженная эмоция без драматизации,B-24,True,B,ADJ,2026-06-30
C0269,RUS-O_long_03,Sentiment_label,Грузовик присел.,Грузовик присел.,0 NEUTRAL,-1 NEGATIVE,0 NEUTRAL,слабо выраженная эмоция без драматизации,B-24,True,A,ADJ,2026-06-30
C0270,RUS-O_long_03,Sentiment_label,И прицеп присел.,И прицеп присел.,0 NEUTRAL,-1 NEGATIVE,0 NEUTRAL,слабо выраженная эмоция без драматизации,B-24,True,A,ADJ,2026-06-30
C0271,RUS-O_long_03,Sentiment_label,"М-м-м-м-м, как пахнет вкусно... Лесом!","М-м-м-м-м, как пахнет вкусно... / Лесом!",+1 POSITIVE,0 NEUTRAL,+1 POSITIVE,"восклицания, выражающие наслаждение, удовольствие от ощущений",B-2,False,A,ADJ,2026-06-30
C0272,RUS-O_long_03,Sentiment_label,Да это же ёлка!,Да это же ёлка!,+1 POSITIVE,0 NEUTRAL,+1 POSITIVE,восклицание с явным маркером радости,B-2,False,A,ADJ,2026-06-30
C0273,RUS-O_long_03,Sentiment_label,"Да вон за тем лесочком! / — говорит грузовик, скрипя кузовом.","Да вон за тем лесочком! — говорит грузовик, скрипя кузовом.",-1 NEGATIVE,0 NEUTRAL,0 NEUTRAL,восклицание без явного маркера радости,B-2,False,B,ADJ,2026-06-30
C0274,RUS-O_long_03,Sentiment_label,Дёрнул фуру — фура завелась.,Дёрнул фуру — фура завелась.,0 NEUTRAL,+1 POSITIVE,0 NEUTRAL,слабо выраженная эмоция без драматизации,B-24,True,A,ADJ,2026-06-30
C0275,RUS-O_long_03,Sentiment_label,— Спасибо! / — говорит фура.,— Спасибо! — говорит фура.,0 NEUTRAL,+1 POSITIVE,+1 POSITIVE,выражение благодарности является прямым проявлением признания добрых намерений,B-16,True,B,ADJ,2026-06-30
C0276,RUS-O_long_03,Sentiment_label,Он на горку хочет.,Он на горку хочет.,0 NEUTRAL,-1 NEGATIVE,0 NEUTRAL,констатация желания/намерения без эмоциональных маркеров,B-24,True,A,ADJ,2026-06-30
C0277,RUS-O_long_03,Sentiment_label,— Спасибо! / — говорит тягач.,— Спасибо! — говорит тягач.,0 NEUTRAL,+1 POSITIVE,+1 POSITIVE,выражение благодарности является прямым проявлением признания добрых намерений,B-16,True,B,ADJ,2026-06-30
C0278,RUS-O_long_03,Sentiment_label,— Пде горка?,— Пде горка?,0 NEUTRAL,-1 NEGATIVE,0 NEUTRAL,Вопрос без явных маркеров эмоции,B-5,False,A,ADJ,2026-06-30
C0279,RUS-O_long_03,Sentiment_label,Пде?,Пде?,0 NEUTRAL,-1 NEGATIVE,0 NEUTRAL,Вопрос без явных маркеров эмоции,B-5,False,A,ADJ,2026-06-30
C0280,RUS-O_long_03,Sentiment_label,Пде?,Пде?,0 NEUTRAL,-1 NEGATIVE,0 NEUTRAL,Вопрос без явных маркеров эмоции,B-5,False,A,ADJ,2026-06-30
C0281,RUS-O_long_03,Sentiment_label,Пде?,Пде?,0 NEUTRAL,-1 NEGATIVE,0 NEUTRAL,Вопрос без явных маркеров эмоции,B-5,False,A,ADJ,2026-06-30
C0282,RUS-O_long_03,Sentiment_label,Что же делать?,Что же делать?,0 NEUTRAL,-1 NEGATIVE,-1 NEGATIVE,"риторический вопрос о том, что делать в безвыходной ситуации",B-4,False,B,ADJ,2026-06-30
C0283,RUS-O_long_03,Sentiment_label,Что же делать?,Что же делать?,0 NEUTRAL,-1 NEGATIVE,-1 NEGATIVE,"риторический вопрос о том, что делать в безвыходной ситуации",B-4,False,B,ADJ,2026-06-30
C0284,RUS-O_long_03,Sentiment_label,Уговаривает грузовик: / — Ну-ну-ну ещё немножечко...,"Уговаривает грузовик:
— Ну-ну-ну ещё немножечко...",0 NEUTRAL,-1 NEGATIVE,+1 POSITIVE,уговаривание с целью поддержать и ободрить,B-16,True,neither,ADJ,2026-06-30
C0285,RUS-O_long_03,Sentiment_label,В-в-в-вот за тем поворотом!,В-в-в-вот за тем поворотом!,0 NEUTRAL,-1 NEGATIVE,+1 POSITIVE,уговаривание с целью поддержать и ободрить,B-16,True,neither,ADJ,2026-06-30
C0286,RUS-O_long_03,Sentiment_label,Уже еле тащится.,Уже еле тащится.,0 NEUTRAL,-1 NEGATIVE,-1 NEGATIVE,"описание крайне затруднённого движения, борьбы с препятствием",B-18,True,B,ADJ,2026-06-30
C0287,RUS-O_long_03,Sentiment_label,"Что
делать-то?","Что
делать-то?",0 NEUTRAL,-1 NEGATIVE,-1 NEGATIVE,"риторический вопрос о том, что делать в безвыходной ситуации",B-4,False,B,ADJ,2026-06-30
C0288,RUS-O_long_03,Sentiment_label,"Остановится прицеп — как он дальше ёлку
повезёт?","Остановится прицеп — как он дальше ёлку
повезёт?",0 NEUTRAL,-1 NEGATIVE,-1 NEGATIVE,риторический вопрос о невозможности продолжения в ситуации тупика,B-4,False,B,ADJ,2026-06-30
C0289,RUS-O_long_03,Sentiment_label,Нет ведь горки за поворотом.,Нет ведь горки за поворотом.,0 NEUTRAL,-1 NEGATIVE,-1 NEGATIVE,"Высказывания, в которых персонаж осознаёт или констатирует утрату, разрушение или серьёзное ухудшение состояния",B-14,True,B,ADJ,2026-06-30
C0290,RUS-O_long_03,Sentiment_label,"Поворачивает грузовик, а впереди...
...ГОРКА!","Поворачивает грузовик, а впереди... / ...ГОРКА!",0 NEUTRAL,-1 NEGATIVE,+1 POSITIVE,восклицание с явным маркером радости,B-2,False,neither,ADJ,2026-06-30
C0291,RUS-O_long_03,Sentiment_label,А грузовик фарам своим не верит: никогда здесь горки не было.,А грузовик фарам своим не верит: никогда здесь горки не было.,-1 NEGATIVE,0 NEUTRAL,-1 NEGATIVE,выражение недоверия к собственному восприятию,B-17,True,A,ADJ,2026-06-30
C0292,RUS-O_long_03,Sentiment_label,«Вот же пообещал...,«Вот же пообещал...,0 NEUTRAL,-1 NEGATIVE,-1 NEGATIVE,негативная эмоция без позитивного разрешения в данном сегменте,B-4,False,B,ADJ,2026-06-30
C0293,RUS-O_long_03,Sentiment_label,Зачем?» / — думает грузовик.,Зачем?» — думает грузовик.,0 NEUTRAL,-1 NEGATIVE,-1 NEGATIVE,негативная эмоция без позитивного разрешения,B-4,False,B,ADJ,2026-06-30
C0294,RUS-O_long_03,Sentiment_label,Ещё совсем немножечко осталось...,Ещё совсем немножечко осталось...,0 NEUTRAL,-1 NEGATIVE,-1 NEGATIVE,"описание неблагоприятной ситуации, тяжести и изнеможения",B-14,True,B,ADJ,2026-06-30
C0295,RUS-O_long_03,Sentiment_label,Поднялись на самую вершину.,Поднялись на самую вершину.,+1 POSITIVE,0 NEUTRAL,+1 POSITIVE,"Фрагменты, описывающие долгожданное разрешение кризиса",B-23,True,A,ADJ,2026-06-30
C0296,RUS-O_long_03,Sentiment_label,Скорее!,Скорее!,+1 POSITIVE,0 NEUTRAL,+1 POSITIVE,восклицание с явным маркером радости,B-2,False,A,ADJ,2026-06-30
C0297,RUS-O_long_03,Sentiment_label,С ветерком!,С ветерком!,+1 POSITIVE,0 NEUTRAL,+1 POSITIVE,восклицание с явным маркером радости,B-2,False,A,ADJ,2026-06-30
C0298,RUS-O_long_03,Sentiment_label,Очнулся грузовик.,Очнулся грузовик.,0 NEUTRAL,+1 POSITIVE,0 NEUTRAL,слабо выраженная эмоция без драматизации,B-24,True,B,ADJ,2026-06-30
C0299,RUS-O_long_03,Sentiment_label,Очнулся прицеп.,Очнулся прицеп.,0 NEUTRAL,+1 POSITIVE,0 NEUTRAL,слабо выраженная эмоция без драматизации,B-24,True,B,ADJ,2026-06-30
C0300,RUS-O_long_03,Sentiment_label,"— Ох, живой, / — отвечает прицеп.","— Ох, живой, — отвечает прицеп.",0 NEUTRAL,+1 POSITIVE,+1 POSITIVE,Восклицание с явным маркером радости,B-2,False,B,ADJ,2026-06-30
C0301,RUS-O_long_03,Sentiment_label,— Приём!,— Приём!,-1 NEGATIVE,0 NEUTRAL,0 NEUTRAL,слабо выраженная эмоция без драматизации,B-24,True,B,ADJ,2026-07-05
C0302,RUS-O_long_03,Sentiment_label,Это грузовик!,Это грузовик!,-1 NEGATIVE,0 NEUTRAL,0 NEUTRAL,слабо выраженная эмоция без драматизации,B-24,True,B,ADJ,2026-07-05
C0303,RUS-O_long_03,Sentiment_label,Это прицеп,Это прицеп!,-1 NEGATIVE,0 NEUTRAL,0 NEUTRAL,слабо выраженная эмоция без драматизации,B-24,False,B,ADJ,2026-07-05
C0304,RUS-O_long_03,Sentiment_label,— ШШШШШ — шипит рация в ответ.,— ШШШШШ — шипит рация в ответ.,0 NEUTRAL,-1 NEGATIVE,-1 NEGATIVE,отсутствие связи и изоляция воспринимаются как негативное развитие событий,B-14,True,B,ADJ,2026-07-05
C0305,RUS-O_long_03,Sentiment_label,— Приём!,— Приём!,-1 NEGATIVE,0 NEUTRAL,-1 NEGATIVE,"эмоционально заряженный призыв, передающий отчаяние, тревогу и надежду на спасение",B-17,True,A,ADJ,2026-07-05
C0306,RUS-O_long_03,Sentiment_label,Приём!,Приём!,-1 NEGATIVE,0 NEUTRAL,-1 NEGATIVE,"технические термины и сигналы, произнесённые в критической ситуации",B-17,False,A,ADJ,2026-07-05
C0307,RUS-O_long_03,Sentiment_label,Это грузовик!,Это грузовик!,-1 NEGATIVE,0 NEUTRAL,-1 NEGATIVE,"технические термины и сигналы, произнесённые в критической ситуации",B-17,True,A,ADJ,2026-07-05
C0308,RUS-O_long_03,Sentiment_label,Это прицеп!,Это прицеп!,-1 NEGATIVE,0 NEUTRAL,-1 NEGATIVE,"технические термины и сигналы, произнесённые в критической ситуации",B-17,True,A,ADJ,2026-07-05
C0309,RUS-O_long_03,Sentiment_label,Сегодня Новый год!,Сегодня Новый год!,-1 NEGATIVE,0 NEUTRAL,-1 NEGATIVE,"персонаж из-за страха, тревоги или грусти концентрируется только на объекте утраты",B-18,True,A,ADJ,2026-07-05
C0310,RUS-O_long_03,Sentiment_label,прорывается звук сквозь мрак издалека-издалека.,прорывается звук сквозь мрак издалека-издалека.,0 NEUTRAL,+1 POSITIVE,+1 POSITIVE,"Фрагменты, описывающие долгожданное разрешение кризиса (фрагмент должен быть размечен вместе с БИ-БИ-БИ)",B-23,True,B,ADJ,2026-07-05
C0311,RUS-O_long_03,Sentiment_label,Это фура и тягач.,Это фура и тягач.,0 NEUTRAL,+1 POSITIVE,+1 POSITIVE,"Фрагменты, описывающие долгожданное разрешение кризиса",B-23,True,B,ADJ,2026-07-05
C0312,RUS-O_long_03,Sentiment_label,Но грузовик не услышал их ответа.,Но грузовик не услышал их ответа.,-1 NEGATIVE,0 NEUTRAL,-1 NEGATIVE,невозможность получить помощь/ответ создаёт негативный фон,B-18,True,A,ADJ,2026-07-05
C0313,RUS-O_long_03,Sentiment_label,Грузовику уже всё равно.,Грузовику уже всё равно.,-1 NEGATIVE,0 NEUTRAL,-1 NEGATIVE,"прямое описание апатии, безразличия, потери надежды",B-17,True,A,ADJ,2026-07-05
C0314,RUS-O_long_03,Sentiment_label,И прицепу ни до чего нет дела.,И прицепу ни до чего нет дела.,-1 NEGATIVE,0 NEUTRAL,-1 NEGATIVE,"прямое описание апатии, безразличия, потери надежды",B-17,True,A,ADJ,2026-07-05
C0315,RUS-O_long_03,Sentiment_label,Они превратились в большой сугроб.,Они превратились в большой сугроб.,-1 NEGATIVE,0 NEUTRAL,-1 NEGATIVE,"описание исчезновения, утраты жизненных сил, превращения в неживой объект",B-14,True,A,ADJ,2026-07-05
C0316,RUS-O_long_03,Sentiment_label,"БИ-БИ!
— подобрались к грузовику с прицепом фура и тягач.",БИ-БИ! / — подобрались к грузовику с прицепом фура и тягач.,0 NEUTRAL,+1 POSITIVE,+1 POSITIVE,прибытие помощи и начало спасательных действий,B-22,True,B,ADJ,2026-07-05
C0317,RUS-O_long_03,Sentiment_label,"Тросами — раз, два, три — потянули-потянули грузовик, потянули-потянули...","Тросами — раз, два, три — потянули-потянули грузовик, потянули-потянули...",0 NEUTRAL,+1 POSITIVE,+1 POSITIVE,прибытие помощи и начало спасательных действий,B-22,True,B,ADJ,2026-07-05
C0318,RUS-O_long_03,Sentiment_label,И снег с них осыпался.,И снег с них осыпался.,0 NEUTRAL,+1 POSITIVE,+1 POSITIVE,"Фрагменты, описывающие долгожданное разрешение кризиса",B-23,True,B,ADJ,2026-07-05
C0319,RUS-O_long_03,Sentiment_label,"Чик-Чик! — подсоединила фура к аккумулятору проводки, чтобы зарядить","Чик-Чик! — подсоединила фура к аккумулятору проводки, чтобы зарядить.",0 NEUTRAL,+1 POSITIVE,+1 POSITIVE,"Фрагменты, описывающие долгожданное разрешение кризиса",B-23,True,B,ADJ,2026-07-05
C0320,RUS-O_long_03,Sentiment_label,"Спасибо, тягач! / — говорят грузовик с прицепом.","Спасибо, тягач! — говорят грузовик с прицепом.",0 NEUTRAL,+1 POSITIVE,+1 POSITIVE,выражение благодарности за спасение,B-16,True,B,ADJ,2026-07-05
C0321,RUS-O_long_03,Sentiment_label,". А в городе все толпятся на центральной площади — и люди, и машины.","А в городе все толпятся на центральной площади — и люди, и машины.",0 NEUTRAL,-1 NEGATIVE,-1 NEGATIVE,"отчаяние, тревога и беспокойство города создают негативный фон",B-14,True,B,ADJ,2026-07-05
C0322,RUS-O_long_03,Sentiment_label,Би-Би!,Би-Би!,0 NEUTRAL,+1 POSITIVE,+1 POSITIVE,звуковой сигнал как маркер появления спасительной помощи в критической ситуации,B-2,False,B,ADJ,2026-07-05
C0323,RUS-O_long_03,Sentiment_label,— Это тягач с проблесковым маячком.,— Это тягач с проблесковым маячком.,0 NEUTRAL,+1 POSITIVE,+1 POSITIVE,"Фрагменты, описывающие долгожданное разрешение кризиса",B-23,True,B,ADJ,2026-07-05
C0324,RUS-O_long_03,Sentiment_label,Ёлку везут.,Ёлку везут.,0 NEUTRAL,+1 POSITIVE,+1 POSITIVE,"Фрагменты, описывающие долгожданное разрешение кризиса",B-23,True,B,ADJ,2026-07-05
C0325,RUS-O_long_03,Sentiment_label,Бьютчасы на городской площади.,Бьютчасы на городской площади.,0 NEUTRAL,+1 POSITIVE,+1 POSITIVE,описание начала праздника как позитивного культурного события,B-6,True,B,ADJ,2026-07-05
C0326,RUS-O_long_03,Sentiment_label,Взрываются салюты!,Взрываются салюты!,0 NEUTRAL,+1 POSITIVE,+1 POSITIVE,описание начала праздника как позитивного культурного события,B-6,False,B,ADJ,2026-07-05
C0327,RUS-O_long_04,NER_label,Ася,Ася,PER_NAME,PER_FAMILY,PER_NAME,Личные имена персонажей,A-4,False,A,ADJ,2026-07-05
C0328,RUS-O_long_04,NER_label,дети,дети,PER_ROLE,PER_FAMILY,PER_ROLE,"слово используется обобщённо, без привязки к конкретной семье",A-5,False,A,ADJ,2026-07-05
C0329,RUS-O_long_04,NER_label,Мама,Мама,PER_FAMILY,PER_NAME,PER_FAMILY,стандартный термин родства,A-4,False,A,ADJ,2026-07-05
C0330,RUS-O_long_04,NER_missed_by_B,маму,,PER_FAMILY,,PER_FAMILY,стандартный термин родства,A-4,False,A,ADJ,2026-07-05
C0331,RUS-O_long_04,NER_missed_by_B,вагончики,,PER_ROLE,,PER_ROLE,образное описание роли,A-1,False,A,ADJ,2026-07-05
C0332,RUS-O_long_04,NER_missed_by_B,люди,,PER_ROLE,,PER_ROLE,обобщённая категория/класс,A-5,False,A,ADJ,2026-07-05
C0333,RUS-O_long_04,NER_missed_by_B,сыщик,,PER_ROLE,,PER_ROLE,профессиональная/социальная роль,A-11,True,A,ADJ,2026-07-05
C0334,RUS-O_long_04,NER_missed_by_B,маму,,PER_FAMILY,,PER_FAMILY,стандартный термин родства,A-4,False,A,ADJ,2026-07-05
C0335,RUS-O_long_04,NER_missed_by_B,Мама,,PER_FAMILY,,PER_FAMILY,стандартный термин родства,A-4,False,A,ADJ,2026-07-05
C0337,RUS-O_long_04,NER_missed_by_B,крокодил,,PER_ROLE,,PER_ROLE,Животные как общий вид или фоновая роль,A-3,False,A,ADJ,2026-07-05
C0338,RUS-O_long_04,NER_missed_by_B,слушатели,,PER_ROLE,,PER_ROLE,функциональная социальная роль,A-11,True,A,ADJ,2026-07-05
C0339,RUS-O_long_04,NER_missed_by_B,кошке,,PER_ROLE,,PER_ROLE,Животные как общий вид или фоновая роль,A-3,False,A,ADJ,2026-07-05
C0340,RUS-O_long_04,NER_missed_by_B,котёнком,,PER_ROLE,,PER_ROLE,животные как общий вид,A-3,False,A,ADJ,2026-07-05
C0341,RUS-O_long_04,NER_missed_by_B,гостям,,PER_ROLE,,PER_ROLE,"слова, обозначающие социальные, функциональные или профессиональные роли",A-11,True,A,ADJ,2026-07-05
C0342,RUS-O_long_04,NER_missed_by_B,кошка,,PER_ROLE,,PER_ROLE,животные как общий вид,A-3,False,A,ADJ,2026-07-05
C0343,RUS-O_long_04,NER_missed_by_B,кошкам,,PER_ROLE,,PER_ROLE,животные как общий вид,A-3,False,A,ADJ,2026-07-05
C0344,RUS-O_long_04,NER_missed_by_B,Мышка,,PER_NAME,,PER_NAME,уникальное авторское имя,A-1,False,A,ADJ,2026-07-05
C0345,RUS-O_long_04,NER_missed_by_B,кошкой,,PER_ROLE,,PER_ROLE,животные как общий вид,A-3,False,A,ADJ,2026-07-05
C0346,RUS-O_long_04,NER_missed_by_A,,близнецы,,PER_FAMILY,PER_FAMILY,"внутрисемейный статус и относится к конкретной семье, а не к обобщённой группе",A-5,False,B,ADJ,2026-07-05
C0347,RUS-O_long_04,NER_missed_by_A,,мамины,,PER_FAMILY,PER_FAMILY,"Притяжательные формы («мамины», «папины») также относятся к семейным ролям",A-4,False,B,ADJ,2026-07-05
C0348,RUS-O_long_04,NER_missed_by_A,,папины,,PER_FAMILY,PER_FAMILY,"Притяжательные формы («мамины», «папины») также относятся к семейным ролям",A-4,False,B,ADJ,2026-07-05
C0349,RUS-O_long_04,NER_missed_by_A,,волшебница,,PER_ROLE,PER_ROLE,"слова, обозначающие социальные, профессиональные или функциональные роли",A-11,True,B,ADJ,2026-07-05
C0350,RUS-O_long_04,NER_missed_by_A,,паровоз,,PER_ROLE,PER_ROLE,"должна быть размечена вся сущность - мама-паровоз как PER_ROLE, это метафорическое сравнение в рамках эпизода",A-7,False,B,ADJ,2026-07-05
C0351,RUS-O_long_04,NER_missed_by_A,,принцессу,,PER_ROLE,PER_ROLE,"слова, обозначающие социальные статусы и роли",A-11,True,B,ADJ,2026-07-05
C0352,RUS-O_long_04,NER_missed_by_A,,принцесса,,PER_ROLE,PER_ROLE,"слова, обозначающие социальные статусы и роли",A-11,True,B,ADJ,2026-07-05
C0353,RUS-O_long_04,NER_missed_by_A,,мама,,PER_FAMILY,PER_FAMILY,"название песни не меняет того факта, что «мама» является стандартным термином родства",A-4,False,B,ADJ,2026-07-05
C0336,RUS-O_long_04,NER_missed_by_B,мама,,PER_FAMILY,,PER_FAMILY,стандартный термин родства,A-4,False,A,ADJ,2026-07-05
C0354,RUS-O_long_04,NER_missed_by_A,,кладоискатель,,PER_ROLE,PER_ROLE,"слова, обозначающие социальные, профессиональные или функциональные роли",A-11,True,B,ADJ,2026-07-05
C0355,RUS-O_long_04,NER_missed_by_A,,поисковую,,PER_ROLE,PER_ROLE,однословное прилагательное без существительного (должна быть одна сущность - поисковая собака PER_ROLE),A-8,False,neither,ADJ,2026-07-05
C0356,RUS-O_long_04,NER_missed_by_A,,собаку,,PER_ROLE,PER_ROLE,неполная разметка сущности (одна сущность - поисковая собака PER_ROLE),A-8,False,neither,ADJ,2026-07-05
C0357,RUS-O_long_04,NER_missed_by_A,,Мама,,PER_FAMILY,PER_FAMILY,обычное слово родства,A-4,False,B,ADJ,2026-07-05
C0358,RUS-O_long_04,NER_missed_by_A,,Золушка,,PER_NAME,PER_NAME,"имя собственное, которое не теряет своей идентификации",A-1,False,B,ADJ,2026-07-05
C0359,RUS-O_long_04,NER_missed_by_A,,садовод,,PER_ROLE,PER_ROLE,неполная разметка сущности (должна быть одна сущность - мама-садовод PER_ROLE) одноразовое образное/метафорическое сравнение,A-7,False,B,ADJ,2026-07-05
C0360,RUS-O_long_04,NER_missed_by_A,,сказочница,,PER_ROLE,PER_ROLE,неполная разметка сущности (должна быть одна сущность - мама-сказочница) одноразовое образное/метафорическое сравнение,A-7,False,neither,ADJ,2026-07-05
C0361,RUS-O_long_04,NER_missed_by_A,,Бабу,,PER_NAME,PER_NAME,"устойчивое словосочетание, образующее единое имя персонажа (неполная разметка - должна быть одна сущность Баба-Яга)",A-6,False,neither,ADJ,2026-07-05
C0362,RUS-O_long_04,NER_missed_by_A,,ягу,,PER_NAME,PER_NAME,"устойчивое словосочетание, образующее единое имя персонажа (неполная разметка - должна быть одна сущность Баба-Яга PER_NAME)",A-6,False,neither,ADJ,2026-07-05
C0363,RUS-O_long_04,NER_missed_by_A,,Кощея,,PER_NAME,PER_NAME,имя собственное сказочного персонажа,A-1,False,B,ADJ,2026-07-05
C0364,RUS-O_long_04,NER_missed_by_A,,крокодил,,PER_ROLE,PER_ROLE,Животные как общий вид или фоновая роль,A-3,False,B,ADJ,2026-07-05
C0365,RUS-O_long_04,NER_missed_by_A,,переводчик,,PER_ROLE,PER_ROLE,социальная/функциональная роль,A-11,True,B,ADJ,2026-07-05
C0366,RUS-O_long_04,Sentiment_label,- Ура! / — сказала Ася.,- Ура! — сказала Ася.,0 NEUTRAL,+1 POSITIVE,+1 POSITIVE,восклицание с явным маркером радости,B-2,False,B,ADJ,2026-07-05
C0367,RUS-O_long_04,Sentiment_label,Веснушек у Тёмы и Аси на двоих о-го-го сколько!,Веснушек у Тёмы и Аси на двоих о-го-го сколько!,+1 POSITIVE,0 NEUTRAL,+1 POSITIVE,"восклицательные предложения с междометиями, выражающими восхищение и игривость",B-2,False,A,ADJ,2026-07-05
C0368,RUS-O_long_04,Sentiment_label,— Давай вместе рисовать? / — предложил Тёма,— Давай вместе рисовать? — предложил Тёма.,0 NEUTRAL,+1 POSITIVE,+1 POSITIVE,"предложения совместной деятельности, направленные на сотрудничество и общее творчество",B-7,True,B,ADJ,2026-07-05
C0369,RUS-O_long_04,Sentiment_label,"Мама зашла в комнату, приложила палец к губам и прошептала: / — Слышите, как завывает?","Мама зашла в комнату, приложила палец к губам и прошептала:
— Слышите, как завывает?",0 NEUTRAL,-1 NEGATIVE,0 NEUTRAL,вопрос без явных маркеров эмоции,B-5,False,A,ADJ,2026-07-05
C0370,RUS-O_long_04,Sentiment_label,Тёма и Ася тут же вскочили в кроватях и завертели рыжими головами,Тёма и Ася тут же вскочили в кроватях и завертели рыжими головами.,0 NEUTRAL,-1 NEGATIVE,+1 POSITIVE,"возбуждение, интерес и игривое любопытство",B-12,True,neither,ADJ,2026-07-05
C0371,RUS-O_long_04,Sentiment_label,"- У-ууу, / — донеслось с улицы.","- У-ууу, — донеслось с улицы.",0 NEUTRAL,-1 NEGATIVE,0 NEUTRAL,нейтральные звукоподражания без эмоциональных маркеров,B-24,True,A,ADJ,2026-07-05
C0372,RUS-O_long_04,Sentiment_label,- Ура! / — хором отозвались близнецы.,- Ура! — хором отозвались близнецы.,0 NEUTRAL,+1 POSITIVE,+1 POSITIVE,восклицание с явным маркером радости,B-2,False,B,ADJ,2026-07-05
C0373,RUS-O_long_04,Sentiment_label,"- А ты ей подмигни и сразу ешь, / — посоветовала мама.","- А ты ей подмигни и сразу ешь, — посоветовала мама.",0 NEUTRAL,+1 POSITIVE,+1 POSITIVE,"реплика, выражающая поддержку и заботу",B-16,True,B,ADJ,2026-07-05
C0374,RUS-O_long_04,Sentiment_label,— Каша нам сейчас очень нужна для утяжеления.,— Каша нам сейчас очень нужна для утяжеления.,0 NEUTRAL,+1 POSITIVE,+1 POSITIVE,игровое вовлечение в деятельность через забавное объяснение,B-7,True,B,ADJ,2026-07-05
C0375,RUS-O_long_04,Sentiment_label,"Тёме и Асе хотелось посидеть в вороньем гнезде, но они мигом сообразили, что спуститься с берёзы будет трудно.","Тёме и Асе хотелось посидеть в вороньем гнезде, но они мигом сообразили, что спуститься с берёзы будет трудно.",-1 NEGATIVE,0 NEUTRAL,0 NEUTRAL,слабо выраженная эмоция без драматизации,B-24,True,B,ADJ,2026-07-05
C0376,RUS-O_long_04,Sentiment_label,Хлоп-хлоп-хлоп — все три зонта раскрылись.,Хлоп-хлоп-хлоп — все три зонта раскрылись.,0 NEUTRAL,+1 POSITIVE,+1 POSITIVE,коллективное синхронное действие,B-22,True,B,ADJ,2026-07-05
C0377,RUS-O_long_04,Sentiment_label,"Повредничала буря, вывернула зонты наизнанку, но все знают, что надо против ветра повернуться, и зонты починятся.","Повредничала буря, вывернула зонты наизнанку, но все знают, что надо против ветра повернуться, и зонты починятся.",+1 POSITIVE,-1 NEGATIVE,+1 POSITIVE,описание практического решения проблемы с позитивной коннотацией,B-12,True,A,ADJ,2026-07-05
C0378,RUS-O_long_04,Sentiment_label,"Покрутилась буря, повертелась да и отстала, решила на качелях покачаться, а мама-паровоз свои вагончики прямиком в детский сад доставила.","Покрутилась буря, повертелась да и отстала, решила на качелях покачаться, а мама-паровоз свои вагончики прямиком в детский сад доставила.",0 NEUTRAL,+1 POSITIVE,+1 POSITIVE,"Фрагменты, описывающие долгожданное разрешение кризиса",B-23,True,B,ADJ,2026-07-05
C0379,RUS-O_long_04,Sentiment_label,"Заодно и «укротительное» стихотворение сочинила: / — Дождик скачет по плащу, мигом бурю укрощу!","Заодно и «укротительное» стихотворение сочинила:
— Дождик скачет по плащу, мигом бурю укрощу!",0 NEUTRAL,+1 POSITIVE,+1 POSITIVE,стихотворение с рифмой и игровым содержанием,B-23,True,B,ADJ,2026-07-05
C0380,RUS-O_long_04,Sentiment_label,— А давай мы ей ещё дворец из конструктора в подарок соберём.,— А давай мы ей ещё дворец из конструктора в подарок соберём.,0 NEUTRAL,+1 POSITIVE,+1 POSITIVE,предложение совместной творческой деятельности,B-7,True,B,ADJ,2026-07-05
C0381,RUS-O_long_04,Sentiment_label,"Самая красивая песня — песня собственного сочинения, это всем известно.","Самая красивая песня — песня собственного сочинения, это всем известно.",+1 POSITIVE,0 NEUTRAL,+1 POSITIVE,творческое действие (сочинение песен) как источник радости,B-12,True,A,ADJ,2026-07-05
C0382,RUS-O_long_04,Sentiment_label,Называется «Волшебная мама».,Называется «Волшебная мама».,0 NEUTRAL,+1 POSITIVE,+1 POSITIVE,творческое действие как источник радости,B-12,True,B,ADJ,2026-07-05
C0383,RUS-O_long_04,Sentiment_label,Талант — это когда ты умеешь что-то делать лучше других.,Талант — это когда ты умеешь что-то делать лучше других.,+1 POSITIVE,0 NEUTRAL,+1 POSITIVE,описание выдающихся способностей как повода для гордости и восхищения,B-12,True,A,ADJ,2026-07-05
C0384,RUS-O_long_04,Sentiment_label,"— Да вовсе это не клады, / — засмеялась мама.","— Да вовсе это не клады, — засмеялась мама.",0 NEUTRAL,+1 POSITIVE,+1 POSITIVE,смех («засмеялась») как маркер положительной эмоции,B-2,False,B,ADJ,2026-07-05
C0385,RUS-O_long_04,Sentiment_label,— А просто пропажи.,— А просто пропажи.,0 NEUTRAL,+1 POSITIVE,+1 POSITIVE,реплики в пределах одного диалогического блока могут сохранять общую тональность,B-1,False,B,ADJ,2026-07-05
C0386,RUS-O_long_04,Sentiment_label,"— Нет, клады! / — заспорили близнецы.","— Нет, клады! — заспорили близнецы.",0 NEUTRAL,+1 POSITIVE,+1 POSITIVE,"дети спорят не из злости, а из желания сделать мир весёлым",B-16,True,B,ADJ,2026-07-05
C0387,RUS-O_long_04,Sentiment_label,"— Пропажа — это грустно, а клад — весело.","— Пропажа — это грустно, а клад — весело.",0 NEUTRAL,+1 POSITIVE,+1 POSITIVE,"выражение стремления к весёлому, радостному восприятию мира",B-6,True,B,ADJ,2026-07-05
C0388,RUS-O_long_04,Sentiment_label,"- И правда, / — согласилась мама.","- И правда, — согласилась мама.",0 NEUTRAL,+1 POSITIVE,+1 POSITIVE,"реплика, выражающая согласие и поддержку в игровом контексте",B-16,True,B,ADJ,2026-07-05
C0389,RUS-O_long_04,Sentiment_label,Тёма в садик в двух сапогах пошёл.,Тёма в садик в двух сапогах пошёл.,0 NEUTRAL,+1 POSITIVE,+1 POSITIVE,возвращение к нормальному состоянию как позитивное событие,B-12,True,B,ADJ,2026-07-05
C0390,RUS-O_long_04,Sentiment_label,А однажды потерялся в доме слон.,А однажды потерялся в доме слон.,0 NEUTRAL,-1 NEGATIVE,-1 NEGATIVE,описание потери значимого объекта,B-14,True,B,ADJ,2026-07-05
C0391,RUS-O_long_04,Sentiment_label,"Слон был просто заглядение: живот бархатный, хобот розовый, уши шуршащие, зовут Пряник. Мама снова с Рексом посоветовалась.","Слон был просто заглядение: живот бархатный, хобот розовый, уши шуршащие, зовут Пряник. / Мама снова с Рексом посоветовалась.",+1 POSITIVE,0 NEUTRAL,+1 POSITIVE,"Высказывания, выражающие восхищение красотой объекта или желание сохранить его",B-15,True,A,ADJ,2026-07-05
C0392,RUS-O_long_04,Sentiment_label,"Он лаял, как овчарка, лапами шевелил, маму к коробке с игрушками привёл, а слона не нашёл.","Он лаял, как овчарка, лапами шевелил, маму к коробке с игрушками привёл, а слона не нашёл.",-1 NEGATIVE,0 NEUTRAL,-1 NEGATIVE,описание неудачного поиска и отсутствия результата,B-14,True,A,ADJ,2026-07-05
C0393,RUS-O_long_04,Sentiment_label,"— Слоны любят ходить по саванне и чесать спины о баобабы, / — важно сказал Тёма.","— Слоны любят ходить по саванне и чесать спины о баобабы, — важно сказал Тёма.",+1 POSITIVE,0 NEUTRAL,+1 POSITIVE,проявление гордости за свои знания и участие в решении проблемы,B-12,True,A,ADJ,2026-07-05
C0394,RUS-O_long_04,Sentiment_label,Самый любимый цвет у мамы зелёный,Самый любимый цвет у мамы зелёный.,+1 POSITIVE,0 NEUTRAL,+1 POSITIVE,выражение привязанности к чему-либо,B-12,True,A,ADJ,2026-07-05
C0395,RUS-O_long_04,Sentiment_label,"— Зелёный — добрый цвет, / — сказала мама.","— Зелёный — добрый цвет, — сказала мама.",+1 POSITIVE,0 NEUTRAL,+1 POSITIVE,выражение положительного отношения,B-12,True,A,ADJ,2026-07-05
C0396,RUS-O_long_04,Sentiment_label,"— Много всего хорошего зелёного цвета: трава, яблоко, огурец, моё новое пальто.","— Много всего хорошего зелёного цвета: трава, яблоко, огурец, моё новое пальто.",+1 POSITIVE,0 NEUTRAL,+1 POSITIVE,наличие явных положительных оценочных признаков,B-6,True,A,ADJ,2026-07-05
C0397,RUS-O_long_04,Sentiment_label,- Чтобы глаз радовался! / — сказала мама.,- Чтобы глаз радовался! — сказала мама.,+1 POSITIVE,0 NEUTRAL,+1 POSITIVE,"восклицательные предложения, выражающие цель создания радости/удовольствия",B-2,False,A,ADJ,2026-07-05
C0398,RUS-O_long_04,Sentiment_label,"- Нет, оба, конечно, / — засмеялась мама и начала ящики по местам расставлять и землю в них насыпать.","- Нет, оба, конечно, — засмеялась мама и начала ящики по местам расставлять и землю в них насыпать.",+1 POSITIVE,0 NEUTRAL,+1 POSITIVE,реплика и сопровождающее действие (смех) размечаются как одна единица с позитивной эмоцией,B-1,False,A,ADJ,2026-07-05
C0399,RUS-O_long_04,Sentiment_label,"Тёма с Асей ей помогали: воду в леечку набирали и читали, что на пакетиках написано.","Тёма с Асей ей помогали: воду в леечку набирали и читали, что на пакетиках написано.",+1 POSITIVE,0 NEUTRAL,+1 POSITIVE,"коллективные действия, направленные на помощь и сотрудничество",B-22,False,A,ADJ,2026-07-05
C0400,RUS-O_long_04,Sentiment_label,"- Пе-тру-шка, / — прочитала Ася и обрадовалась, что с таким длинным словом справилась.","- Пе-тру-шка, — прочитала Ася и обрадовалась, что с таким длинным словом справилась.",+1 POSITIVE,0 NEUTRAL,+1 POSITIVE,прямая вербализация положительной эмоции,B-17,True,A,ADJ,2026-07-05
C0401,RUS-O_long_04,Sentiment_label,"А чтобы весь этот народ быстрее рос, мама включила им дополнительное солнышко — специальную лампу.","А чтобы весь этот народ быстрее рос, мама включила им дополнительное солнышко — специальную лампу.",+1 POSITIVE,0 NEUTRAL,+1 POSITIVE,наличие положительных образов («солнышко» как символ заботы),B-6,True,A,ADJ,2026-07-05
C0402,RUS-O_long_04,Sentiment_label,"- Вон какие весёлые, / — сказала Ася.","- Вон какие весёлые, — сказала Ася.",+1 POSITIVE,0 NEUTRAL,+1 POSITIVE,выражение радости от наблюдения за любимыми растениями,B-12,True,A,ADJ,2026-07-05
C0403,RUS-O_long_04,Sentiment_label,Вырос на подоконнике настоящий огород.,Вырос на подоконнике настоящий огород.,0 NEUTRAL,+1 POSITIVE,+1 POSITIVE,описание результата любимого дела,B-12,True,B,ADJ,2026-07-05
C0404,RUS-O_long_04,Sentiment_label,"Укроп с петрушкой очень любят, когда их стригут.","Укроп с петрушкой очень любят, когда их стригут.",+1 POSITIVE,0 NEUTRAL,+1 POSITIVE,описание заботы о растениях как о любимом деле,B-12,True,A,ADJ,2026-07-05
C0405,RUS-O_long_04,Sentiment_label,Как раз украшение для супа.,Как раз украшение для супа.,+1 POSITIVE,0 NEUTRAL,+1 POSITIVE,радость от результата любимого дела,B-12,True,A,ADJ,2026-07-05
C0406,RUS-O_long_04,Sentiment_label,Милочка глаза вытаращила: / - А почему вашу маму нельзя хлебом кормить?,"Милочка глаза вытаращила:
- А почему вашу маму нельзя хлебом кормить?",-1 NEGATIVE,0 NEUTRAL,0 NEUTRAL,"вопросы, связанные с непониманием или уточнением информации",B-20,True,B,ADJ,2026-07-05
C0407,RUS-O_long_04,Sentiment_label,Милочка подпрыгнула и в ладоши захлопала.,Милочка подпрыгнула и в ладоши захлопала.,+1 POSITIVE,0 NEUTRAL,+1 POSITIVE,"физические проявления радости (подпрыгивание, хлопки) являются маркерами положительной эмоции",B-2,False,A,ADJ,2026-07-05
C0408,RUS-O_long_04,Sentiment_label,- Круглую! / — хором крикнули дети.,- Круглую! — хором крикнули дети.,+1 POSITIVE,0 NEUTRAL,+1 POSITIVE,хоровое восклицание с энтузиазмом,B-22,True,A,ADJ,2026-07-05
C0409,RUS-O_long_04,Sentiment_label,- Понятно!,- Понятно!,+1 POSITIVE,0 NEUTRAL,+1 POSITIVE,восклицательная реакция на позитивный отклик детей,B-2,False,A,ADJ,2026-07-05
C0410,RUS-O_long_04,Sentiment_label,И помчался к речке Нил развесёлый крокодил.,И помчался к речке Нил / развесёлый крокодил.,+1 POSITIVE,0 NEUTRAL,+1 POSITIVE,наличие явных положительных оценочных признаков,B-6,True,A,ADJ,2026-07-05
C0411,RUS-O_long_04,Sentiment_label,Крокодил зарылся в ил.,Крокодил зарылся в ил.,0 NEUTRAL,-1 NEGATIVE,0 NEUTRAL,слабо выраженная эмоция без драматизации,B-24,True,A,ADJ,2026-07-05
C0412,RUS-O_long_04,Sentiment_label,Спать улёгся крокодил и подумал:,Спать улёгся крокодил и подумал:,0 NEUTRAL,+1 POSITIVE,0 NEUTRAL,слабо выраженная эмоция без драматизации,B-24,True,A,ADJ,2026-07-05
C0413,RUS-O_long_04,Sentiment_label,"«Ничего, завтра выловлю его!»","«Ничего, завтра выловлю его!»",0 NEUTRAL,+1 POSITIVE,+1 POSITIVE,"несмотря на предшествующую потерю, итоговый вектор мысли — позитивный",B-3,False,B,ADJ,2026-07-05
C0414,RUS-O_long_04,Sentiment_label,А мама раздала каждому по апельсину и даже почистила.,А мама раздала каждому по апельсину и даже почистила.,0 NEUTRAL,+1 POSITIVE,+1 POSITIVE,щедрость и забота как проявление добрых намерений,B-16,True,B,ADJ,2026-07-05
C0415,RUS-O_long_04,Sentiment_label,"Мышка любила играть с бумажкой на верёвочке, всегда охотно ластилась, залезала гостям на коленки и тарахтела на весь белый свет.","Мышка любила играть с бумажкой на верёвочке, всегда охотно ластилась, залезала гостям на коленки и тарахтела на весь белый свет.",+1 POSITIVE,0 NEUTRAL,+1 POSITIVE,описание любимых занятий и радостного поведения персонажа,B-12,True,A,ADJ,2026-07-05
C0416,RUS-O_long_04,Sentiment_label,. Ведь кошкам вредно целыми днями сидеть в одиночестве.,Ведь кошкам вредно целыми днями сидеть в одиночестве.,-1 NEGATIVE,0 NEUTRAL,-1 NEGATIVE,"описание вреда, негативного воздействия на живое существо",B-14,True,A,ADJ,2026-07-05
C0417,RUS-O_long_04,Sentiment_label,"– Да уж, любой заскучает, / – сказала мама.","– Да уж, любой заскучает, – сказала мама.",-1 NEGATIVE,0 NEUTRAL,-1 NEGATIVE,прямое называние отрицательного состояния,B-17,True,A,ADJ,2026-07-05
C0418,RUS-O_long_04,Sentiment_label,"Вечером взяли с собой бумажку на верёвочке, хорошее настроение и пошли в гости к Мышке.","Вечером взяли с собой бумажку на верёвочке, хорошее настроение и пошли в гости к Мышке.",+1 POSITIVE,0 NEUTRAL,+1 POSITIVE,описание подготовки к приятному занятию (визит к Мышке) с хорошим настроением,B-12,True,A,ADJ,2026-07-05
C0419,RUS-O_long_04,Sentiment_label,". Она сразу навстречу вышла, начала о ноги тереться, бодаться и подпрыгивать.","Она сразу навстречу вышла, начала о ноги тереться, бодаться и подпрыгивать.",+1 POSITIVE,0 NEUTRAL,+1 POSITIVE,"описание радостного, энергичного поведения животного",B-12,True,A,ADJ,2026-07-05
C0420,RUS-O_long_04,Sentiment_label,"Когда наигрались, собрались уходить, а Мышка села на стул и голову повесила.","Когда наигрались, собрались уходить, а Мышка села на стул и голову повесила.",0 NEUTRAL,-1 NEGATIVE,-1 NEGATIVE,грустное состояние без немедленного позитивного разрешения,B-4,False,B,ADJ,2026-07-05
C0421,RUS-O_long_04,Sentiment_label,"— Мышка, ты не хочешь, чтобы мы уходили? / спросила мама.","— Мышка, ты не хочешь, чтобы мы уходили? — спросила мама.",-1 NEGATIVE,0 NEUTRAL,-1 NEGATIVE,вопрос с негативной коннотацией,B-5,False,A,ADJ,2026-07-05
C0422,RUS-O_long_05,NER_label,Дед,Дед,PER_FAMILY,PER_ROLE,PER_FAMILY,есть явная привязка к конкретной семье через притяжательное местоимение,A-5,False,A,ADJ,2026-07-05
C0423,RUS-O_long_05,NER_label,Крысы,Крысы,PER_ROLE,PER_NAME,PER_ROLE,животные как общий вид,A-3,False,A,ADJ,2026-07-05
C0424,RUS-O_long_05,NER_missed_by_B,рыбки,,PER_ROLE,,PER_ROLE,животные/образы как общая категория,A-3,False,A,ADJ,2026-07-05
C0425,RUS-O_long_05,NER_missed_by_B,мыши,,PER_ROLE,,PER_ROLE,животные/образы как общая категория,A-3,False,A,ADJ,2026-07-05
C0426,RUS-O_long_05,NER_missed_by_B,крысы,,PER_ROLE,,PER_ROLE,животные/образы как общая категория,A-3,False,A,ADJ,2026-07-05
C0427,RUS-O_long_05,NER_missed_by_B,лис,,PER_ROLE,,PER_ROLE,животные/образы как общая категория,A-3,False,A,ADJ,2026-07-05
C0428,RUS-O_long_05,NER_missed_by_B,люди,,PER_ROLE,,PER_ROLE,обобщённые группы без конкретной идентификации,A-5,False,A,ADJ,2026-07-05
C0429,RUS-O_long_05,NER_missed_by_B,Хулиганов,,PER_ROLE,,PER_ROLE,"социальные, профессиональные или функциональные роли",A-11,True,A,ADJ,2026-07-05
C0430,RUS-O_long_05,NER_missed_by_B,мальчишки,,PER_ROLE,,PER_ROLE,"социальные, профессиональные или функциональные роли",A-11,True,A,ADJ,2026-07-05
C0431,RUS-O_long_05,NER_missed_by_B,лисоньки,,PER_ROLE,,PER_ROLE,животные как общий вид или категория,A-3,False,A,ADJ,2026-07-05
C0432,RUS-O_long_05,NER_missed_by_B,дети,,PER_ROLE,,PER_ROLE,обобщённая категория для сравнения,A-5,False,A,ADJ,2026-07-05
C0433,RUS-O_long_05,NER_missed_by_A,,огромная,,PER_ROLE,keep A,"размечено одно прилагательное без существительное, не является составной частью сущности",A-8,False,A,ADJ,2026-07-05
C0434,RUS-O_long_05,NER_missed_by_A,,крупных,,PER_ROLE,keep A,"не является составной частью сущности, размечено без существительного",A-8,False,A,ADJ,2026-07-05
C0435,RUS-O_long_05,NER_missed_by_A,,пёстрых,,PER_ROLE,keep A,"не является составной частью сущности, размечено без существительного",A-8,False,A,ADJ,2026-07-05
C0436,RUS-O_long_05,NER_missed_by_A,,рыжие,,PER_ROLE,keep A,"не является составной частью сущности, размечено без существительного",A-8,False,A,ADJ,2026-07-05
C0437,RUS-O_long_05,NER_missed_by_A,,весёлые,,PER_ROLE,keep A,"не является составной частью сущности, размечено без существительного",A-8,False,A,ADJ,2026-07-05
C0438,RUS-O_long_05,NER_missed_by_A,,Красные,,PER_ROLE,keep A,"не является составной частью сущности, размечено без существительного",A-8,False,A,ADJ,2026-07-05
C0439,RUS-O_long_05,NER_missed_by_A,,Зелёные,,PER_ROLE,keep A,"не является составной частью сущности, размечено без существительного",A-8,False,A,ADJ,2026-07-05
C0440,RUS-O_long_05,NER_missed_by_A,,в,,PER_ROLE,keep A,предлог не является частью сущности (по аналогии с правилом про глагол),A-10,False,A,ADJ,2026-07-05
C0441,RUS-O_long_05,NER_missed_by_A,,горошек,,PER_ROLE,keep A,не является сущностью,A-10,True,A,ADJ,2026-07-05
C0442,RUS-O_long_05,NER_missed_by_A,,в,,PER_ROLE,keep A,предлоги не являются сущностями,A-10,True,A,ADJ,2026-07-05
C0443,RUS-O_long_05,NER_missed_by_A,,полоску,,PER_ROLE,keep A,"не является сущностью, это обозначение принта",A-10,True,A,ADJ,2026-07-05
C0444,RUS-O_long_05,NER_missed_by_A,,волшебные,,PER_ROLE,keep A,"не является сущностью, размечено без существительного",A-8,False,A,ADJ,2026-07-05
C0445,RUS-O_long_05,NER_missed_by_A,,худой,,PER_ROLE,keep A,"не является сущностью, размечено без существительного",A-8,False,A,ADJ,2026-07-05
C0446,RUS-O_long_05,NER_missed_by_A,,усатый,,PER_ROLE,keep A,"не является сущностью, размечено без существительного",A-8,False,A,ADJ,2026-07-05
C0447,RUS-O_long_05,NER_missed_by_A,,печальный,,PER_ROLE,keep A,"не является сущностью, размечено без существительного",A-8,False,A,ADJ,2026-07-05
C0448,RUS-O_long_05,NER_missed_by_A,,усталый,,PER_ROLE,keep A,"не является сущностью, размечено без существительного",A-8,False,A,ADJ,2026-07-05
C0449,RUS-O_long_05,NER_missed_by_A,,помятый,,PER_ROLE,keep A,"не является сущностью, размечено без существительного",A-8,False,A,ADJ,2026-07-05
C0450,RUS-O_long_05,NER_missed_by_A,,белые,,PER_ROLE,keep A,"не является сущностью, размечено без существительного",A-8,False,A,ADJ,2026-07-05
C0451,RUS-O_long_05,NER_missed_by_A,,старый,,PER_ROLE,keep A,"не является сущностью, размечено без существительного",A-8,False,A,ADJ,2026-07-05
C0452,RUS-O_long_05,NER_missed_by_A,,силачи,,PER_ROLE,PER_ROLE,недостаточная разметка (должно быть великаны-силачи - PER_ROLE),A-11,True,neither,ADJ,2026-07-05
C0453,RUS-O_long_05,NER_missed_by_A,,силачи,,PER_ROLE,PER_ROLE,недостаточная разметка (должно быть великаны-силачи - PER_ROLЕ),A-11,True,neither,ADJ,2026-07-05
C0454,RUS-O_long_05,NER_missed_by_A,,факир,,PER_ROLE,PER_ROLE,"недостаточная разметка, должно быть фокусник-факир - PER_ROLE)",A-11,True,neither,ADJ,2026-07-05
C0455,RUS-O_long_05,NER_missed_by_A,,белых,,PER_ROLE,keep A,"недостаточная разметка, размечено без существительного",A-8,False,A,ADJ,2026-07-05
C0456,RUS-O_long_05,NER_missed_by_A,,гимнасты,,PER_ROLE,PER_ROLE,"недостаточная разметка, должно быть размечено вместе с прилагательным как единая роль",A-11,True,neither,ADJ,2026-07-05
C0457,RUS-O_long_05,NER_missed_by_A,,клоун,,PER_ROLE,PER_ROLE,"означает профессиональную/социальную роль, недостаточная разметка, поскольку размечено без прилагательного белый",A-11,True,neither,ADJ,2026-07-05
C0458,RUS-O_long_05,NER_missed_by_A,,клоун,,PER_ROLE,PER_ROLE,"означает профессиональную/социальную роль, размечено без прилагательного белый",A-11,True,neither,ADJ,2026-07-05
C0459,RUS-O_long_05,NER_missed_by_A,,клоун,,PER_ROLE,PER_ROLE,"означает профессиональную/социальную роль, размечено без прилагательного рыжий",A-11,True,neither,ADJ,2026-07-05
C0460,RUS-O_long_05,NER_missed_by_A,,рыжих,,PER_ROLE,keep A,"не является сущностью, размечено без существительного",A-8,False,A,ADJ,2026-07-05
C0461,RUS-O_long_05,NER_missed_by_A,,седой,,PER_ROLE,keep A,не является сущностью,A-8,False,A,ADJ,2026-07-05
C0462,RUS-O_long_05,NER_missed_by_A,,маленьких,,PER_ROLE,keep A,"не является сущностью, размечено без существительного",A-8,False,A,ADJ,2026-07-05
C0463,RUS-O_long_05,NER_missed_by_A,,молодой,,PER_ROLE,keep A,"не является сущностью, размечено без существительного",A-8,False,A,ADJ,2026-07-05
C0464,RUS-O_long_05,NER_missed_by_A,,белых,,PER_ROLE,keep A,"не является сущностью, размечено без существительного",A-8,False,A,ADJ,2026-07-05
C0465,RUS-O_long_05,NER_missed_by_A,,белых,,PER_ROLE,keep A,"не является сущностью, размечено без существительного",A-8,False,A,ADJ,2026-07-05
C0466,RUS-O_long_05,NER_missed_by_A,,лисичек,,PER_ROLE,PER_ROLE,животные как общий вид,A-3,False,B,ADJ,2026-07-05
C0467,RUS-O_long_05,NER_missed_by_A,,пса,,PER_ROLE,PER_ROLE,животные как общий вид,A-3,False,B,ADJ,2026-07-05
C0468,RUS-O_long_05,NER_missed_by_A,,Бак,,PER_ROLE,keep A,"стихотворные элементы, звукоподражания и рифмы, не образующие самостоятельной именной группы, не являются сущностями",A-10,True,A,ADJ,2026-07-05
C0469,RUS-O_long_05,NER_missed_by_A,,летучие,,PER_ROLE,keep A,"недостаточная разметка, одно название - летучие мыши (PER_ROLE)",A-7,False,A,ADJ,2026-07-05
C0470,RUS-O_long_05,NER_missed_by_A,,факира,,PER_ROLE,PER_ROLE,"социальная, профессиональная роль",A-11,True,B,ADJ,2026-07-05
C0471,RUS-O_long_05,NER_missed_by_A,,Белые,,PER_ROLE,keep A,"недостаточная разметка, нет разметки существительного",A-8,False,A,ADJ,2026-07-05
C0472,RUS-O_long_05,NER_missed_by_A,,рыжие,,PER_ROLE,keep A,"недостаточная разметка, размечено без существительного",A-8,False,A,ADJ,2026-07-05
C0473,RUS-O_long_05,NER_missed_by_A,,Белого,,PER_ROLE,keep A,"недостаточная разметка, размечено без существительного",A-8,False,A,ADJ,2026-07-05
C0474,RUS-O_long_05,Sentiment_label,"Вдруг гляжу, стоит старушка, Сто часов вокруг неё, А в больших часах кукушка звонко песенки поёт.","Вдруг гляжу, стоит старушка, / Сто часов вокруг неё, / А в больших часах кукушка звонко песенки поёт.",+1 POSITIVE,0 NEUTRAL,+1 POSITIVE,идиллическое описание мира,B-6,True,A,ADJ,2026-07-05
C0475,RUS-O_long_05,Sentiment_label,"Я рассматривал часы, На меня смотрели псы, Что-то нюхали, искали, Суетились и вздыхали.","Я рассматривал часы, / На меня смотрели псы, / Что-то нюхали, искали, / Суетились и вздыхали.",-1 NEGATIVE,0 NEUTRAL,0 NEUTRAL,слабо выраженная эмоция без драматизации,B-24,True,B,ADJ,2026-07-05
C0476,RUS-O_long_05,Sentiment_label,Мимо домиков и ёлок Путь мой долог-долог.,Мимо домиков и ёлок / Путь мой долог-долог.,-1 NEGATIVE,0 NEUTRAL,0 NEUTRAL,слабо выраженная эмоция без драматизации,B-24,True,B,ADJ,2026-07-05
C0477,RUS-O_long_05,Sentiment_label,"Псы задумчиво молчат, Не вздыхают, не рычат.","Псы задумчиво молчат, / Не вздыхают, не рычат.",-1 NEGATIVE,0 NEUTRAL,0 NEUTRAL,слабо выраженная эмоция без драматизации,B-24,True,B,ADJ,2026-07-05
C0478,RUS-O_long_05,Sentiment_label,"Вечереет, снег синеет, Хочется домой скорее.","Вечереет, снег синеет, / Хочется домой скорее.",-1 NEGATIVE,0 NEUTRAL,-1 NEGATIVE,описание наступающей темноты и холода как неблагоприятных условий,B-18,True,A,ADJ,2026-07-05
C0479,RUS-O_long_05,Sentiment_label,Понемногу псы отстали.,Понемногу псы отстали.,0 NEUTRAL,+1 POSITIVE,+1 POSITIVE,негативное напряжение сменяется облегчением,B-3,False,B,ADJ,2026-07-05
C0480,RUS-O_long_05,Sentiment_label,Вот кого искали псы.,Вот кого искали псы.,0 NEUTRAL,+1 POSITIVE,+1 POSITIVE,облегчение от разрешения ситуации,B-3,False,B,ADJ,2026-07-05
C0481,RUS-O_long_05,Sentiment_label,"Нашедшему будут и славы, и приз.","Нашедшему будут и славы, и приз.",+1 POSITIVE,-1 NEGATIVE,+1 POSITIVE,обещание награды и признания за доброе дело,B-16,True,A,ADJ,2026-07-05
C0482,RUS-O_long_05,Sentiment_label,"Раз лисы сбежали, Наверное, в цирке их все обижали.","Раз лисы сбежали, / Наверное, в цирке их все обижали.",-1 NEGATIVE,0 NEUTRAL,-1 NEGATIVE,прямое называние негативного действия («обижали»),B-17,True,A,ADJ,2026-07-05
C0483,RUS-O_long_05,Sentiment_label,Непонятно.,Непонятно.,-1 NEGATIVE,0 NEUTRAL,-1 NEGATIVE,"выражение растерянности, неуверенности и морального конфликта",B-4,False,A,ADJ,2026-07-05
C0484,RUS-O_long_05,Sentiment_label,"Небо как занавес старого цирка Тает луны белоснежная дырка Снились всю ночь мне ступени, кулисы Красные лисы, Зелёные лисы Лисы в горошек и в маленьких шляпках Лисы, держащие курочек в лапках Лисы в полоску, Бесшумно, как тени Все танцевали легко на арене Где-то играли тихонечко скрипки, Плыли под куполом белые рыбки.","Небо как занавес старого цирка / Тает луны белоснежная дырка / Снились всю ночь мне ступени, кулисы / Красные лисы, / Зелёные лисы / Лисы в горошек и в маленьких шляпках / Лисы, держащие курочек в лапках / Лисы в полоску, / Бесшумно, как тени / Все танцевали легко на арене / Где-то играли тихонечко скрипки, / Плыли под куполом белые рыбки.",+1 POSITIVE,0 NEUTRAL,+1 POSITIVE,наличие явных положительных образов и оценочных признаков,B-6,True,A,ADJ,2026-07-05
C0485,RUS-O_long_05,Sentiment_label,"Прятались где-то и мыши, и крысы, Плавно кружились волшебные лисы.","Прятались где-то и мыши, и крысы, / Плавно кружились волшебные лисы.",+1 POSITIVE,0 NEUTRAL,+1 POSITIVE,наличие положительных оценочных признаков,B-6,True,A,ADJ,2026-07-05
C0486,RUS-O_long_05,Sentiment_label,Вдруг наступила на миг тишина.,Вдруг наступила на миг тишина.,-1 NEGATIVE,0 NEUTRAL,-1 NEGATIVE,неожиданная тишина после радостного события воспринимается как предвестник тревоги,B-18,True,A,ADJ,2026-07-05
C0487,RUS-O_long_05,Sentiment_label,Ветер как будто подул из окна.,Ветер как будто подул из окна.,-1 NEGATIVE,0 NEUTRAL,-1 NEGATIVE,"описание необъяснимых, тревожных звуков и нарушение покоя",B-18,True,A,ADJ,2026-07-05
C0488,RUS-O_long_05,Sentiment_label,И запищал где-то рядом сквозь мрак Кто-то печально и жалобно так.,И запищал где-то рядом сквозь мрак / Кто-то печально и жалобно так.,-1 NEGATIVE,0 NEUTRAL,-1 NEGATIVE,описание тревожного звука во мраке создаёт негативный фон,B-18,True,A,ADJ,2026-07-05
C0489,RUS-O_long_05,Sentiment_label,И мгновенно проснулся.,И мгновенно проснулся.,0 NEUTRAL,+1 POSITIVE,0 NEUTRAL,слабо выраженная эмоция без драматизации,B-24,True,A,ADJ,2026-07-05
C0490,RUS-O_long_05,Sentiment_label,Запах опилок и свежего хлеба.,Запах опилок и свежего хлеба.,0 NEUTRAL,+1 POSITIVE,+1 POSITIVE,наличие положительных сенсорных образов (приятные запахи),B-6,True,B,ADJ,2026-07-05
C0491,RUS-O_long_05,Sentiment_label,Тихо пьет кофе из маленькой чашки.,Тихо пьет кофе из маленькой чашки.,0 NEUTRAL,-1 NEGATIVE,-1 NEGATIVE,косвенная передача грусти через общий контекст,B-17,True,B,ADJ,2026-07-05
C0492,RUS-O_long_05,Sentiment_label,"Искали на рынке, искали в аптеке, В подвалах, на улицах, в библиотеке, На детских площадках и возле пруда.","Искали на рынке, искали в аптеке, / В подвалах, на улицах, в библиотеке, / На детских площадках и возле пруда.",0 NEUTRAL,-1 NEGATIVE,-1 NEGATIVE,ситуация остаётся без позитивного разрешения,B-4,False,B,ADJ,2026-07-05
C0493,RUS-O_long_05,Sentiment_label,Нет у нас в цирке медведей и львов.,Нет у нас в цирке медведей и львов.,-1 NEGATIVE,0 NEUTRAL,0 NEUTRAL,слабо выраженная эмоция без драматизации,B-24,True,B,ADJ,2026-07-05
C0494,RUS-O_long_05,Sentiment_label,В цирке не нужно держать бегемота.,В цирке не нужно держать бегемота.,-1 NEGATIVE,0 NEUTRAL,0 NEUTRAL,слабо выраженная эмоция без драматизации,B-24,True,B,ADJ,2026-07-05
C0495,RUS-O_long_05,Sentiment_label,"В цирке у нас лишь собаки да лисы, Да у факира есть белые крысы.","В цирке у нас лишь собаки да лисы, / Да у факира есть белые крысы.",+1 POSITIVE,0 NEUTRAL,0 NEUTRAL,слабо выраженная эмоция без драматизации,B-24,True,B,ADJ,2026-07-05
C0496,RUS-O_long_05,Sentiment_label,"Знаете, я ваших лис повстречал.","Знаете, я ваших лис повстречал.",0 NEUTRAL,+1 POSITIVE,+1 POSITIVE,"Фрагменты, описывающие долгожданное разрешение кризиса",B-23,True,B,ADJ,2026-07-05
C0497,RUS-O_long_05,Sentiment_label,"Что же ты, друг мой, так долго молчал?","Что же ты, друг мой, так долго молчал?",-1 NEGATIVE,+1 POSITIVE,+1 POSITIVE,тёплое обращение в момент облегчения,B-7,True,B,ADJ,2026-07-05
C0498,RUS-O_long_05,Sentiment_label,"Любят и ждут их все наши артисты, Наши жонглеры и эквилибристы, Клоуны, старый факир, силачи, Все, кто искал их сегодня в ночи.","Любят и ждут их все наши артисты, / Наши жонглеры и эквилибристы, / Клоуны, старый факир, силачи, / Все, кто искал их сегодня в ночи.",+1 POSITIVE,0 NEUTRAL,+1 POSITIVE,"описание того, что персонажей любят и ждут",B-12,True,A,ADJ,2026-07-05
C0499,RUS-O_long_05,Sentiment_label,"Ждут их гимнасты и три акробата, И дрессировщица наша Агата.","Ждут их гимнасты и три акробата, / И дрессировщица наша Агата.",+1 POSITIVE,0 NEUTRAL,+1 POSITIVE,"описание того, что персонажей любят и ждут",B-12,True,A,ADJ,2026-07-05
C0500,RUS-O_long_05,Sentiment_label,"Привела дорожка лисья В мир волшебный закулисья, Где прекрасно все вокруг.","Привела дорожка лисья / В мир волшебный закулисья, / Где прекрасно все вокруг.",+1 POSITIVE,0 NEUTRAL,+1 POSITIVE,наличие явных положительных оценочных признаков,B-6,True,A,ADJ,2026-07-05
C0501,RUS-O_long_05,Sentiment_label,"Люди, вещи, цвет и звук.","Люди, вещи, цвет и звук.",0 NEUTRAL,+1 POSITIVE,+1 POSITIVE,"элементы волшебного мира, описываемые в позитивном контексте",B-6,True,B,ADJ,2026-07-05
C0502,RUS-O_long_05,Sentiment_label,"Во все века в любой стране завидуют ему мальчишки и простой народ, Ведь в полной тишине он так уверенно идет Над бездной по струне.","Во все века в любой стране завидуют ему / мальчишки и простой народ, / Ведь в полной тишине / он так уверенно идет / Над бездной по струне.",+1 POSITIVE,0 NEUTRAL,+1 POSITIVE,"наличие положительных образов (уверенность, мастерство, восхищение)",B-6,True,A,ADJ,2026-07-05
C0503,RUS-O_long_05,Sentiment_label,Рассмешат зануд и плакс Десять вертких рыжих такс.,Рассмешат зануд и плакс / Десять вертких рыжих такс.,+1 POSITIVE,0 NEUTRAL,+1 POSITIVE,"наличие положительных оценочных признаков («рассмешат», «вертких»)",B-6,True,A,ADJ,2026-07-05
C0504,RUS-O_long_05,Sentiment_label,"Надо Агате скорее сказать, Пусть не рыдает Агата.","Надо Агате скорее сказать, / Пусть не рыдает Агата.",-1 NEGATIVE,+1 POSITIVE,+1 POSITIVE,"Фрагменты, описывающие долгожданное разрешение кризиса",B-23,True,B,ADJ,2026-07-05
C0505,RUS-O_long_05,Sentiment_label,Там на плакате Топорщат усы Две ослепительно белых лисы.,Там на плакате Топорщат усы / Две ослепительно белых лисы.,+1 POSITIVE,0 NEUTRAL,+1 POSITIVE,наличие положительных оценочных признаков («ослепительно белых»),B-6,True,A,ADJ,2026-07-05
C0506,RUS-O_long_05,Sentiment_label,"Две ослепительно белых лисы Лапами машут, Топорщат усы.","Две ослепительно белых лисы / Лапами машут, / Топорщат усы.",+1 POSITIVE,0 NEUTRAL,+1 POSITIVE,наличие положительных оценочных признаков («ослепительно белых»),B-6,True,A,ADJ,2026-07-05
C0507,RUS-O_long_05,Sentiment_label,Я объявление прочел в новостях.,Я объявление прочел в новостях.,0 NEUTRAL,-1 NEGATIVE,0 NEUTRAL,слабо выраженная эмоция без драматизации,B-24,True,A,ADJ,2026-07-05
C0508,RUS-O_long_05,Sentiment_label,Лисы пропавшие Белого цвета.,Лисы пропавшие Белого цвета.,0 NEUTRAL,-1 NEGATIVE,-1 NEGATIVE,описание пропажи (лисы пропавшие),B-14,True,B,ADJ,2026-07-05
C0509,RUS-O_long_05,Sentiment_label,Лисы в часах?,Лисы в часах?,+1 POSITIVE,0 NEUTRAL,+1 POSITIVE,"вопросы, выражающие радостное удивление и изумление в контексте позитивного события",B-2,False,A,ADJ,2026-07-05
C0510,RUS-O_long_05,Sentiment_label,Удивилась Агата.,Удивилась Агата.,+1 POSITIVE,0 NEUTRAL,+1 POSITIVE,положительное удивление от разрешения тревожной ситуации,B-3,False,A,ADJ,2026-07-05
C0511,RUS-O_long_05,Sentiment_label,"Видно, до это Сильно устали.","Видно, до это Сильно устали.",-1 NEGATIVE,0 NEUTRAL,-1 NEGATIVE,прямое называние негативного состояния,B-17,True,A,ADJ,2026-07-05
C0512,RUS-O_long_05,Sentiment_label,"Если их дом не найдется, Тогда я их оставлю Себе навсегда.","Если их дом не найдется, / Тогда я их оставлю Себе навсегда.",+1 POSITIVE,0 NEUTRAL,+1 POSITIVE,выражение желания и мечты о чём-то желанном,B-12,True,A,ADJ,2026-07-05
C0513,RUS-O_long_05,Sentiment_label,"Вы не поверите, лет с десяти Лис я мечтал У себя завести.","Вы не поверите, лет с десяти / Лис я мечтал У себя завести.",+1 POSITIVE,0 NEUTRAL,+1 POSITIVE,выражение желания и мечты о чём-то желанном,B-12,True,A,ADJ,2026-07-05
C0514,RUS-O_long_05,Sentiment_label,"Как интересно, сказала Агата, тихо, задумчиво Глядя куда-то.","Как интересно, сказала Агата, / тихо, задумчиво Глядя куда-то.",+1 POSITIVE,0 NEUTRAL,+1 POSITIVE,выражение интереса и вовлечённости в разговор о детской мечте,B-12,True,A,ADJ,2026-07-05
C0515,RUS-O_long_05,Sentiment_label,"В детстве Мне тоже хотелось Не пса, лишь бы жила В нашем доме лиса.","В детстве Мне тоже хотелось / Не пса, / лишь бы жила В нашем доме лиса.",+1 POSITIVE,0 NEUTRAL,+1 POSITIVE,выражение интереса и вовлечённости в разговор о детской мечте,B-12,True,A,ADJ,2026-07-05
C0516,RUS-O_long_05,Sentiment_label,"Чем их кормить, Как лечить, как гулять, Как обучать их И с ними играть.","Чем их кормить, / Как лечить, как гулять, / Как обучать их / И с ними играть.",+1 POSITIVE,0 NEUTRAL,+1 POSITIVE,описание заботы и игры с любимыми животными как источников радости,B-12,True,A,ADJ,2026-07-05
C0517,RUS-O_long_05,Sentiment_label,"Лисы на задние Лапки вставали, Тявкали звонко, с мечами Играли, прыгали ловко На стулья и вниз.","Лисы на задние Лапки вставали, / Тявкали звонко, / с мечами Играли, / прыгали ловко На стулья и вниз.",+1 POSITIVE,0 NEUTRAL,+1 POSITIVE,"описание игривого, радостного поведения животных",B-12,True,A,ADJ,2026-07-05
C0518,RUS-O_long_05,Sentiment_label,"Город блестит, как на елке Игрушка в детстве легка И светла.","Город блестит, как на елке Игрушка / в детстве легка И светла.",+1 POSITIVE,0 NEUTRAL,+1 POSITIVE,"наличие явных положительных оценочных признаков («блестит», «легка», «светла»)",B-6,True,A,ADJ,2026-07-05
C0519,RUS-O_long_05,Sentiment_label,"Я, говорит, уж такие дела.","Я, говорит, уж такие дела.",0 NEUTRAL,-1 NEGATIVE,0 NEUTRAL,слабо выраженная эмоция без драматизации,B-24,True,A,ADJ,2026-07-05
C0520,RUS-O_long_05,Sentiment_label,Он их нашел Среди жухлой травы.,Он их нашел Среди жухлой травы.,0 NEUTRAL,-1 NEGATIVE,-1 NEGATIVE,"описание неблагоприятных, запущенных условий",B-14,True,B,ADJ,2026-07-05
C0521,RUS-O_long_05,Sentiment_label,"Мы их растили, Но лисоньки эти Любят играть, Словно малые дети.","Мы их растили, / Но лисоньки эти / Любят играть, / Словно малые дети.",+1 POSITIVE,-1 NEGATIVE,+1 POSITIVE,"несмотря на наличие контрастного союза, доминирующий вектор — позитивный (игривость, любовь)",B-3,False,A,ADJ,2026-07-05
C0522,RUS-O_long_05,Sentiment_label,"Думаем, Кто бы забрал их у нас?","Думаем, Кто бы забрал их у нас?",0 NEUTRAL,-1 NEGATIVE,-1 NEGATIVE,"риторический вопрос о том, кто бы забрал проблемных питомцев, выражает досаду и усталость",B-4,False,B,ADJ,2026-07-05
C0523,RUS-O_long_05,Sentiment_label,"Лисы мои, Насовсем, навсегда.","Лисы мои, Насовсем, навсегда.",0 NEUTRAL,+1 POSITIVE,+1 POSITIVE,выражение тёплой привязанности и любви к существам,B-7,True,B,ADJ,2026-07-05
C0524,RUS-O_long_05,Sentiment_label,Только две белых Пропали куда?,Только две белых Пропали куда?,-1 NEGATIVE,0 NEUTRAL,-1 NEGATIVE,описание пропажи,B-14,True,A,ADJ,2026-07-05
C0525,RUS-O_long_05,Sentiment_label,Крысы в кладовке Тихонько пищат.,Крысы в кладовке Тихонько пищат.,0 NEUTRAL,-1 NEGATIVE,0 NEUTRAL,нейтральные описания звуков/действий без эмоциональных маркеров,B-24,True,A,ADJ,2026-07-05
C0526,RUS-O_long_05,Sentiment_label,"Крысы пищат, Ужаснулась Агата, Край расправляя Большого плаката.","Крысы пищат, Ужаснулась Агата, / Край расправляя Большого плаката.",-1 NEGATIVE,0 NEUTRAL,-1 NEGATIVE,прямое называние эмоциональной реакции,B-17,True,A,ADJ,2026-07-05
C0527,RUS-O_long_05,Sentiment_label,Надо найти их Скорее в кладовке.,Надо найти их Скорее в кладовке.,0 NEUTRAL,-1 NEGATIVE,-1 NEGATIVE,тревога и беспокойство без позитивного разрешения,B-4,False,B,ADJ,2026-07-05
C0528,RUS-O_long_05,Sentiment_label,Кто-то пищит Из коробки факира.,Кто-то пищит Из коробки факира.,-1 NEGATIVE,0 NEUTRAL,-1 NEGATIVE,тревога без немедленного прояснения,B-4,False,A,ADJ,2026-07-05
C0529,RUS-O_long_05,Sentiment_label,Кто там? / Спросил.,Кто там? Спросил.,-1 NEGATIVE,0 NEUTRAL,-1 NEGATIVE,тревога без немедленного прояснения,B-4,False,A,ADJ,2026-07-05
C0530,RUS-O_long_05,Sentiment_label,"И почудилось мне, Что очутился я Снова во сне.","И почудилось мне, / Что очутился я Снова во сне.",+1 POSITIVE,0 NEUTRAL,0 NEUTRAL,слабо выраженная эмоция без драматизации,B-24,True,B,ADJ,2026-07-05
C0531,RUS-O_long_05,Sentiment_label,Ветер холодный Запел и завыл.,Ветер холодный / Запел и завыл.,-1 NEGATIVE,0 NEUTRAL,-1 NEGATIVE,холод и вой ветра создают негативный фон,B-14,True,A,ADJ,2026-07-05
C0532,RUS-O_long_05,Sentiment_label,В маленьком цирке Я лис дрессирую.,В маленьком цирке Я лис дрессирую.,0 NEUTRAL,+1 POSITIVE,+1 POSITIVE,описание любимого дела и исполнения мечты,B-12,True,B,ADJ,2026-07-05
C0533,RUS-O_long_05,Sentiment_label,"И выступаю, и езжу Куда-то.","И выступаю, и езжу Куда-то.",0 NEUTRAL,+1 POSITIVE,+1 POSITIVE,"описание активной, насыщенной жизни, связанной с любимым делом",B-12,True,B,ADJ,2026-07-05
C0534,RUS-O_long_05,Sentiment_label,Вместе со мною Конечно Агата.,Вместе со мною Конечно Агата.,0 NEUTRAL,+1 POSITIVE,+1 POSITIVE,выражение радости от совместного пути с близким человеком,B-7,True,B,ADJ,2026-07-05
C0535,RUS-O_long_05,Sentiment_label,Белые лисы И рыжие лисы.,Белые лисы И рыжие лисы.,0 NEUTRAL,+1 POSITIVE,+1 POSITIVE,"гармоничное, завершённое описание единства и полноты",B-6,True,B,ADJ,2026-07-05
C0536,RUS-O_long_05,Sentiment_label,Наши актеры И наши актрисы.,Наши актеры / И наши актрисы.,0 NEUTRAL,+1 POSITIVE,+1 POSITIVE,"гармоничное, завершённое описание единства и полноты",B-6,True,B,ADJ,2026-07-05
C0537,RUS-O_long_05,Sentiment_label,"Ну, а в часах, Что на рынке купил, Белого кролика Я поселил.","Ну, а в часах, Что на рынке купил, / Белого кролика Я поселил.",0 NEUTRAL,+1 POSITIVE,+1 POSITIVE,"описание заботливого, тёплого действия",B-12,True,B,ADJ,2026-07-05
C0538,RUS-O_medium_01,NER_missed_by_B,регулировщиках,,PER_ROLE,,PER_ROLE,"слова, обозначающие социальные, профессиональные или функциональные роли",A-11,True,A,ADJ,2026-07-05
C0539,RUS-O_medium_01,NER_missed_by_B,пассажирах,,PER_ROLE,,PER_ROLE,"слова, обозначающие социальные, профессиональные или функциональные роли",A-11,True,A,ADJ,2026-07-05
C0540,RUS-O_medium_01,NER_missed_by_B,судов,,PER_ROLE,,PER_ROLE,"объекты, обозначающие общий вид/категорию",A-3,False,A,ADJ,2026-07-05
C0541,RUS-O_medium_01,NER_missed_by_B,люди,,PER_ROLE,,PER_ROLE,обобщённые группы без конкретной идентификации,A-5,False,A,ADJ,2026-07-05
C0542,RUS-O_medium_01,NER_missed_by_B,новичка,,PER_ROLE,,PER_ROLE,"слова, обозначающие социальные или функциональные роли",A-11,True,A,ADJ,2026-07-05
C0543,RUS-O_medium_01,NER_missed_by_B,молодожёнов,,PER_ROLE,,PER_ROLE,"слова, обозначающие социальные роли и статусы",A-11,True,A,ADJ,2026-07-05
C0544,RUS-O_medium_01,NER_missed_by_A,,корабли,,PER_ROLE,PER_ROLE,"объекты, обозначающие общий вид/категорию (недостаточная разметка - должна быть одна сущность - грузовые корабли)",A-3,False,B,ADJ,2026-07-05
C0545,RUS-O_medium_01,NER_missed_by_A,,машины,,PER_ROLE,PER_ROLE,"объекты, обозначающие общий вид/категорию",A-3,False,B,ADJ,2026-07-05
C0546,RUS-O_medium_01,NER_missed_by_A,,машинам,,PER_ROLE,PER_ROLE,"объекты, обозначающие общий вид/категорию",A-3,False,B,ADJ,2026-07-05
C0547,RUS-O_medium_01,Sentiment_label,"«Ничего, ничего, / — подбадривал он себя.","«Ничего, ничего, — подбадривал он себя.",0 NEUTRAL,+1 POSITIVE,+1 POSITIVE,самоободрение как форма добрых намерений по отношению к себе,B-16,True,B,ADJ,2026-07-05
C0548,RUS-O_medium_01,Sentiment_label,"Автомобильчик считал звёзды, ждал рассвета и надеялся, что уж завтра-то хозяин точно придёт.","Автомобильчик считал звёзды, ждал рассвета и надеялся, что уж завтра-то хозяин точно придёт.",-1 NEGATIVE,0 NEUTRAL,-1 NEGATIVE,томительное ожидание без позитивного исхода,B-4,False,A,ADJ,2026-07-05
C0549,RUS-O_medium_01,Sentiment_label,Вдруг получится найти себе какое-нибудь дело и снова стать полезным?,Вдруг получится найти себе какое-нибудь дело и снова стать полезным?,+1 POSITIVE,0 NEUTRAL,+1 POSITIVE,"итоговая эмоция определяется общим эмоциональным направлением) — общий вектор — позитивный (надежда, решимость)",B-3,False,A,ADJ,2026-07-05
C0550,RUS-O_medium_01,Sentiment_label,"Они ехали плотно, нескончаемым потоком, сигналили, переругивались и ворчали друг на друга.","Они ехали плотно, нескончаемым потоком, сигналили, переругивались и ворчали друг на друга.",0 NEUTRAL,-1 NEGATIVE,-1 NEGATIVE,прямое называние конфликтных действий,B-17,True,B,ADJ,2026-07-05
C0551,RUS-O_medium_01,Sentiment_label,"Все они были очень заняты, куда-то спешили, и поговорить ни с кем не удавалось.","Все они были очень заняты, куда-то спешили, и поговорить ни с кем не удавалось.",-1 NEGATIVE,0 NEUTRAL,-1 NEGATIVE,описание невозможности общения и чувства изоляции,B-17,True,A,ADJ,2026-07-06
C0552,RUS-O_medium_01,Sentiment_label,На перекрёстке случилась неприятность — не работал светофор.,На перекрёстке случилась неприятность — не работал светофор.,-1 NEGATIVE,0 NEUTRAL,-1 NEGATIVE,описание неисправности и неприятности,B-14,True,A,ADJ,2026-07-06
C0553,RUS-O_medium_01,Sentiment_label,"— Скажите, пожалуйста, вам не скучно вот так просто стоять здесь, у берега? / — спросил Автомобильчик.","— Скажите, пожалуйста, вам не скучно вот так просто стоять здесь, у берега? — спросил Автомобильчик.",-1 NEGATIVE,0 NEUTRAL,-1 NEGATIVE,вопрос с негативным маркером эмоции,B-5,False,A,ADJ,2026-07-06
C0554,RUS-O_medium_01,Sentiment_label,"— Наверное, хочется поскорее снова выйти в море?","— Наверное, хочется поскорее снова выйти в море?",-1 NEGATIVE,0 NEUTRAL,-1 NEGATIVE,вопрос с негативным маркером эмоции,B-5,False,A,ADJ,2026-07-06
C0555,RUS-O_medium_01,Sentiment_label,"— Отдых у нас обычно короткий, а работа — долгая и тяжёлая, / — ответили корабли.","— Отдых у нас обычно короткий, а работа — долгая и тяжёлая, — ответили корабли.",-1 NEGATIVE,0 NEUTRAL,-1 NEGATIVE,описание тяжёлых условий труда,B-18,True,A,ADJ,2026-07-06
C0556,RUS-O_medium_01,Sentiment_label,— Рейсы длится по несколько месяцев.,— Рейсы длится по несколько месяцев.,-1 NEGATIVE,0 NEUTRAL,-1 NEGATIVE,описание тяжёлых условий труда,B-18,True,A,ADJ,2026-07-06
C0557,RUS-O_medium_01,Sentiment_label,"Корабли, огромные, поменьше и совсем маленькие, проплывали между раскрытыми створками моста.","Корабли, огромные, поменьше и совсем маленькие, проплывали между раскрытыми створками моста.",+1 POSITIVE,0 NEUTRAL,+1 POSITIVE,наличие красивых образов,B-6,True,A,ADJ,2026-07-06
C0558,RUS-O_medium_01,Sentiment_label,"На борту судов горели окна, сияли огни, и вода вокруг сверкала и искрилась, переливаясь всеми цветами радуги.","На борту судов горели окна, сияли огни, и вода вокруг сверкала и искрилась, переливаясь всеми цветами радуги.",+1 POSITIVE,0 NEUTRAL,+1 POSITIVE,наличие положительных оценочных признаков,B-6,True,A,ADJ,2026-07-06
C0559,RUS-O_medium_01,Sentiment_label,— Понимаю...,— Понимаю...,+1 POSITIVE,0 NEUTRAL,+1 POSITIVE,выражение понимания и поддержки,B-16,True,A,ADJ,2026-07-06
C0560,RUS-O_medium_01,Sentiment_label,"Я тоже хотел быть полезным / — и вот, вожу экскурсии по городу, / — произнёс Автобус.","Я тоже хотел быть полезным — и вот, вожу экскурсии по городу, — произнёс Автобус.",+1 POSITIVE,0 NEUTRAL,+1 POSITIVE,"описание любимого дела, которое приносит пользу и радость",B-12,True,A,ADJ,2026-07-06
C0561,RUS-O_medium_01,Sentiment_label,"— Езжу только самыми красивыми маршрутами и слушаю экскурсовода, который рассказывает о старинных домах и их владельцах.","— Езжу только самыми красивыми маршрутами и слушаю экскурсовода, который рассказывает о старинных домах и их владельцах.",+1 POSITIVE,0 NEUTRAL,+1 POSITIVE,"описание любимого дела, которое приносит пользу и радость",B-12,True,A,ADJ,2026-07-06
C0562,RUS-O_medium_01,Sentiment_label,— А можно и мне так же?,— А можно и мне так же?,+1 POSITIVE,0 NEUTRAL,+1 POSITIVE,просьба о возможности присоединиться к полезному делу,B-7,True,A,ADJ,2026-07-06
C0563,RUS-O_medium_01,Sentiment_label,"— Нет, дружок.","— Нет, дружок.",-1 NEGATIVE,0 NEUTRAL,-1 NEGATIVE,"отказ, мешающий исполнению желания",B-4,False,A,ADJ,2026-07-06
C0564,RUS-O_medium_01,Sentiment_label,"Для этого нужно быть большим, а ты слишком мал! / — сказал Автобус.","Для этого нужно быть большим, а ты слишком мал! — сказал Автобус.",-1 NEGATIVE,0 NEUTRAL,-1 NEGATIVE,"отказ, мешающий исполнению желания",B-4,False,A,ADJ,2026-07-06
C0565,RUS-O_medium_02,NER_missed_by_B,машины,,PER_ROLE,,PER_ROLE,"существительное, обозначающее класс объектов (по аналогии с животными)",A-3,False,A,ADJ,2026-07-06
C0566,RUS-O_medium_02,NER_missed_by_B,корабли,,PER_ROLE,,PER_ROLE,"существительное, обозначающее класс объектов (по аналогии с животными)",A-3,False,A,ADJ,2026-07-06
C0567,RUS-O_medium_02,NER_missed_by_B,самолёты,,PER_ROLE,,PER_ROLE,"существительное, обозначающее класс объектов (по аналогии с животными)",A-3,False,A,ADJ,2026-07-06
C0568,RUS-O_medium_02,NER_missed_by_B,воспитателей,,PER_ROLE,,PER_ROLE,"слова, обозначающие профессиональные роли",A-11,True,A,ADJ,2026-07-06
C0569,RUS-O_medium_02,NER_missed_by_B,самолёт,,PER_ROLE,,PER_ROLE,"слова, обозначающие категории транспортных средств без уникальных имён (по аналогии с животными)",A-3,False,A,ADJ,2026-07-06
C0570,RUS-O_medium_02,NER_missed_by_B,ученике,,PER_ROLE,,PER_ROLE,"слова, обозначающие социальные роли и статусы",A-11,True,A,ADJ,2026-07-06
C0571,RUS-O_medium_02,NER_missed_by_A,,большой,,PER_ROLE,keep A,недостаточная разметка (прилагательное размечено без существительного,A-8,False,A,ADJ,2026-07-06
C0572,RUS-O_medium_02,NER_missed_by_A,,рыжим,,PER_ROLE,keep A,недостаточная разметка (прилагательное размечено без существительного,A-8,False,A,ADJ,2026-07-06
C0573,RUS-O_medium_02,NER_missed_by_A,,Кораблики,,PER_ROLE,PER_ROLE,обобщённое название категории/типа (по аналогии с животными),A-3,False,B,ADJ,2026-07-06
C0574,RUS-O_medium_02,NER_missed_by_A,,Самолётики,,PER_ROLE,PER_ROLE,обобщённое название категории/типа (по аналогии с животными),A-3,False,B,ADJ,2026-07-06
C0575,RUS-O_medium_02,NER_missed_by_A,,красный,,PER_ROLE,keep A,недостаточная разметка (размечено без существительного),A-8,False,A,ADJ,2026-07-06
C0576,RUS-O_medium_02,NER_missed_by_A,,маленьких,,PER_ROLE,keep A,недостаточная разметка (размечено без существительного),A-8,False,A,ADJ,2026-07-06
C0577,RUS-O_medium_02,NER_missed_by_A,,Корабликов,,PER_ROLE,PER_ROLE,обобщённое название категории/типа (по аналогии с животными),A-3,False,B,ADJ,2026-07-06
C0578,RUS-O_medium_02,Sentiment_label,На берегу моря стоял необыкновенный завод.,На берегу моря стоял необыкновенный завод.,+1 POSITIVE,0 NEUTRAL,+1 POSITIVE,наличие положительных оценочных признаков,B-6,True,A,ADJ,2026-07-06
C0579,RUS-O_medium_02,Sentiment_label,Каждые месяц к нему приплывал большой Кораблик с весёлым рыжим Капитаном.,Каждые месяц к нему приплывал большой Кораблик с весёлым рыжим Капитаном.,+1 POSITIVE,0 NEUTRAL,+1 POSITIVE,наличие положительных оценочных признаков,B-6,True,A,ADJ,2026-07-06
C0580,RUS-O_medium_02,Sentiment_label,"Капитан спускался на берег, и ему выдали необыкновенный груз.","Капитан спускался на берег, и ему выдали необыкновенный груз.",+1 POSITIVE,0 NEUTRAL,+1 POSITIVE,наличие положительных оценочных признаков,B-6,True,A,ADJ,2026-07-06
C0581,RUS-O_medium_02,Sentiment_label,Это были малыши Кораблики и карапузы Самолётики.,Это были малыши Кораблики и карапузы Самолётики.,+1 POSITIVE,0 NEUTRAL,+1 POSITIVE,наличие положительных образов,B-6,True,A,ADJ,2026-07-06
C0582,RUS-O_medium_02,Sentiment_label,"Как раз для таких маленьких Самолётиков, Машинок и Корабликов.","Как раз для таких маленьких Самолётиков, Машинок и Корабликов.",+1 POSITIVE,0 NEUTRAL,+1 POSITIVE,наличие положительных образов (специально созданное место для малышей),B-6,True,A,ADJ,2026-07-06
C0583,RUS-O_medium_02,Sentiment_label,"В этом детском саду они играли, отдыхали и понемножку учились ездить, плавать и летать, чтобы вырасти и хорошо всё это уметь делать.","В этом детском саду они играли, отдыхали и понемножку учились ездить, плавать и летать, чтобы вырасти и хорошо всё это уметь делать.",+1 POSITIVE,0 NEUTRAL,+1 POSITIVE,наличие положительных образов (специально созданное место для малышей),B-6,True,A,ADJ,2026-07-06
C0584,RUS-O_medium_02,Sentiment_label,"Как настоящие большие машины, корабли и самолёты.","Как настоящие большие машины, корабли и самолёты.",+1 POSITIVE,0 NEUTRAL,+1 POSITIVE,описание стремления к росту и развитию как позитивной цели,B-12,True,A,ADJ,2026-07-06
C0585,RUS-O_medium_02,Sentiment_label,"Лётчик сдал малышей, собрался уже обратно лететь, но тут один из воспитателей сказал ему: / - Мы тут посчитали: одного Кораблика не хватает!","Лётчик сдал малышей, собрался уже обратно лететь, но тут один из воспитателей сказал ему:
- Мы тут посчитали: одного Кораблика не хватает!",0 NEUTRAL,-1 NEGATIVE,-1 NEGATIVE,описание пропажи или недостачи,B-14,True,B,ADJ,2026-07-06
C0586,RUS-O_medium_02,Sentiment_label,"Утром, ни свет ни заря, Лётчик посадил Кораблик в свой самолёт и поспешил в детский сад.","Утром, ни свет ни заря, Лётчик посадил Кораблик в свой самолёт и поспешил в детский сад.",+1 POSITIVE,0 NEUTRAL,+1 POSITIVE,"описание энергичного, радостного действия, направленного на помощь другому",B-12,True,A,ADJ,2026-07-06
C0587,RUS-O_medium_02,Sentiment_label,"Лётчик вздохнул, вытер его и завернул в пушистое полотенце","Лётчик вздохнул, вытер его и завернул в пушистое полотенце.",-1 NEGATIVE,0 NEUTRAL,-1 NEGATIVE,проблема сохраняется без позитивного решения,B-4,False,A,ADJ,2026-07-06
C0588,RUS-O_medium_02,Sentiment_label,Что же делать?,Что же делать?,0 NEUTRAL,-1 NEGATIVE,-1 NEGATIVE,негатив без разрешения,B-4,False,B,ADJ,2026-07-06
C0589,RUS-O_medium_02,Sentiment_label,Полетели они вдвоём домой,Полетели они вдвоём домой.,0 NEUTRAL,+1 POSITIVE,+1 POSITIVE,совместный путь как символ единства и тепла,B-7,True,B,ADJ,2026-07-06
C0590,RUS-O_medium_02,Sentiment_label,Дома Лётчик первым делом приделал Кораблику маленькие деревянные крылышки,Дома Лётчик первым делом приделал Кораблику маленькие деревянные крылышки.,+1 POSITIVE,0 NEUTRAL,+1 POSITIVE,заботливое действие по улучшению жизни другого персонажа,B-7,True,A,ADJ,2026-07-06
C0591,RUS-O_medium_02,Sentiment_label,"Прибил аккуратно гвоздиками, красной краской покрасил для красоты, и начал учить малыша летать","Прибил аккуратно гвоздиками, красной краской покрасил для красоты, и начал учить малыша летать.",+1 POSITIVE,0 NEUTRAL,+1 POSITIVE,заботливое действие по улучшению жизни другого персонажа,B-7,True,A,ADJ,2026-07-06
C0592,RUS-O_medium_02,Sentiment_label,По вечерам Лётчик и Кораблик смотрели по телевизору фильмы и передачи про знаменитых капитанов и отважных лётчиков,По вечерам Лётчик и Кораблик смотрели по телевизору фильмы и передачи про знаменитых капитанов и отважных лётчиков.,+1 POSITIVE,0 NEUTRAL,+1 POSITIVE,описание уютного совместного занятия,B-12,True,A,ADJ,2026-07-06
C0593,RUS-O_medium_02,Sentiment_label,"И вот наступил день, когда Кораблик вырос и стал большим Кораблём.","И вот наступил день, когда Кораблик вырос и стал большим Кораблём.",+1 POSITIVE,0 NEUTRAL,+1 POSITIVE,"описание роста, развития и достижения цели как позитивного события",B-12,True,A,ADJ,2026-07-06
C0594,RUS-O_medium_02,Sentiment_label,"Крылья у него теперь тоже были большие, стальные, с мощными винтами — как у настоящего Самолёта.","Крылья у него теперь тоже были большие, стальные, с мощными винтами — как у настоящего Самолёта.",+1 POSITIVE,0 NEUTRAL,+1 POSITIVE,"описание роста, развития и достижения цели как позитивного события",B-12,True,A,ADJ,2026-07-06
C0595,RUS-O_medium_03,NER_label,Папа,Папа,PER_ROLE,PER_FAMILY,PER_FAMILY,"обычное слово родства, а не уникальное авторское имя",A-4,False,B,ADJ,2026-07-06
C0596,RUS-O_medium_03,NER_missed_by_B,шарика,,PER_ROLE,,keep B,не является сущностью,A-10,True,B,ADJ,2026-07-06
C0597,RUS-O_medium_03,NER_missed_by_A,,шарик,,PER_ROLE,keep A,сущности — это только именованные категории,A-10,True,A,ADJ,2026-07-06
C0598,RUS-O_medium_03,NER_missed_by_A,,друг,,PER_ROLE,PER_ROLE,"слова, обозначающие устойчивые социальные отношения персонажей",A-9,True,B,ADJ,2026-07-06
C0599,RUS-O_medium_03,NER_missed_by_A,,шарик,,PER_ROLE,keep A,сущности — это только именованные категории,A-10,True,A,ADJ,2026-07-06
C0600,RUS-O_medium_03,NER_missed_by_A,,шарик,,PER_ROLE,PER_ROLE,"становится сущностью, главный герой делает его живым персонажем, участником, недостаточная разметка без прилагательного",A-7,False,B,ADJ,2026-07-06
C0601,RUS-O_medium_03,NER_missed_by_A,,шариком,,PER_ROLE,PER_ROLE,"становится сущностью, главный герой делает его живым персонажем, участником, недостаточная разметка без прилагательного",A-7,False,B,ADJ,2026-07-06
C0602,RUS-O_medium_03,NER_missed_by_A,,друг,,PER_ROLE,PER_ROLE,"слова, обозначающие устойчивые социальные отношения персонажей",A-9,True,B,ADJ,2026-07-06
C0603,RUS-O_medium_03,NER_missed_by_A,,шарик,,PER_ROLE,PER_ROLE,"становится полноценным персонажем, недостаточная разметка без прилагательного",A-7,False,B,ADJ,2026-07-06
C0604,RUS-O_medium_03,NER_missed_by_A,,шарик,,PER_ROLE,PER_ROLE,становится полноценным персонажем,A-7,False,B,ADJ,2026-07-06
C0605,RUS-O_medium_03,NER_missed_by_A,,шарик,,PER_ROLE,PER_ROLE,становится полноценным персонажем,A-7,False,B,ADJ,2026-07-06
C0606,RUS-O_medium_03,NER_missed_by_A,,шарик,,PER_ROLE,PER_ROLE,"становится полноценным персонажем, недостаточная разметка без прилагательного",A-7,False,B,ADJ,2026-07-06
C0607,RUS-O_medium_03,NER_missed_by_A,,друзей,,PER_ROLE,PER_ROLE,"слова, обозначающие устойчивые социальные отношения персонажей",A-9,True,B,ADJ,2026-07-06
C0608,RUS-O_medium_03,NER_missed_by_A,,шарик,,PER_ROLE,PER_ROLE,"становится полноценным персонажем, недостаточная разметка без прилагательного",A-7,False,B,ADJ,2026-07-06
C0609,RUS-O_medium_03,NER_missed_by_A,,другом,,PER_ROLE,PER_ROLE,"слова, обозначающие устойчивые социальные отношения персонажей",A-9,True,B,ADJ,2026-07-06
C0610,RUS-O_medium_03,NER_missed_by_A,,другом,,PER_ROLE,PER_ROLE,"слова, обозначающие устойчивые социальные отношения персонажей",A-9,True,B,ADJ,2026-07-06
C0611,RUS-O_medium_03,Sentiment_label,"Принц Филипп очень любил гулять, играть, кататься на лошадях и прыгать на батуте.","Принц Филипп очень любил гулять, играть, кататься на лошадях и прыгать на батуте.",+1 POSITIVE,0 NEUTRAL,+1 POSITIVE,"высказывания, описывающие любимое занятие, привычку или место персонажа",B-12,True,A,ADJ,2026-07-06
C0612,RUS-O_medium_03,Sentiment_label,Но больше всего он любил заводить новых друзей.,Но больше всего он любил заводить новых друзей.,+1 POSITIVE,0 NEUTRAL,+1 POSITIVE,"высказывания, описывающие любимое занятие, привычку или место персонажа",B-12,True,A,ADJ,2026-07-06
C0613,RUS-O_medium_03,Sentiment_label,Вдруг что-то интересное привлекло его внимание.,Вдруг что-то интересное привлекло его внимание.,+1 POSITIVE,0 NEUTRAL,+1 POSITIVE,описание любопытства и увлечённости как позитивного состояния,B-12,True,A,ADJ,2026-07-06
C0614,RUS-O_medium_03,Sentiment_label,"В ветках деревьев Филипп заметил воздушный шарик — ярко-оранжевый, большой и очень красивый.","В ветках деревьев Филипп заметил воздушный шарик — ярко-оранжевый, большой и очень красивый.",+1 POSITIVE,0 NEUTRAL,+1 POSITIVE,"наличие положительных оценочных признаков («красивый», «яркий»)",B-6,True,A,ADJ,2026-07-06
C0615,RUS-O_medium_03,Sentiment_label,Принцу Филиппу сильно-сильно захотелось его достать.,Принцу Филиппу сильно-сильно захотелось его достать.,+1 POSITIVE,0 NEUTRAL,+1 POSITIVE,описание сильного желания получить что-то красивое и интересное как позитивной эмоции,B-12,True,A,ADJ,2026-07-06
C0616,RUS-O_medium_03,Sentiment_label,"Он добрался до шарика, осторожно протянул к нему руку — и… / Получилось!","Он добрался до шарика, осторожно протянул к нему руку — и…
Получилось!",0 NEUTRAL,+1 POSITIVE,+1 POSITIVE,восклицание с явным маркером радости,B-2,False,B,ADJ,2026-07-06
C0617,RUS-O_medium_03,Sentiment_label,Принц аккуратно освободил шарик из окружения веток и спустился вместе с ним к папе на руки.,Принц аккуратно освободил шарик из окружения веток и спустился вместе с ним к папе на руки.,0 NEUTRAL,+1 POSITIVE,+1 POSITIVE,заботливое действие по отношению к другому,B-7,True,B,ADJ,2026-07-06
C0618,RUS-O_medium_03,Sentiment_label,— Как же мы его назовём? / — спросил папа.,— Как же мы его назовём? — спросил папа.,0 NEUTRAL,+1 POSITIVE,+1 POSITIVE,участие в игре и радость,B-7,True,B,ADJ,2026-07-06
C0619,RUS-O_medium_03,Sentiment_label,"Вместе они играли, гуляли, ходили на занятия, катались на трамвае и даже ужинали.","Вместе они играли, гуляли, ходили на занятия, катались на трамвае и даже ужинали.",+1 POSITIVE,0 NEUTRAL,+1 POSITIVE,совместная жизнь как форма близости,B-7,True,A,ADJ,2026-07-06
C0620,RUS-O_medium_03,Sentiment_label,"Филипп следил, чтобы рядом не было острых предметов, ведь из-за них шарик мог лопнуть.","Филипп следил, чтобы рядом не было острых предметов, ведь из-за них шарик мог лопнуть.",-1 NEGATIVE,0 NEUTRAL,-1 NEGATIVE,описание опасности и необходимости предотвращать её,B-18,True,A,ADJ,2026-07-06
C0621,RUS-O_medium_03,Sentiment_label,«Ничего он не лопнет! / — возразил Филипп.,«Ничего он не лопнет! — возразил Филипп.,-1 NEGATIVE,+1 POSITIVE,+1 POSITIVE,уверенное утверждение в защиту друга,B-16,True,B,ADJ,2026-07-06
C0622,RUS-O_medium_03,Sentiment_label,— Он же мой друг!»,— Он же мой друг!»,0 NEUTRAL,+1 POSITIVE,+1 POSITIVE,защита друга,B-16,True,B,ADJ,2026-07-06
C0623,RUS-O_medium_03,Sentiment_label,Сначала это было очень весело: шарик летел по ветру и весело подскакивал.,Сначала это было очень весело: шарик летел по ветру и весело подскакивал.,+1 POSITIVE,0 NEUTRAL,+1 POSITIVE,наличие положительных оценочных признаков,B-6,True,A,ADJ,2026-07-06
C0624,RUS-O_medium_03,Sentiment_label,Сначала Филипп не поверил своим глазам.,Сначала Филипп не поверил своим глазам.,0 NEUTRAL,-1 NEGATIVE,-1 NEGATIVE,описание реакции шока и неверия на негативное событие,B-17,True,B,ADJ,2026-07-06
C0625,RUS-O_medium_03,Sentiment_label,Он просто решил отдохнуть!,Он просто решил отдохнуть!,0 NEUTRAL,-1 NEGATIVE,-1 NEGATIVE,попытка отрицания реальности после утраты,B-4,False,B,ADJ,2026-07-06
C0626,RUS-O_medium_03,Sentiment_label,"Потом Филипп подумал, что можно всё исправить.","Потом Филипп подумал, что можно всё исправить.",0 NEUTRAL,+1 POSITIVE,+1 POSITIVE,"Действия персонажа, направленные на помощь, заботу или поддержку других",B-10,True,B,ADJ,2026-07-06
C0627,RUS-O_medium_03,Sentiment_label,Пойдём в магазин и купим суперклей!,Пойдём в магазин и купим суперклей!,0 NEUTRAL,+1 POSITIVE,+1 POSITIVE,"Действия персонажа, направленные на помощь, заботу или поддержку других",B-10,True,B,ADJ,2026-07-06
C0628,RUS-O_medium_03,Sentiment_label,"— Малыш, я тебя понимаю.","— Малыш, я тебя понимаю.",0 NEUTRAL,+1 POSITIVE,+1 POSITIVE,"реплика, выражающая поддержку, понимание и утешение",B-16,True,B,ADJ,2026-07-06
C0629,RUS-O_medium_03,Sentiment_label,Ты его очень любил.,Ты его очень любил.,-1 NEGATIVE,+1 POSITIVE,-1 NEGATIVE,признание утраты любимого объекта,B-14,True,A,ADJ,2026-07-06
C0630,RUS-O_medium_03,Sentiment_label,Папа обнимал Филиппа и гладил по голове.,Папа обнимал Филиппа и гладил по голове.,0 NEUTRAL,+1 POSITIVE,+1 POSITIVE,"физические проявления заботы (объятия, поглаживания) как форма поддержки",B-7,True,B,ADJ,2026-07-06
C0631,RUS-O_medium_03,Sentiment_label,Как будто что-то в нём изменилось,Как будто что-то в нём изменилось.,0 NEUTRAL,+1 POSITIVE,+1 POSITIVE,"реплики, направленные на расширение перспективы персонажа",B-19,True,B,ADJ,2026-07-06
C0632,RUS-O_medium_03,Sentiment_label,"Им нравилось смотреть, как солнце опускается всё ниже и ниже, а небо медленно темнеет.","Им нравилось смотреть, как солнце опускается всё ниже и ниже, а небо медленно темнеет.",+1 POSITIVE,0 NEUTRAL,+1 POSITIVE,"описание того, что нравится делать персонажам",B-12,True,A,ADJ,2026-07-06
C0633,RUS-O_medium_03,Sentiment_label,"А через несколько дней на площадку, где часто играл принц Филипп, пришёл новый мальчик.","А через несколько дней на площадку, где часто играл принц Филипп, пришёл новый мальчик.",+1 POSITIVE,0 NEUTRAL,+1 POSITIVE,новые возможности и встречи как позитивное событие,B-12,True,A,ADJ,2026-07-06
C0634,RUS-O_medium_03,Sentiment_label,"Он оказался весёлым, добрым и любознательным, и они с Филиппом подружились.","Он оказался весёлым, добрым и любознательным, и они с Филиппом подружились.",+1 POSITIVE,0 NEUTRAL,+1 POSITIVE,новая дружба как позитивное событие,B-7,True,A,ADJ,2026-07-06
C0635,RUS-O_medium_04,NER_label,бабушки,бабушки,PER_ROLE,PER_FAMILY,PER_FAMILY,стандартное слово родства,A-5,False,B,ADJ,2026-07-06
C0636,RUS-O_medium_04,NER_label,Маша,Маша,PER_FAMILY,PER_NAME,PER_NAME,,A-4,False,B,ADJ,2026-07-06
C0637,RUS-O_medium_04,NER_label,Мамино,Мамино,PER_ROLE,PER_FAMILY,PER_FAMILY,стандартное слово родства,A-5,False,B,ADJ,2026-07-06
C0638,RUS-O_medium_04,NER_missed_by_B,малыша,,PER_FAMILY,,PER_ROLE,"слова, обозначающие возрастные/социальные роли",A-11,True,neither,ADJ,2026-07-06
C0639,RUS-O_medium_04,NER_missed_by_B,Силач,,PER_ROLE,,PER_ROLE,"слова, обозначающие социальные роли и статусы",A-11,True,A,ADJ,2026-07-06
C0640,RUS-O_medium_04,NER_missed_by_B,Силачок,,PER_ROLE,,PER_ROLE,"слова, обозначающие социальные роли и статусы",A-11,True,A,ADJ,2026-07-06
C0641,RUS-O_medium_04,NER_missed_by_B,кошки,,PER_ROLE,,PER_ROLE,животные как общий вид или категория,A-3,False,A,ADJ,2026-07-06
C0642,RUS-O_medium_04,NER_missed_by_B,жеребёночка,,PER_ROLE,,PER_ROLE,животные как общий вид или категория,A-3,False,A,ADJ,2026-07-06
C0643,RUS-O_medium_04,NER_missed_by_B,овец,,PER_ROLE,,PER_ROLE,животные как общий вид или категория,A-3,False,A,ADJ,2026-07-06
C0644,RUS-O_medium_04,NER_missed_by_B,овец,,PER_ROLE,,PER_ROLE,животные как общий вид или категория,A-3,False,A,ADJ,2026-07-06
C0645,RUS-O_medium_04,NER_missed_by_B,овечка,,PER_ROLE,,PER_ROLE,животные как общий вид или категория,A-3,False,A,ADJ,2026-07-06
C0646,RUS-O_medium_04,NER_missed_by_B,овечка,,PER_ROLE,,PER_ROLE,животные как общий вид или категория,A-3,False,A,ADJ,2026-07-06
C0647,RUS-O_medium_04,NER_missed_by_A,,Мама,,PER_FAMILY,PER_FAMILY,стандартный термин родства,A-5,False,B,ADJ,2026-07-06
C0648,RUS-O_medium_04,NER_missed_by_A,,петушках,,PER_ROLE,PER_ROLE,"существительное, обозначающее класс животных",A-3,False,B,ADJ,2026-07-06
C0649,RUS-O_medium_04,NER_missed_by_A,,кочета,,PER_ROLE,PER_ROLE,"существительное, обозначающее класс животных",A-3,False,B,ADJ,2026-07-06
C0650,RUS-O_medium_04,NER_missed_by_A,,Кочета,,PER_ROLE,PER_ROLE,"существительное, обозначающее класс животных",A-3,False,B,ADJ,2026-07-06
C0651,RUS-O_medium_04,NER_missed_by_A,,кочета,,PER_ROLE,PER_ROLE,"существительное, обозначающее класс животных",A-3,False,B,ADJ,2026-07-06
C0652,RUS-O_medium_04,NER_missed_by_A,,Настенька,,PER_NAME,PER_NAME,"имена собственные, включая уменьшительные и ласкательные формы",A-1,False,B,ADJ,2026-07-06
C0653,RUS-O_medium_04,NER_missed_by_A,,Настенька,,PER_NAME,PER_NAME,"имена собственные, включая уменьшительные и ласкательные формы",A-1,False,B,ADJ,2026-07-06
C0654,RUS-O_medium_04,NER_missed_by_A,,Человечек-крошка,,PER_ROLE,PER_ROLE,"слова, обозначающие возрастные/социальные роли",A-11,True,B,ADJ,2026-07-06
C0655,RUS-O_medium_04,NER_missed_by_A,,маленький,,PER_ROLE,keep A,"недостаточная разметка, однословное прилагательное без существительного",A-8,False,A,ADJ,2026-07-06
C0656,RUS-O_medium_04,NER_missed_by_A,,месяц,,PER_ROLE,PER_ROLE,персонифицированные объекты природы без уникальных имён,A-3,False,B,ADJ,2026-07-06
C0657,RUS-O_medium_04,NER_missed_by_A,,месяц,,PER_ROLE,PER_ROLE,персонифицированные объекты природы без уникальных имён,A-3,False,B,ADJ,2026-07-06
C0658,RUS-O_medium_04,NER_missed_by_A,,окунь,,PER_ROLE,PER_NAME,персонифицированные объекты природы без уникальных имён,A-3,False,B,ADJ,2026-07-06
C0659,RUS-O_medium_04,NER_missed_by_A,,месяц,,PER_ROLE,PER_ROLE,персонифицированные объекты природы без уникальных имён,A-3,False,B,ADJ,2026-07-06
C0660,RUS-O_medium_04,NER_missed_by_A,,окуню,,PER_ROLE,PER_ROLE,персонифицированные объекты природы без уникальных имён,A-3,False,B,ADJ,2026-07-06
C0661,RUS-O_medium_04,NER_missed_by_A,,Малых,,PER_FAMILY,keep A,"однословное прилагательное без существительного, недостаточная разметка",A-8,False,A,ADJ,2026-07-06
C0662,RUS-O_medium_04,Sentiment_label,Я ребёнка родила,Я ребёнка родила.,+1 POSITIVE,0 NEUTRAL,+1 POSITIVE,рождение ребёнка как радостное событие,B-7,True,A,ADJ,2026-07-06
C0663,RUS-O_medium_04,Sentiment_label,Взаимность.,Взаимность.,+1 POSITIVE,0 NEUTRAL,+1 POSITIVE,рождение ребёнка как радостное событие,B-7,True,A,ADJ,2026-07-06
C0664,RUS-O_medium_04,Sentiment_label,Оставайся навсегда,Оставайся навсегда.,+1 POSITIVE,0 NEUTRAL,+1 POSITIVE,"выражение желания, чтобы близкий человек остался рядом",B-7,True,A,ADJ,2026-07-06
C0665,RUS-O_medium_04,Sentiment_label,Очень занят.,Очень занят.,-1 NEGATIVE,0 NEUTRAL,0 NEUTRAL,слабо выраженная эмоция без драматизации,B-24,True,B,ADJ,2026-07-06
C0666,RUS-O_medium_04,Sentiment_label,"Встаньте в очередь, родня, и любуйтесь на меня.","Встаньте в очередь, родня, и любуйтесь на меня.",+1 POSITIVE,0 NEUTRAL,+1 POSITIVE,выражение радости и игривости,B-7,True,A,ADJ,2026-07-06
C0667,RUS-O_medium_04,Sentiment_label,Скоро всё получится.,Скоро всё получится.,0 NEUTRAL,+1 POSITIVE,+1 POSITIVE,"ободряющее утверждение, поддерживающее другого",B-16,True,B,ADJ,2026-07-06
C0668,RUS-O_medium_04,Sentiment_label,"Не грусти, не грусти.","Не грусти, не грусти.",-1 NEGATIVE,+1 POSITIVE,+1 POSITIVE,"Действия персонажа, направленные на помощь, заботу или поддержку других",B-10,True,B,ADJ,2026-07-06
C0669,RUS-O_medium_04,Sentiment_label,Надо малость подрасти,Надо малость подрасти.,0 NEUTRAL,+1 POSITIVE,+1 POSITIVE,"Действия персонажа, направленные на помощь, заботу или поддержку других",B-10,True,B,ADJ,2026-07-06
C0670,RUS-O_medium_04,Sentiment_label,Как у бабушки рука Превратилась в гусака.,Как у бабушки рука Превратилась в гусака.,+1 POSITIVE,0 NEUTRAL,+1 POSITIVE,наличие положительных игровых образов,B-6,True,A,ADJ,2026-07-06
C0671,RUS-O_medium_04,Sentiment_label,"Человечек-крошка, Подожди немножко.","Человечек-крошка, Подожди немножко.",0 NEUTRAL,+1 POSITIVE,+1 POSITIVE,"Действия персонажа, направленные на помощь, заботу или поддержку других",B-10,True,B,ADJ,2026-07-06
C0672,RUS-O_medium_04,Sentiment_label,Не реви.,Не реви.,-1 NEGATIVE,+1 POSITIVE,+1 POSITIVE,"Действия персонажа, направленные на помощь, заботу или поддержку других",B-10,True,B,ADJ,2026-07-06
C0673,RUS-O_medium_04,Sentiment_label,Да зовите папочку.,Да зовите папочку.,+1 POSITIVE,0 NEUTRAL,+1 POSITIVE,призыв позвать папу для проявления нежности,B-7,True,A,ADJ,2026-07-06
C0674,RUS-O_medium_04,Sentiment_label,Возмущение,Возмущение.,0 NEUTRAL,-1 NEGATIVE,-1 NEGATIVE,прямое называние негативной эмоции,B-17,True,B,ADJ,2026-07-06
C0675,RUS-O_medium_04,Sentiment_label,Облака хороши.,Облака хороши.,+1 POSITIVE,0 NEUTRAL,+1 POSITIVE,наличие положительных оценочных признаков,B-6,True,A,ADJ,2026-07-06
C0676,RUS-O_medium_04,Sentiment_label,У сыночка клопика,У сыночка клопика.,-1 NEGATIVE,0 NEUTRAL,-1 NEGATIVE,описание холода и дискомфорта,B-18,True,A,ADJ,2026-07-06
C0677,RUS-O_medium_04,Sentiment_label,Надо попику одеть.,Надо попику одеть.,-1 NEGATIVE,+1 POSITIVE,-1 NEGATIVE,описание холода и необходимости его устранить,B-18,True,A,ADJ,2026-07-06
C0678,RUS-O_medium_04,Sentiment_label,Хватит бедной холодеть.,Хватит бедной холодеть.,-1 NEGATIVE,+1 POSITIVE,-1 NEGATIVE,негатив без разрешения,B-4,False,A,ADJ,2026-07-06
C0679,RUS-O_medium_04,Sentiment_label,Пляшем,Пляшем.,+1 POSITIVE,0 NEUTRAL,+1 POSITIVE,восклицание с явным маркером радости,B-2,False,A,ADJ,2026-07-06
C0680,RUS-O_medium_04,Sentiment_label,Маша пляшет,Маша пляшет.,0 NEUTRAL,+1 POSITIVE,+1 POSITIVE,пляска/танец как проявление радости,B-12,True,B,ADJ,2026-07-06
C0681,RUS-O_medium_04,Sentiment_label,Ай-тари-тари-та-та.,Ай-тари-тари-та-та.,0 NEUTRAL,+1 POSITIVE,+1 POSITIVE,восклицание с явным маркером радости,B-2,False,B,ADJ,2026-07-06
C0682,RUS-O_medium_04,Sentiment_label,А мы им - брысь.,А мы им - брысь.,0 NEUTRAL,+1 POSITIVE,+1 POSITIVE,игровое взаимодействие с персонажами потешки,B-12,True,B,ADJ,2026-07-06
C0683,RUS-O_medium_04,Sentiment_label,"А ну, не дерись","А ну, не дерись.",-1 NEGATIVE,+1 POSITIVE,+1 POSITIVE,"Действия персонажа, направленные на помощь, заботу или поддержку других",B-10,True,B,ADJ,2026-07-06
C0684,RUS-O_medium_04,Sentiment_label,"Не деритесь, кочета.","Не деритесь, кочета.",-1 NEGATIVE,+1 POSITIVE,+1 POSITIVE,"Действия персонажа, направленные на помощь, заботу или поддержку других",B-10,True,B,ADJ,2026-07-06
C0685,RUS-O_medium_04,Sentiment_label,Ай-тари-тари-та-та,Ай-тари-тари-та-та.,0 NEUTRAL,+1 POSITIVE,+1 POSITIVE,восклицание с явным маркером радости,B-2,False,B,ADJ,2026-07-06
C0686,RUS-O_medium_04,Sentiment_label,Мы сладенца,Мы сладенца.,+1 POSITIVE,0 NEUTRAL,+1 POSITIVE,ласковое обращение к ребёнку как проявление любви и нежности,,True,A,ADJ,2026-07-06
C0687,RUS-O_medium_04,Sentiment_label,"И положим, не дыша, в чистую кроватку.","И положим, не дыша, в чистую кроватку.",+1 POSITIVE,0 NEUTRAL,+1 POSITIVE,,,False,A,ADJ,2026-07-06
C0688,RUS-O_medium_04,Sentiment_label,"Спи, сладенец","Спи, сладенец.",+1 POSITIVE,0 NEUTRAL,+1 POSITIVE,забота и доброе пожелание,B-16,True,A,ADJ,2026-07-06
C0689,RUS-O_medium_04,Sentiment_label,Ох.,Ох.,+1 POSITIVE,-1 NEGATIVE,-1 NEGATIVE,негативная эмоция без позитивного разрешения,B-4,False,B,ADJ,2026-07-06
C0690,RUS-O_medium_04,Sentiment_label,Ох уж наша Настенька.,Ох уж наша Настенька.,0 NEUTRAL,-1 NEGATIVE,-1 NEGATIVE,негативная эмоция без позитивного разрешения,B-4,False,B,ADJ,2026-07-06
C0691,RUS-O_medium_04,Sentiment_label,"Ну, конечно.","Ну, конечно.",+1 POSITIVE,0 NEUTRAL,+1 POSITIVE,общий вектор стихотворения — игровой и позитивный,B-3,False,A,ADJ,2026-07-06
C0692,RUS-O_medium_04,Sentiment_label,Вот она.,Вот она.,+1 POSITIVE,0 NEUTRAL,+1 POSITIVE,общий вектор стихотворения — игровой и позитивный,B-3,False,A,ADJ,2026-07-06
C0693,RUS-O_medium_04,Sentiment_label,Есть у нашей крошки Целых две ладошки.,Есть у нашей крошки Целых две ладошки.,+1 POSITIVE,0 NEUTRAL,+1 POSITIVE,игра с ребёнком,B-12,True,A,ADJ,2026-07-06
C0694,RUS-O_medium_04,Sentiment_label,Я уже не дурачок.,Я уже не дурачок.,-1 NEGATIVE,0 NEUTRAL,-1 NEGATIVE,косвенная вербализация негативного состояния,B-17,True,A,ADJ,2026-07-06
C0695,RUS-O_medium_04,Sentiment_label,Ешьте сами кабачок.,Ешьте сами кабачок.,-1 NEGATIVE,0 NEUTRAL,-1 NEGATIVE,капризный отказ без позитивного разрешения,B-4,False,A,ADJ,2026-07-06
C0696,RUS-O_medium_04,Sentiment_label,"Ой, агу, агу, агу.","Ой, агу, агу, агу.",0 NEUTRAL,-1 NEGATIVE,-1 NEGATIVE,капризное заявление об уходе/побеге без позитивного разрешения,B-4,False,B,ADJ,2026-07-06
C0697,RUS-O_medium_04,Sentiment_label,Повстречаю я козу,Повстречаю я козу.,0 NEUTRAL,-1 NEGATIVE,-1 NEGATIVE,описание встречи с агрессивным/опасным существом,B-18,True,B,ADJ,2026-07-06
C0698,RUS-O_medium_04,Sentiment_label,"Рыжую, рогатую, Старую, бодатую.","Рыжую, рогатую, Старую, бодатую.",0 NEUTRAL,-1 NEGATIVE,-1 NEGATIVE,"описание агрессивного существа (рогатая, бодатая)",B-18,True,B,ADJ,2026-07-06
C0699,RUS-O_medium_04,Sentiment_label,"У козы-то, ага, Золотые рога.","У козы-то, ага, Золотые рога.",0 NEUTRAL,-1 NEGATIVE,-1 NEGATIVE,итоговая эмоция определяется общим эмоциональным направлением,B-3,False,B,ADJ,2026-07-06
C0700,RUS-O_medium_04,Sentiment_label,Я козу прогоню.,Я козу прогоню.,-1 NEGATIVE,+1 POSITIVE,-1 NEGATIVE,действие по устранению опасности/угрозы в контексте страха,B-18,True,A,ADJ,2026-07-06
C0701,RUS-O_medium_04,Sentiment_label,Не пугай малышню.,Не пугай малышню.,-1 NEGATIVE,+1 POSITIVE,-1 NEGATIVE,"запрет, направленный на устранение источника страха",B-18,True,A,ADJ,2026-07-06
C0702,RUS-O_medium_04,Sentiment_label,"Здравствуй, деточка из сказки.","Здравствуй, деточка из сказки.",+1 POSITIVE,0 NEUTRAL,+1 POSITIVE,наличие положительных образов («из сказки»),B-6,True,A,ADJ,2026-07-06
C0703,RUS-O_medium_04,Sentiment_label,Мне не нужен больше суп,Мне не нужен больше суп.,-1 NEGATIVE,0 NEUTRAL,+1 POSITIVE,описание этапа взросления (первый зуб) как позитивного достижения,B-12,True,neither,ADJ,2026-07-06
C0704,RUS-O_medium_04,Sentiment_label,У меня же вырос зуб,У меня же вырос зуб.,+1 POSITIVE,0 NEUTRAL,+1 POSITIVE,описание этапа взросления (первый зуб) как позитивного достижения,B-12,True,A,ADJ,2026-07-06
C0705,RUS-O_medium_04,Sentiment_label,"Я кусаю и грызу Всё, что я найду внизу.","Я кусаю и грызу Всё, что я найду внизу.",+1 POSITIVE,0 NEUTRAL,+1 POSITIVE,освоение новых навыков как радостная игра,B-12,True,A,ADJ,2026-07-06
C0706,RUS-O_medium_04,Sentiment_label,Любовь,Любовь.,+1 POSITIVE,0 NEUTRAL,+1 POSITIVE,слово «любовь» как прямое выражение положительной эмоции,B-7,True,A,ADJ,2026-07-06
C0707,RUS-O_medium_04,Sentiment_label,И бутылочку свою Неохотно отдаю.,И бутылочку свою Неохотно отдаю.,-1 NEGATIVE,+1 POSITIVE,-1 NEGATIVE,прямое называние негативного состояния,B-17,True,A,ADJ,2026-07-06
C0708,RUS-O_medium_04,Sentiment_label,Ода маминой спине.,Ода маминой спине.,+1 POSITIVE,0 NEUTRAL,+1 POSITIVE,наличие положительных образов («ода» как прославление),B-6,True,A,ADJ,2026-07-06
C0709,RUS-O_medium_04,Sentiment_label,Хорошо везде ходить.,Хорошо везде ходить.,0 NEUTRAL,+1 POSITIVE,+1 POSITIVE,наличие положительного оценочного признака («хорошо»),B-6,True,B,ADJ,2026-07-06
C0710,RUS-O_medium_04,Sentiment_label,Страсть,Страсть.,+1 POSITIVE,0 NEUTRAL,+1 POSITIVE,выражение сильного желания как позитивной эмоции,B-12,True,A,ADJ,2026-07-06
C0711,RUS-O_medium_04,Sentiment_label,Лягу в лужу.,Лягу в лужу.,0 NEUTRAL,-1 NEGATIVE,-1 NEGATIVE,капризное заявление и демонстративное поведение без позитивного разрешения,B-4,True,B,ADJ,2026-07-06
C0712,RUS-O_medium_04,Sentiment_label,Усталость,Усталость.,-1 NEGATIVE,0 NEUTRAL,-1 NEGATIVE,прямое называние негативного состояния,B-17,True,A,ADJ,2026-07-06
C0713,RUS-O_medium_04,Sentiment_label,Мы идём издалека.,Мы идём издалека.,-1 NEGATIVE,0 NEUTRAL,-1 NEGATIVE,длинный путь как источник утомления,B-18,True,A,ADJ,2026-07-06
C0714,RUS-O_medium_04,Sentiment_label,Раз сердечко.,Раз сердечко.,+1 POSITIVE,0 NEUTRAL,+1 POSITIVE,упоминание «сердечка» как символа любви и нежности,B-7,True,A,ADJ,2026-07-06
C0715,RUS-O_medium_04,Sentiment_label,Два сердечко.,Два сердечко.,+1 POSITIVE,0 NEUTRAL,+1 POSITIVE,упоминание «сердечка» как символа любви и нежности,B-7,True,A,ADJ,2026-07-06
C0716,RUS-O_medium_04,Sentiment_label,Мой малыш леденец.,Мой малыш леденец.,+1 POSITIVE,0 NEUTRAL,+1 POSITIVE,ласковое обращение к ребёнку,B-7,True,A,ADJ,2026-07-06
C0717,RUS-O_medium_04,Sentiment_label,"Уплывает детка в сон, Как кораблик невесом.","Уплывает детка в сон, Как кораблик невесом.",0 NEUTRAL,+1 POSITIVE,+1 POSITIVE,"наличие положительных образов (сон, лёгкость, кораблик)",B-6,True,B,ADJ,2026-07-06
C0718,RUS-O_medium_04,Sentiment_label,"Уплывает по ручью В реку тихую, ничью.","Уплывает по ручью В реку тихую, ничью.",0 NEUTRAL,+1 POSITIVE,+1 POSITIVE,наличие положительных образов,B-6,True,B,ADJ,2026-07-06
C0719,RUS-O_medium_04,Sentiment_label,"А под тёмной, под водой Ходит окунь с бородой.","А под тёмной, под водой Ходит окунь с бородой.",-1 NEGATIVE,0 NEUTRAL,0 NEUTRAL,слабо выраженная эмоция без драматизации,B-24,True,B,ADJ,2026-07-06
C0720,RUS-O_medium_04,Sentiment_label,"Ой, да люли-разлюли, Будет кушать кисели Мой немного небольшой, Обладающий душой.","Ой, да люли-разлюли, Будет кушать кисели Мой немного небольшой, Обладающий душой.",0 NEUTRAL,+1 POSITIVE,+1 POSITIVE,наличие положительных оценочных признаков и уютных образов,B-6,True,B,ADJ,2026-07-06
C0721,RUS-O_medium_05,NER_label,дети,дети,PER_ROLE,PER_FAMILY,PER_ROLE,слово используется обобщённо,A-5,False,A,ADJ,2026-07-06
C0722,RUS-O_medium_05,NER_missed_by_B,мышку,,PER_ROLE,,PER_ROLE,животные как общий вид или категория,A-3,False,A,ADJ,2026-07-06
C0723,RUS-O_medium_05,NER_missed_by_A,,гномом,,PER_ROLE,PER_ROLE,существа из фольклора/мифологии без уникальных имён,A-3,False,B,ADJ,2026-07-06
C0724,RUS-O_medium_05,NER_missed_by_A,,мышка,,PER_ROLE,PER_ROLE,животные как общий вид или категория,A-3,False,B,ADJ,2026-07-06
C0725,RUS-O_medium_05,NER_missed_by_A,,снеговик,,PER_ROLE,PER_ROLE,объекты/существа без уникальных имён,A-3,False,B,ADJ,2026-07-06
C0726,RUS-O_medium_05,NER_missed_by_A,,пиццы,,PER_ROLE,keep A,"недостаточная разметка, должна быть одна сущность - доставщик пиццы PER_ROLE",A-10,True,A,ADJ,2026-07-06
C0727,RUS-O_medium_05,NER_missed_by_A,,девочка,,PER_ROLE,PER_ROLE,"слова, обозначающие возрастные/социальные роли",A-11,True,B,ADJ,2026-07-06
C0728,RUS-O_medium_05,Sentiment_label,"Она была такая маленькая, что никто её не замечал.","Она была такая маленькая, что никто её не замечал.",-1 NEGATIVE,0 NEUTRAL,-1 NEGATIVE,косвенная передача чувства одиночества и невидимости,B-17,True,A,ADJ,2026-07-06
C0729,RUS-O_medium_05,Sentiment_label,"А когда она бегала, то ступала лапками так тихо, что её никто не мог услышать.","А когда она бегала, то ступала лапками так тихо, что её никто не мог услышать.",-1 NEGATIVE,0 NEUTRAL,-1 NEGATIVE,общий вектор эпизода — негативный,B-3,True,A,ADJ,2026-07-06
C0730,RUS-O_medium_05,Sentiment_label,"Мышка появилась в доме летом, когда было тепло и сухо.","Мышка появилась в доме летом, когда было тепло и сухо.",+1 POSITIVE,0 NEUTRAL,+1 POSITIVE,наличие положительных оценочных признаков,B-6,True,A,ADJ,2026-07-06
C0731,RUS-O_medium_05,Sentiment_label,"Но потом пришла мокрая осень, а за ней — холодная зима.","Но потом пришла мокрая осень, а за ней — холодная зима.",-1 NEGATIVE,0 NEUTRAL,-1 NEGATIVE,"описание неблагоприятных погодных условий (холод, сырость)",B-18,True,A,ADJ,2026-07-06
C0732,RUS-O_medium_05,Sentiment_label,"Мышке стало совсем неуютно под крыльцом, и она всё чаще забегала в дом погреться.","Мышке стало совсем неуютно под крыльцом, и она всё чаще забегала в дом погреться.",-1 NEGATIVE,0 NEUTRAL,-1 NEGATIVE,описание неблагоприятных условий жизни,B-18,True,A,ADJ,2026-07-06
C0733,RUS-O_medium_05,Sentiment_label,"Они говорили о том, что завтра придёт Новый год, и все обязательно получат подарки.","Они говорили о том, что завтра придёт Новый год, и все обязательно получат подарки.",+1 POSITIVE,0 NEUTRAL,+1 POSITIVE,"наличие положительных образов (Новый год, подарки)",B-6,True,A,ADJ,2026-07-06
C0734,RUS-O_medium_05,Sentiment_label,Мышке тоже очень захотелось получить подарок.,Мышке тоже очень захотелось получить подарок.,+1 POSITIVE,0 NEUTRAL,+1 POSITIVE,выражение сильного желания как позитивной эмоции,B-12,True,A,ADJ,2026-07-06
C0735,RUS-O_medium_05,Sentiment_label,"Ведь ей было так холодно, и она мечтала о настоящей тёплой постельке.","Ведь ей было так холодно, и она мечтала о настоящей тёплой постельке.",-1 NEGATIVE,0 NEUTRAL,-1 NEGATIVE,описание холода как источника страдания,B-18,True,A,ADJ,2026-07-06
C0736,RUS-O_medium_05,Sentiment_label,"— Если он должен прийти, то я обязательно его увижу, / — решила мышка и отправилась на поиски.","— Если он должен прийти, то я обязательно его увижу, — решила мышка и отправилась на поиски.",+1 POSITIVE,0 NEUTRAL,+1 POSITIVE,решимость найти и встретить праздник как позитивная эмоция,B-12,True,A,ADJ,2026-07-06
C0737,RUS-O_medium_05,Sentiment_label,Под кустом шиповника мышка увидела маленького смешного человечка в красном колпаке.,Под кустом шиповника мышка увидела маленького смешного человечка в красном колпаке.,+1 POSITIVE,0 NEUTRAL,+1 POSITIVE,наличие положительных оценочных признаков,B-6,True,A,ADJ,2026-07-06
C0738,RUS-O_medium_05,Sentiment_label,Мышка побежала дальше и увидела кого-то на дереве.,Мышка побежала дальше и увидела кого-то на дереве.,+1 POSITIVE,0 NEUTRAL,0 NEUTRAL,слабо выраженная эмоция без драматизации,B-24,True,B,ADJ,2026-07-06
C0739,RUS-O_medium_05,Sentiment_label,У него была красивая красная грудка и чёрная шапочка.,У него была красивая красная грудка и чёрная шапочка.,+1 POSITIVE,0 NEUTRAL,+1 POSITIVE,наличие положительных оценочных признаков,B-6,True,A,ADJ,2026-07-06
C0740,RUS-O_medium_05,Sentiment_label,"— Нет, нет, вы ошиблись, / — ответил снегирь.","— Нет, нет, вы ошиблись, — ответил снегирь.",-1 NEGATIVE,0 NEUTRAL,0 NEUTRAL,"реплики, связанные с уточнением информации",B-20,True,B,ADJ,2026-07-06
C0741,RUS-O_medium_05,Sentiment_label,"— Я прилетаю сюда каждую зиму, но никогда его не встречал.","— Я прилетаю сюда каждую зиму, но никогда его не встречал.",-1 NEGATIVE,0 NEUTRAL,-1 NEGATIVE,выражение разочарования и печали через отрицание успешного опыта,B-17,True,A,ADJ,2026-07-06
C0742,RUS-O_medium_05,Sentiment_label,"Она порядком замёрзла, у неё была только одна мечта — как бы согреться.","Она порядком замёрзла, у неё была только одна мечта — как бы согреться.",-1 NEGATIVE,0 NEUTRAL,-1 NEGATIVE,холод как источник страдания,B-18,True,A,ADJ,2026-07-06
C0743,RUS-O_medium_05,Sentiment_label,"«Так может светить только Новый год, у которого для всех есть подарки», / — подумала мышка.","«Так может светить только Новый год, у которого для всех есть подарки», — подумала мышка.",+1 POSITIVE,0 NEUTRAL,+1 POSITIVE,"Традиционно положительные образы (солнце, тепло, свет и т. п.) не получают положительную оценку",B-9,True,A,ADJ,2026-07-06
C0744,RUS-O_medium_05,Sentiment_label,"Мышка забралась на мягкий матрасик, укрылась пуховым одеяльцем и сразу уснула, потому что за день она очень устала.","Мышка забралась на мягкий матрасик, укрылась пуховым одеяльцем и сразу уснула, потому что за день она очень устала.",+1 POSITIVE,0 NEUTRAL,+1 POSITIVE,"Коллективные действия персонажей, объединённых общей целью помочь",B-23,True,A,ADJ,2026-07-06
C0745,RUS-O_medium_05,Sentiment_label,— Ах! / — сказала девочка.,— Ах! — сказала девочка.,0 NEUTRAL,-1 NEGATIVE,0 NEUTRAL,слабо выраженная эмоция без драматизации,B-24,True,A,ADJ,2026-07-06
C0746,RUS-O_medium_05,Sentiment_label,"—
В постельке моей куклы спит маленькая мышка!","—
В постельке моей куклы спит маленькая мышка!",0 NEUTRAL,-1 NEGATIVE,0 NEUTRAL,слабо выраженная эмоция без драматизации,B-24,True,A,ADJ,2026-07-06
C0747,RUS-O_medium_05,Sentiment_label,"Она, видно, совсем замёрзла, бедняжка.","Она, видно, совсем замёрзла, бедняжка.",-1 NEGATIVE,+1 POSITIVE,-1 NEGATIVE,состояние страдания без позитивного разрешения в том же сегменте,B-4,False,A,ADJ,2026-07-06
C0748,RUS-O_medium_05,Sentiment_label,Девочка уговорила маму поселить мышку за печкой.,Девочка уговорила маму поселить мышку за печкой.,+1 POSITIVE,0 NEUTRAL,+1 POSITIVE,"действие, направленное на помощь другому существу",B-16,True,A,ADJ,2026-07-06
C0749,RUS-O_medium_05,Sentiment_label,Вместе они аккуратно перенесли кроватку туда.,Вместе они аккуратно перенесли кроватку туда.,+1 POSITIVE,0 NEUTRAL,+1 POSITIVE,"коллективные действия, направленные на помощь другому",B-22,True,A,ADJ,2026-07-06
C0750,RUS-O_short_01,NER_label,родители,родители,PER_FAMILY,PER_ROLE,PER_FAMILY,"собирательное слово родства, относящееся к конкретной семье",A-5,False,A,ADJ,2026-07-08
C0751,RUS-O_short_01,NER_label,акула,акула,PER_FAMILY,PER_ROLE,PER_ROLE,вид животного без уникального имени,A-5,False,A,ADJ,2026-07-08
C0948,RUS-T_long_01,NER_label,Дед Мороз,Дед,PER_ROLE,PER_NAME,PER_NAME,"устойчивое, узнаваемое составное имя персонажа, должна быть одна сущность - Дед Мороз PER_NAME",A-6,False,neither,ADJ,2026-07-08
C0949,RUS-T_long_01,NER_label,Морозе,Морозе,PER_ROLE,PER_NAME,PER_NAME,устойчивое составное имя персонажа,A-6,False,B,ADJ,2026-07-08
C0950,RUS-T_long_01,NER_label,Морозе,Морозе,PER_ROLE,PER_NAME,PER_NAME,устойчивое составное имя персонажа,A-6,False,B,ADJ,2026-07-08
C0951,RUS-T_long_01,NER_label,Мороза,Мороза,PER_ROLE,PER_NAME,PER_NAME,устойчивое составное имя персонажа,A-6,False,B,ADJ,2026-07-08
C0952,RUS-T_long_01,NER_label,Деда Мороза,Деда,PER_ROLE,PER_NAME,PER_NAME,"Устойчивое составное имя персонажа, размечается как одна сущность - Дед Мороз PER_NAME",A-6,False,neither,ADJ,2026-07-08
C0953,RUS-T_long_01,NER_label,Дед Мороз,Дед,PER_ROLE,PER_NAME,PER_NAME,"Устойчивое составное имя персонажа, размечается как одна сущность - Дед Мороз PER_NAME",A-6,False,neither,ADJ,2026-07-08
C0954,RUS-T_long_01,NER_label,Деда Мороза,Деда,PER_ROLE,PER_NAME,PER_NAME,"устойчивое составное имя персонажа, должна быть одна сущность Дед Мороз PER_NAME",A-6,False,neither,ADJ,2026-07-08
C0955,RUS-T_long_01,NER_label,Деда Мороза,Деда,PER_ROLE,PER_NAME,PER_NAME,"устойчивое составное имя персонажа, должна быть одна сущность Дед Мороз PER_NAME",A-6,False,neither,ADJ,2026-07-08
C0956,RUS-T_long_01,NER_label,Дед Мороз,Дед,PER_ROLE,PER_NAME,PER_NAME,"должна быть одна сущность - Дед Мороз, PER_NAME",A-6,False,neither,ADJ,2026-07-08
C0957,RUS-T_long_01,NER_label,Дед Мороз,Дед,PER_ROLE,PER_NAME,PER_NAME,"устойчивое составное имя персонажа, должна быть одна сущность - Дед Мороз PER_NAME",A-6,False,neither,ADJ,2026-07-08
C0958,RUS-T_long_01,NER_label,Деду Морозу,Деду,PER_ROLE,PER_NAME,PER_NAME,"устойчивое составное имя персонажа, должно быть одной сущностью - Дед Мороз PER_NAME",A-6,False,neither,ADJ,2026-07-08
C0959,RUS-T_long_01,NER_label,Деду Морозу,Деду,PER_ROLE,PER_NAME,PER_NAME,"устойчивое составное имя персонажа, должно быть одной сущностью - Дед Мороз PER_NAME",A-6,False,neither,ADJ,2026-07-08
C0960,RUS-T_long_01,NER_label,Деда Мороза,Деда,PER_ROLE,PER_NAME,PER_NAME,"устойчивое составное имя персонажа, должно быть одной сущностью - Дед Мороз PER_NAME",A-6,False,neither,ADJ,2026-07-08
C0961,RUS-T_long_01,NER_label,Дед Мороз,Дед,PER_ROLE,PER_NAME,PER_NAME,"устойчивое составное имя персонажа, должно быть одной сущностью - Дед Мороз PER_NAME",A-6,False,neither,ADJ,2026-07-08
C0962,RUS-T_long_01,NER_label,Деда Мороза,Деда,PER_ROLE,PER_NAME,PER_NAME,"устойчивое составное имя персонажа, должно быть одной сущностью - Дед Мороз PER_NAME",A-6,False,neither,ADJ,2026-07-08
C0963,RUS-T_long_01,NER_label,Дед Мороз,Дед,PER_ROLE,PER_NAME,PER_NAME,"устойчивое составное имя персонажа, должно быть одной сущностью - Дед Мороз PER_NAME",A-6,False,neither,ADJ,2026-07-08
C0964,RUS-T_long_01,NER_missed_by_B,люди,,PER_ROLE,,PER_ROLE,обобщённые группы без конкретной идентификации,A-5,False,A,ADJ,2026-07-08
C0965,RUS-T_long_01,NER_missed_by_B,малыш,,PER_ROLE,,PER_ROLE,"слова, обозначающие возрастные роли",A-11,True,A,ADJ,2026-07-08
C0966,RUS-T_long_01,NER_missed_by_B,зверей,,PER_ROLE,,PER_ROLE,животные как общий вид или категория без уникальных имён,A-3,False,A,ADJ,2026-07-08
C0967,RUS-T_long_01,NER_missed_by_B,животных,,PER_ROLE,,PER_ROLE,животные как общий вид или категория без уникальных имён,A-3,False,A,ADJ,2026-07-08
C0968,RUS-T_long_01,NER_missed_by_B,зверей,,PER_ROLE,,PER_ROLE,животные как общий вид или категория без уникальных имён,A-3,False,A,ADJ,2026-07-08
C0969,RUS-T_long_01,NER_missed_by_B,звери,,PER_ROLE,,PER_ROLE,животные как общий вид или категория без уникальных имён,A-3,False,A,ADJ,2026-07-08
C0970,RUS-T_long_01,NER_missed_by_A,,Мороз,,PER_NAME,PER_NAME,"устойчивое составное имя персонажа, должно быть размечено как одна сущность  - Дед Мороз PER_NAME",A-6,False,neither,ADJ,2026-07-08
C0971,RUS-T_long_01,NER_missed_by_A,,люди,,PER_ROLE,PER_ROLE,обобщённые группы без конкретной идентификации,A-5,False,B,ADJ,2026-07-08
C0972,RUS-T_long_01,NER_missed_by_A,,Мороза,,PER_NAME,PER_NAME,"обобщённые группы без конкретной идентификации, должна быть одна сущность - Дед Мороз PER_NAME",A-6,False,neither,ADJ,2026-07-08
C0973,RUS-T_long_01,NER_missed_by_A,,людям,,PER_ROLE,PER_ROLE,обобщённые группы без конкретной идентификации,A-5,False,B,ADJ,2026-07-08
C0974,RUS-T_long_01,NER_missed_by_A,,Мороз,,PER_NAME,PER_NAME,"устойчивое словосочетание, образующее единое имя персонажа, должна быть одна сущность - Дед Мороз PER_NAME",A-6,False,neither,ADJ,2026-07-08
C0975,RUS-T_long_01,NER_missed_by_A,,Мороза,,PER_NAME,PER_NAME,"устойчивое словосочетание, образующее единое имя персонажа, должна быть одна сущность - Дед Мороз PER_NAME",A-6,False,neither,ADJ,2026-07-08
C0976,RUS-T_long_01,NER_missed_by_A,,мудрую,,PER_ROLE,keep A,"недостаточная разметка, однословное прилагательное без существительного",A-8,False,A,ADJ,2026-07-08
C0977,RUS-T_long_01,NER_missed_by_A,,Мороза,,PER_NAME,PER_NAME,"устойчивое словосочетание, образующее единое имя персонажа, должна быть одна сущность - Дед Мороз PER_NAME",A-6,False,neither,ADJ,2026-07-08
C0979,RUS-T_long_01,NER_missed_by_A,,озорным,,PER_ROLE,keep A,"однословное прилагательное, недостаточная разметка",A-8,False,A,ADJ,2026-07-08
C0980,RUS-T_long_01,NER_missed_by_A,,Мороз,,PER_NAME,PER_NAME,"устойчивое, узнаваемое составное имя персонажа, должна быть одна сущность - Дед Мороз PER_NAME",A-6,False,A,ADJ,2026-07-08
C0981,RUS-T_long_01,NER_missed_by_A,,Мороз,,PER_NAME,PER_NAME,"устойчивое, узнаваемое составное имя персонажа, должна быть одна сущность - Дед Мороз PER_NAME",A-6,False,neither,ADJ,2026-07-08
C0982,RUS-T_long_01,NER_missed_by_A,,Морозу,,PER_NAME,PER_NAME,"устойчивое, узнаваемое составное имя персонажа, должна быть одна сущность - Дед Мороз PER_NAME",A-6,False,neither,ADJ,2026-07-08
C0983,RUS-T_long_01,NER_missed_by_A,,жж-жжуткий,,PER_ROLE,keep A,"однословное прилагательное, недостаточная разметка",A-8,False,A,ADJ,2026-07-08
C0984,RUS-T_long_01,NER_missed_by_A,,Морозу,,PER_NAME,PER_NAME,"устойчивое, узнаваемое составное имя персонажа, должна быть одна сущность - Дед Мороз PER_NAME",A-6,False,neither,ADJ,2026-07-08
C0985,RUS-T_long_01,NER_missed_by_A,,звери,,PER_ROLE,PER_ROLE,животные как общий вид или категория без уникальных имён,A-3,False,B,ADJ,2026-07-08
C0986,RUS-T_long_01,NER_missed_by_A,,лесные,,PER_ROLE,keep A,"однословное прилагательное, недостаточная разметка",A-8,False,A,ADJ,2026-07-08
C0987,RUS-T_long_01,NER_missed_by_A,,стая,,PER_ROLE,PER_ROLE,"недостаточная разметка, выделяется вся именная группа",A-3,False,B,ADJ,2026-07-08
C0988,RUS-T_long_01,NER_missed_by_A,,трусливый,,PER_ROLE,keep A,"однословное прилагательное, недостаточная разметка",A-8,False,A,ADJ,2026-07-08
C0989,RUS-T_long_01,NER_missed_by_A,,мудрая,,PER_ROLE,keep A,"однословное прилагательное, недостаточная разметка",A-8,False,A,ADJ,2026-07-08
C0990,RUS-T_long_01,NER_missed_by_A,,лесная,,PER_ROLE,keep A,"однословное прилагательное, недостаточная разметка",A-8,False,A,ADJ,2026-07-08
C0991,RUS-T_long_01,NER_missed_by_A,,мудрая,,PER_ROLE,keep A,"однословное прилагательное, недостаточная разметка",A-8,False,A,ADJ,2026-07-08
C0992,RUS-T_long_01,NER_missed_by_A,,Мороза,,PER_NAME,PER_NAME,"устойчивое составное имя персонажа, должна быть одна сущность - Дед Мороз PER_NAME",A-6,False,neither,ADJ,2026-07-08
C0993,RUS-T_long_01,NER_missed_by_A,,Мороз,,PER_NAME,PER_NAME,"устойчивое составное имя персонажа, должна быть одна сущность - Дед Мороз PER_NAME",A-6,False,neither,ADJ,2026-07-08
C0994,RUS-T_long_01,NER_missed_by_A,,Мороза,,PER_NAME,PER_NAME,"устойчивое составное имя персонажа, должна быть одна сущность - Дед Мороз PER_NAME",A-6,False,neither,ADJ,2026-07-08
C0995,RUS-T_long_01,NER_missed_by_A,,Мамины,,PER_FAMILY,PER_FAMILY,стандартное слово родства,A-4,False,B,ADJ,2026-07-08
C0996,RUS-T_long_01,NER_missed_by_A,,Мороз,,PER_NAME,PER_NAME,"устойчивое составное имя персонажа, должна быть одна сущность - Дед Мороз PER_NAME",A-6,False,neither,ADJ,2026-07-08
C0997,RUS-T_long_01,NER_missed_by_A,,звери,,PER_ROLE,PER_ROLE,животные как общий вид или категория без уникальных имён,A-3,False,B,ADJ,2026-07-08
C0998,RUS-T_long_01,Sentiment_label,"Однажды утром лес, в котором живёт Лисёнок со своей мамой в одно мгновение преобразился и стал волшебным!","Однажды утром лес, в котором живёт Лисёнок со своей мамой в одно мгновение преобразился и стал волшебным!",+1 POSITIVE,0 NEUTRAL,+1 POSITIVE,"наличие положительных оценочных признаков («волшебным», «преобразился»)",B-6,False,A,ADJ,2026-07-08
C0999,RUS-T_long_01,Sentiment_label,"Всё покрылось мерцающим, пушистым снегом, а воздух вдруг наполнился ожиданием Нового года.","Всё покрылось мерцающим, пушистым снегом, а воздух вдруг наполнился ожиданием Нового года.",+1 POSITIVE,0 NEUTRAL,+1 POSITIVE,наличие положительных оценочных признаков,B-6,False,A,ADJ,2026-07-08
C1000,RUS-T_long_01,Sentiment_label,Что это за удивительный праздник?,Что это за удивительный праздник?,+1 POSITIVE,0 NEUTRAL,+1 POSITIVE,вопрос с явным маркером радости,B-5,False,A,ADJ,2026-07-08
C1001,RUS-T_long_01,Sentiment_label,"В лесу становилось всё холоднее и холоднее, а однажды ночью случилось кое-что необычное!","В лесу становилось всё холоднее и холоднее, а однажды ночью случилось кое-что необычное!",+1 POSITIVE,0 NEUTRAL,+1 POSITIVE,наличие положительных оценочных признаков,B-6,False,A,ADJ,2026-07-08
C1002,RUS-T_long_01,Sentiment_label,"Крошечные ледяные кристаллики защекотали ему нос, и он едва не чихнул.","Крошечные ледяные кристаллики защекотали ему нос, и он едва не чихнул.",+1 POSITIVE,0 NEUTRAL,+1 POSITIVE,игровое взаимодействие со снегом как позитивная эмоция,B-12,True,A,ADJ,2026-07-08
C1003,RUS-T_long_01,Sentiment_label,Вдруг Лисёнок услышал голоса в отдалении.,Вдруг Лисёнок услышал голоса в отдалении.,-1 NEGATIVE,0 NEUTRAL,0 NEUTRAL,слабо выраженная эмоция без драматизации,B-24,True,B,ADJ,2026-07-08
C1004,RUS-T_long_01,Sentiment_label,— Это люди. / — прошептал он и быстро залез обратно в безопасную нору.,— Это люди. — прошептал он и быстро залез обратно в безопасную нору.,-1 NEGATIVE,0 NEUTRAL,-1 NEGATIVE,жесты беспомощности или уход персонажа,B-13,True,A,ADJ,2026-07-08
C1005,RUS-T_long_01,Sentiment_label,"«Наверное, надо разбудить мамочку!» / — заволновался маленький Лисёнок, но в этот момент услышал весёлый смех и выглянул наружу.","«Наверное, надо разбудить мамочку!» — заволновался маленький Лисёнок, но в этот момент услышал весёлый смех и выглянул наружу.",-1 NEGATIVE,0 NEUTRAL,-1 NEGATIVE,беспомощная реакция персонажа,B-15,True,A,ADJ,2026-07-08
C1006,RUS-T_long_01,Sentiment_label,Лисёнок кинулся к Маме Лисе и стал нетерпеливо теребить её за ухо.,Лисёнок кинулся к Маме Лисе и стал нетерпеливо теребить её за ухо.,+1 POSITIVE,0 NEUTRAL,+1 POSITIVE,просьба о близости,B-7,True,A,ADJ,2026-07-08
C1007,RUS-T_long_01,Sentiment_label,"— Мама, проснись!","— Мама, проснись!",+1 POSITIVE,-1 NEGATIVE,+1 POSITIVE,просьба о близости,B-7,True,A,ADJ,2026-07-08
C1008,RUS-T_long_01,Sentiment_label,"Ну, проснись же!","Ну, проснись же!",+1 POSITIVE,-1 NEGATIVE,+1 POSITIVE,просьба о близости,B-7,True,A,ADJ,2026-07-08
C1009,RUS-T_long_01,Sentiment_label,"Скажи, что ты знаешь о Морозе?","Скажи, что ты знаешь о Морозе?",+1 POSITIVE,-1 NEGATIVE,+1 POSITIVE,"вопросы, вызванные радостным любопытством и энтузиазмом",B-5,True,A,ADJ,2026-07-08
C0978,RUS-T_long_01,NER_missed_by_A,,мудрая,,PER_ROLE,keep A,"однословное прилагательное, недостаточная разметка",A-8,False,A,ADJ,2026-07-08
C1010,RUS-T_long_01,Sentiment_label,"Мама Лиса сонно обняла Лисёнка и пробормотала: / — Каком Морозе... я не знаю... но, мне кажется, люди очень радуются, когда он приходит к ним и приносит праздник.","Мама Лиса сонно обняла Лисёнка и пробормотала:

— Каком Морозе... я не знаю... но, мне кажется, люди очень радуются, когда он приходит к ним и приносит праздник.",+1 POSITIVE,0 NEUTRAL,+1 POSITIVE,объятия как проявление любви,B-7,True,A,ADJ,2026-07-08
C1011,RUS-T_long_01,Sentiment_label,"Лисёнок призадумался: / «Может быть, другие звери что-то знают про этого таинственного Мороза и грядущий праздник!»","Лисёнок призадумался: «Может быть, другие звери что-то знают про этого таинственного Мороза и грядущий праздник!»",+1 POSITIVE,0 NEUTRAL,+1 POSITIVE,выражение любопытства и надежды в контексте праздника,B-12,False,A,ADJ,2026-07-08
C1012,RUS-T_long_01,Sentiment_label,"— Доброе утро! / — обратился Лисёнок к Сороке, сидящей высоко на своей ели.","— Доброе утро! — обратился Лисёнок к Сороке, сидящей высоко на своей ели.",0 NEUTRAL,+1 POSITIVE,+1 POSITIVE,вежливое приветствие как проявление добрых намерений,B-16,True,B,ADJ,2026-07-08
C1013,RUS-T_long_01,Sentiment_label,"— Вы не могли бы рассказать мне про праздник, о котором говорили дети?","— Вы не могли бы рассказать мне про праздник, о котором говорили дети?",0 NEUTRAL,+1 POSITIVE,+1 POSITIVE,просьба о знаниях как желание разделить радость,B-7,False,B,ADJ,2026-07-08
C1014,RUS-T_long_01,Sentiment_label,"Сверкающий снежный дождь, плавно падая вниз, опустился на землю, а малыш восхищённо наблюдал за этим зрелищем.","Сверкающий снежный дождь, плавно падая вниз, опустился на землю, а малыш восхищённо наблюдал за этим зрелищем.",+1 POSITIVE,0 NEUTRAL,+1 POSITIVE,"наличие положительных оценочных признаков («сверкающий», «восхищённо»)",B-6,True,A,ADJ,2026-07-08
C1015,RUS-T_long_01,Sentiment_label,"«Интересно, люди так радуются приходу праздника потому, что он приносит с собой все эти сверкающие штучки?» / — подумал Лисёнок.","«Интересно, люди так радуются приходу праздника потому, что он приносит с собой все эти сверкающие штучки?» — подумал Лисёнок.",+1 POSITIVE,0 NEUTRAL,+1 POSITIVE,любопытство о празднике и радости людей,B-12,True,A,ADJ,2026-07-08
C1016,RUS-T_long_01,Sentiment_label,"— Как-то раз, в ту самую, особенную ночь, когда наступает праздник, я случайно оказался недалеко от старого дома на опушке.","— Как-то раз, в ту самую, особенную ночь, когда наступает праздник, я случайно оказался недалеко от старого дома на опушке.",+1 POSITIVE,0 NEUTRAL,+1 POSITIVE,"наличие положительных оценочных признаков («особенную ночь», «праздник»)",B-6,True,A,ADJ,2026-07-08
C1017,RUS-T_long_01,Sentiment_label,"И пригласить Деда Мороза к нам в лес, / — сказал Лисёнок и потрусил дальше.","И пригласить Деда Мороза к нам в лес, — сказал Лисёнок и потрусил дальше.",0 NEUTRAL,+1 POSITIVE,+1 POSITIVE,выражение желания пригласить кого-то и поделиться радостью,B-16,True,B,ADJ,2026-07-08
C1018,RUS-T_long_01,Sentiment_label,"Вскоре он увидел мудрую Сову, которая мирно спала на своём любимом пне.","Вскоре он увидел мудрую Сову, которая мирно спала на своём любимом пне.",+1 POSITIVE,0 NEUTRAL,+1 POSITIVE,"наличие положительных оценочных признаков («мудрая», «мирно», «любимом»)",B-6,True,A,ADJ,2026-07-08
C1019,RUS-T_long_01,Sentiment_label,"— Дарит подарки? / — переспросил Лисёнок, но мудрая Сова уже снова задремала.","— Дарит подарки? — переспросил Лисёнок, но мудрая Сова уже снова задремала.",0 NEUTRAL,+1 POSITIVE,+1 POSITIVE,"вопрос, вызванный радостным интересом к подаркам",B-7,True,B,ADJ,2026-07-08
C1020,RUS-T_long_01,Sentiment_label,"В тот же день Лисёнок затеял игру с озорным Барсучком, пока совсем не устал.","В тот же день Лисёнок затеял игру с озорным Барсучком, пока совсем не устал.",+1 POSITIVE,0 NEUTRAL,+1 POSITIVE,игра как любимое и радостное занятие,B-12,True,A,ADJ,2026-07-08
C1021,RUS-T_long_01,Sentiment_label,— Ха-ха-ха!,— Ха-ха-ха!,-1 NEGATIVE,+1 POSITIVE,+1 POSITIVE,восклицание с явным маркером радости,B-2,False,B,ADJ,2026-07-08
C1022,RUS-T_long_01,Sentiment_label,Вечно ты думаешь о всяких человеческих глупостях!,Вечно ты думаешь о всяких человеческих глупостях!,-1 NEGATIVE,+1 POSITIVE,+1 POSITIVE,дружеское поддразнивание без негатива,B-8,True,B,ADJ,2026-07-08
C1023,RUS-T_long_01,Sentiment_label,Хи-хи-хи!,Хи-хи-хи!,-1 NEGATIVE,+1 POSITIVE,+1 POSITIVE,смех как явный маркер радости,B-2,False,B,ADJ,2026-07-08
C1024,RUS-T_long_01,Sentiment_label,Ха-ха-ха!,Ха-ха-ха!,-1 NEGATIVE,+1 POSITIVE,+1 POSITIVE,смех как явный маркер радости,B-2,False,B,ADJ,2026-07-08
C1025,RUS-T_long_01,Sentiment_label,Новый год!,Новый год!,-1 NEGATIVE,+1 POSITIVE,+1 POSITIVE,«Новый год!» как маркер радости и праздника,B-2,False,B,ADJ,2026-07-08
C1026,RUS-T_long_01,Sentiment_label,Дед Мороз!,Дед Мороз!,-1 NEGATIVE,+1 POSITIVE,+1 POSITIVE,маркер радости и праздника,B-2,False,B,ADJ,2026-07-08
C1027,RUS-T_long_01,Sentiment_label,"Лисёнок смущённо отвернулся, а потом сердито сказал: / — Вот увидишь — в этом году Дед Мороз придёт и к нам, в лес!","Лисёнок смущённо отвернулся, а потом сердито сказал:

— Вот увидишь — в этом году Дед Мороз придёт и к нам, в лес!",0 NEUTRAL,-1 NEGATIVE,-1 NEGATIVE,прямое указание на негативные эмоциональные состояния,B-17,True,B,ADJ,2026-07-08
C1028,RUS-T_long_01,Sentiment_label,"Потому что... потому что у меня есть идея, как его пригласить!","Потому что... потому что у меня есть идея, как его пригласить!",+1 POSITIVE,0 NEUTRAL,+1 POSITIVE,оптимистичное заявление о наличии идеи как позитивная эмоция,B-12,True,A,ADJ,2026-07-08
C1029,RUS-T_long_01,Sentiment_label,"Воздух вокруг звенел от мороза, но малыш усердно копал снег, выводя на нём красивый узор по кругу.","Воздух вокруг звенел от мороза, но малыш усердно копал снег, выводя на нём красивый узор по кругу.",+1 POSITIVE,0 NEUTRAL,+1 POSITIVE,"наличие положительных оценочных признаков («красивый узор», «довольный»)",B-6,True,A,ADJ,2026-07-08
C1030,RUS-T_long_01,Sentiment_label,"Спустя какое-то время он рассматривал его, довольный своей работой, и принимался копать дальше.","Спустя какое-то время он рассматривал его, довольный своей работой, и принимался копать дальше.",+1 POSITIVE,0 NEUTRAL,+1 POSITIVE,удовлетворение от результатов любимого занятия,B-12,True,A,ADJ,2026-07-08
C1031,RUS-T_long_01,Sentiment_label,Подобными фигурами Лисёнок украсил весь лес.,Подобными фигурами Лисёнок украсил весь лес.,+1 POSITIVE,0 NEUTRAL,+1 POSITIVE,творчество как источник радости,B-12,True,A,ADJ,2026-07-08
C1032,RUS-T_long_01,Sentiment_label,"— Ну, не думаю, что этот зверь был таким уж жутким! / — улыбнулась Мама Лиса, появившаяся из норы, и под-мигнула своему Лисёнку.","— Ну, не думаю, что этот зверь был таким уж жутким! — улыбнулась Мама Лиса, появившаяся из норы, и под-мигнула своему Лисёнку.",+1 POSITIVE,0 NEUTRAL,+1 POSITIVE,проявление поддержки и утешения через улыбку и подмигивание,B-16,True,A,ADJ,2026-07-08
C1033,RUS-T_long_01,Sentiment_label,"— Дорогие синицы, может быть, вы мне поможете?","— Дорогие синицы, может быть, вы мне поможете?",0 NEUTRAL,+1 POSITIVE,+1 POSITIVE,просьба о помощи в доброжелательной форме,B-7,True,B,ADJ,2026-07-08
C1034,RUS-T_long_01,Sentiment_label,Птицы закивали и мгновенно улетели.,Птицы закивали и мгновенно улетели.,+1 POSITIVE,0 NEUTRAL,+1 POSITIVE,коллективное согласие и начало действия для помощи другому,B-22,True,A,ADJ,2026-07-08
C1035,RUS-T_long_01,Sentiment_label,Спустя час они уже щебетали по всему лесу: / — Внимание!,"Спустя час они уже щебетали по всему лесу:
— Внимание!",0 NEUTRAL,+1 POSITIVE,+1 POSITIVE,коллективное согласие и начало действия для помощи другому,B-22,True,B,ADJ,2026-07-08
C1036,RUS-T_long_01,Sentiment_label,"На следующий день Лисёнок, едва дождавшись вечера, помчался к месту встречи и замер.","На следующий день Лисёнок, едва дождавшись вечера, помчался к месту встречи и замер.",+1 POSITIVE,0 NEUTRAL,+1 POSITIVE,предвкушение встречи и праздника как позитивная эмоция,B-12,True,A,ADJ,2026-07-08
C1037,RUS-T_long_01,Sentiment_label,Кормушка буквально ломилась от еды!,Кормушка буквально ломилась от еды!,+1 POSITIVE,0 NEUTRAL,+1 POSITIVE,совместное действие ради помощи,B-22,True,A,ADJ,2026-07-08
C1038,RUS-T_long_01,Sentiment_label,"«Интересно, что скажут об этом звери?» / — подумал Лисёнок.","«Интересно, что скажут об этом звери?» — подумал Лисёнок.",+1 POSITIVE,0 NEUTRAL,+1 POSITIVE,"любопытство, желание принятия",B-7,True,A,ADJ,2026-07-08
C1039,RUS-T_long_01,Sentiment_label,"Семья Барсуков, Косуля с Оленёнком, стая птиц, трусливый Заяц, Белка, мудрая Сова, Олени, а также Мама Лиса и всё семейство Лис, прибывших недавно, — все пришли.","Семья Барсуков, Косуля с Оленёнком, стая птиц, трусливый Заяц, Белка, мудрая Сова, Олени, а также Мама Лиса и всё семейство Лис, прибывших недавно, — все пришли.",+1 POSITIVE,0 NEUTRAL,+1 POSITIVE,коллективное действие,B-22,True,A,ADJ,2026-07-08
C1040,RUS-T_long_01,Sentiment_label,"Да-да, и Лисичка тоже.","Да-да, и Лисичка тоже.",+1 POSITIVE,0 NEUTRAL,+1 POSITIVE,коллективное действие,B-22,True,A,ADJ,2026-07-08
C1041,RUS-T_long_01,Sentiment_label,Даже дедушка Сонь — лесная соня — прервал ради такого дела свою зимнюю спячку.,Даже дедушка Сонь — лесная соня — прервал ради такого дела свою зимнюю спячку.,+1 POSITIVE,0 NEUTRAL,+1 POSITIVE,коллективное действие,B-22,True,A,ADJ,2026-07-08
C1042,RUS-T_long_01,Sentiment_label,"— Может быть, он уже приходил и принёс нам угощение?","— Может быть, он уже приходил и принёс нам угощение?",+1 POSITIVE,0 NEUTRAL,+1 POSITIVE,предвкушение подарков и угощения как позитивная эмоция,B-12,True,A,ADJ,2026-07-08
C1043,RUS-T_long_01,Sentiment_label,В тот же миг звери принялись за угощение.,В тот же миг звери принялись за угощение.,+1 POSITIVE,0 NEUTRAL,+1 POSITIVE,совместное действие ради помощи/поддержки,B-22,True,A,ADJ,2026-07-08
C1044,RUS-T_long_01,Sentiment_label,"Вдруг из-за облаков выплыла луна и осветила всех, кто находился на поляне.","Вдруг из-за облаков выплыла луна и осветила всех, кто находился на поляне.",+1 POSITIVE,0 NEUTRAL,+1 POSITIVE,"наличие положительных образов (свет луны, волшебство)",B-6,True,A,ADJ,2026-07-08
C1045,RUS-T_long_01,Sentiment_label,"Лес заблестел, засверкал и засиял, словно по волшебству.","Лес заблестел, засверкал и засиял, словно по волшебству.",+1 POSITIVE,0 NEUTRAL,+1 POSITIVE,"наличие положительных образов (свет луны, волшебство)",B-6,True,A,ADJ,2026-07-08
C1046,RUS-T_long_01,Sentiment_label,"Поразились и остальные, а потом на поляне стало совсем тихо.","Поразились и остальные, а потом на поляне стало совсем тихо.",+1 POSITIVE,0 NEUTRAL,+1 POSITIVE,описание волшебного момента,B-6,True,A,ADJ,2026-07-08
C1047,RUS-T_long_01,Sentiment_label,"Неожиданно в роще что-то зашелестело, и стал слышен ясный, нежный и светлый звон.","Неожиданно в роще что-то зашелестело, и стал слышен ясный, нежный и светлый звон.",+1 POSITIVE,0 NEUTRAL,+1 POSITIVE,описание волшебного момента,B-6,True,A,ADJ,2026-07-08
C1048,RUS-T_long_02,NER_label,сынок,сынок,PER_ROLE,PER_FAMILY,PER_FAMILY,обычное слово родства,A-5,False,A,ADJ,2026-07-09
C1049,RUS-T_long_02,NER_label,родственнику,родственнику,PER_FAMILY,PER_ROLE,PER_ROLE,PER_FAMILY только для стандартных терминов родства с явной привязкой к конкретной семье,A-5,False,B,ADJ,2026-07-09
C1050,RUS-T_long_02,NER_missed_by_B,ребята,,PER_ROLE,,PER_ROLE,обобщённые группы без привязки к конкретной семье,A-5,False,A,ADJ,2026-07-09
C1051,RUS-T_long_02,NER_missed_by_B,господа,,PER_ROLE,,PER_ROLE,"слова, обозначающие социальные роли и статусы",A-11,True,A,ADJ,2026-07-09
C1052,RUS-T_long_02,NER_missed_by_B,птиц,,PER_ROLE,,PER_ROLE,животные как общий вид или категория без уникальных имён,A-3,False,A,ADJ,2026-07-09
C1053,RUS-T_long_02,NER_missed_by_B,папы,,PER_FAMILY,,PER_FAMILY,обычное слово родства,A-4,False,A,ADJ,2026-07-09
C1054,RUS-T_long_02,NER_missed_by_A,,Солнце,,PER_ROLE,PER_ROLE,персонифицированные объекты природы без уникальных имён,A-3,False,B,ADJ,2026-07-09
C1055,RUS-T_long_02,NER_missed_by_A,,Усталый,,PER_ROLE,keep A,"недостаточная разметка, прилагательное без существительное",A-8,False,A,ADJ,2026-07-09
C1056,RUS-T_long_02,NER_missed_by_A,,недовольный,,PER_ROLE,keep A,"недостаточная разметка, прилагательное без существительного",A-8,False,A,ADJ,2026-07-09
C1057,RUS-T_long_02,NER_missed_by_A,,маленькую,,PER_ROLE,keep A,"недостаточная разметка, прилагательное без существительного",A-8,False,A,ADJ,2026-07-09
C1058,RUS-T_long_02,NER_missed_by_A,,маленькую,,PER_ROLE,keep A,"недостаточная разметка, прилагательное без существительного",A-8,False,A,ADJ,2026-07-09
C1059,RUS-T_long_02,NER_missed_by_A,,старого,,PER_ROLE,keep A,"недостаточная разметка, однословное прилагательное без существительного",A-8,False,A,ADJ,2026-07-09
C1060,RUS-T_long_02,NER_missed_by_A,,престарого,,PER_ROLE,keep A,"недостаточная разметка, однословное прилагательное без существительного",A-8,False,A,ADJ,2026-07-09
C1061,RUS-T_long_02,NER_missed_by_A,,старую,,PER_ROLE,keep A,"недостаточная разметка, прилагательное без существительного",A-8,False,A,ADJ,2026-07-09
C1062,RUS-T_long_02,NER_missed_by_A,,развалину,,PER_ROLE,keep A,"элементы, не образующие самостоятельной именной группы для идентификации персонажа",A-10,True,A,ADJ,2026-07-09
C1063,RUS-T_long_02,NER_missed_by_A,,незнакомый,,PER_ROLE,keep A,"прилагательные, не образующие самостоятельной именной группы",A-10,False,A,ADJ,2026-07-09
C1064,RUS-T_long_02,NER_missed_by_A,,могучая,,PER_ROLE,keep A,"прилагательные, не образующие самостоятельной именной группы, не являются сущностями",A-10,True,A,ADJ,2026-07-09
C1065,RUS-T_long_02,NER_missed_by_A,,прекрасная,,PER_ROLE,keep A,"прилагательные, не образующие самостоятельной именной группы, не являются сущностями",A-10,True,A,ADJ,2026-07-09
C1066,RUS-T_long_02,NER_missed_by_A,,дальнему,,PER_ROLE,keep A,"прилагательные, не образующие самостоятельной именной группы, не являются сущностями",A-10,True,A,ADJ,2026-07-09
C1067,RUS-T_long_02,NER_missed_by_A,,Ужу,,PER_ROLE,PER_NAME,"животные, выступающие как конкретные персонажи с уникальным именем",A-3,False,neither,ADJ,2026-07-09
C1068,RUS-T_long_02,NER_missed_by_A,,Папа,,PER_FAMILY,PER_FAMILY,обычное слово родства,A-4,False,B,ADJ,2026-07-09
C1069,RUS-T_long_02,NER_missed_by_A,,бабочку,,PER_ROLE,PER_ROLE,животные/насекомые как общий вид или категория без уникальных имён,A-3,False,B,ADJ,2026-07-09
C1070,RUS-T_long_02,NER_missed_by_A,,бабочку,,PER_ROLE,PER_ROLE,животные/насекомые как общий вид или категория без уникальных имён,A-3,False,B,ADJ,2026-07-09
C1071,RUS-T_long_02,NER_missed_by_A,,Медведь,,PER_ROLE,PER_ROLE,"животные, выступающие как конкретные персонажи с индивидуальными чертами, но без уникального имени",A-3,False,B,ADJ,2026-07-09
C1072,RUS-T_long_02,NER_missed_by_A,,Папочка,,PER_FAMILY,PER_FAMILY,стандартное слово родства,A-4,False,B,ADJ,2026-07-09
C1073,RUS-T_long_02,NER_missed_by_A,,довольные,,PER_ROLE,keep A,"недостаточная разметка, прилагательное без существительного",A-8,False,A,ADJ,2026-07-09
C1074,RUS-T_long_02,NER_missed_by_A,,бодрые,,PER_ROLE,keep A,"недостаточная разметка, однословное прилагательное без существительного",A-8,False,A,ADJ,2026-07-09
C1075,RUS-T_long_02,NER_missed_by_A,,хорошие,,PER_ROLE,keep A,"недостаточная разметка, однословное прилагательное без существительного",A-8,False,A,ADJ,2026-07-09
C1076,RUS-T_long_02,NER_missed_by_A,,леса,,PER_ROLE,keep A,"обобщённые нарицательные существительные, обозначающие места без уникальных названий",A-10,True,A,ADJ,2026-07-09
C1077,RUS-T_long_02,Sentiment_label,"— Скажи-ка, сынок, у тебя есть рецепт удачного дня? / — спросил папа-Медведь.","— Скажи-ка, сынок, у тебя есть рецепт удачного дня? — спросил папа-Медведь.",+1 POSITIVE,0 NEUTRAL,+1 POSITIVE,"тёплое, игровое обращение отца к сыну как проявление близости",B-7,True,A,ADJ,2026-07-09
C1078,RUS-T_long_02,Sentiment_label,Медвежонок широко улыбнулся:,Медвежонок широко улыбнулся:,+1 POSITIVE,0 NEUTRAL,+1 POSITIVE,"восклицательный знак в следующей реплике подтверждает радостный настрой, но сам сегмент уже содержит маркер позитива",B-2,False,A,ADJ,2026-07-09
C1079,RUS-T_long_02,Sentiment_label,"— Да, это неплохой способ.","— Да, это неплохой способ.",0 NEUTRAL,+1 POSITIVE,+1 POSITIVE,общий вектор эпизода — позитивный,B-3,False,B,ADJ,2026-07-09
C1080,RUS-T_long_02,Sentiment_label,"— Как ты думаешь, папа, мы можем пойти и прямо сейчас обнять нашего соседа Бобра?","— Как ты думаешь, папа, мы можем пойти и прямо сейчас обнять нашего соседа Бобра?",0 NEUTRAL,+1 POSITIVE,+1 POSITIVE,предложение обнять кого-то как проявление доброты и близости,B-7,True,B,ADJ,2026-07-09
C1081,RUS-T_long_02,Sentiment_label,"По дороге отец и сын восхищались лесом, пробуждающимся от зимнего сна, размышляли, живут ли на других планетах медведи, чем-то похожие на них, и даже спорили, что лучше — быть отцом такого бойкого и смышлёного сына или сыном такого мудрого и сильного папы.","По дороге отец и сын восхищались лесом, пробуждающимся от зимнего сна, размышляли, живут ли на других планетах медведи, чем-то похожие на них, и даже спорили, что лучше — быть отцом такого бойкого и смышлёного сына или сыном такого мудрого и сильного папы.",+1 POSITIVE,0 NEUTRAL,+1 POSITIVE,наличие положительных оценочных признаков,B-6,True,A,ADJ,2026-07-09
C1082,RUS-T_long_02,Sentiment_label,"Но они добрались до домика Бобра раньше, чем подошёл к концу этот увлекательный разговор.","Но они добрались до домика Бобра раньше, чем подошёл к концу этот увлекательный разговор.",+1 POSITIVE,0 NEUTRAL,+1 POSITIVE,увлекательное общение как источник радости,B-12,True,A,ADJ,2026-07-09
C1083,RUS-T_long_02,Sentiment_label,"Сделав напоследок изящный пируэт, Медведь воскликнул:","Сделав напоследок изящный пируэт, Медведь воскликнул:",+1 POSITIVE,0 NEUTRAL,+1 POSITIVE,"игривое, театральное действие как проявление радости",B-12,True,A,ADJ,2026-07-09
C1084,RUS-T_long_02,Sentiment_label,"Бобёр ничего не понял, но ему хотелось поскорее вернуться к прерванным делам.","Бобёр ничего не понял, но ему хотелось поскорее вернуться к прерванным делам.",-1 NEGATIVE,0 NEUTRAL,-1 NEGATIVE,непонимание и желание прервать общение без позитивного разрешения,B-4,False,A,ADJ,2026-07-09
C1085,RUS-T_long_02,Sentiment_label,"Они были уже в двух шагах от дороги, ведущей прямо к дому, как вдруг Медвежонок дернул отца за лапу и предложил: / — Тогда пойдём и обнимем кого-нибудь ещё!","Они были уже в двух шагах от дороги, ведущей прямо к дому, как вдруг Медвежонок дернул отца за лапу и предложил:
— Тогда пойдём и обнимем кого-нибудь ещё!",0 NEUTRAL,+1 POSITIVE,+1 POSITIVE,предложение совместного доброго действия,B-22,True,B,ADJ,2026-07-09
C1086,RUS-T_long_02,Sentiment_label,"Уютно устроившись в кресле-качалке, Ласка читала захватывающий роман.","Уютно устроившись в кресле-качалке, Ласка читала захватывающий роман.",+1 POSITIVE,0 NEUTRAL,+1 POSITIVE,наличие положительных оценочных признаков,B-6,True,A,ADJ,2026-07-09
C1087,RUS-T_long_02,Sentiment_label,"И вдруг совсем рядом раздался незнакомый голос: / — Извините, можно вас обнять?","И вдруг совсем рядом раздался незнакомый голос:
— Извините, можно вас обнять?",-1 NEGATIVE,+1 POSITIVE,+1 POSITIVE,вежливая просьба об объятии как проявление доброты и желания близости,B-7,True,B,ADJ,2026-07-09
C1088,RUS-T_long_02,Sentiment_label,От неожиданности Ласка свалилась на землю.,От неожиданности Ласка свалилась на землю.,-1 NEGATIVE,0 NEUTRAL,-1 NEGATIVE,падение как проявление беспомощности/испуга,B-13,True,A,ADJ,2026-07-09
C1089,RUS-T_long_02,Sentiment_label,"— Ну нельзя же так, ребята.","— Ну нельзя же так, ребята.",-1 NEGATIVE,0 NEUTRAL,-1 NEGATIVE,негативная эмоция без позитивного разрешения в том же сегменте,B-4,False,A,ADJ,2026-07-09
C1090,RUS-T_long_02,Sentiment_label,У меня чуть сердце от страха не выскочило!,У меня чуть сердце от страха не выскочило!,-1 NEGATIVE,0 NEUTRAL,-1 NEGATIVE,прямое называние страха через фразеологизм,B-17,True,A,ADJ,2026-07-09
C1091,RUS-T_long_02,Sentiment_label,Медвежонок извинился.,Медвежонок извинился.,-1 NEGATIVE,0 NEUTRAL,+1 POSITIVE,извинение как проявление добрых намерений и заботы,B-16,True,neither,ADJ,2026-07-09
C1092,RUS-T_long_02,Sentiment_label,"Когда они уходили, Ласка всё ещё держалась за сердце.","Когда они уходили, Ласка всё ещё держалась за сердце.",+1 POSITIVE,0 NEUTRAL,+1 POSITIVE,"жест, который кажется нейтральным, переосмысляется в позитивном ключе через следующий контекст",B-3,False,A,ADJ,2026-07-09
C1093,RUS-T_long_02,Sentiment_label,"До сих пор они были абсолютно уверены в том, что медведи едят мёд.","До сих пор они были абсолютно уверены в том, что медведи едят мёд.",-1 NEGATIVE,0 NEUTRAL,-1 NEGATIVE,негативная эмоция без позитивного разрешения в том же сегменте,B-4,False,A,ADJ,2026-07-09
C1094,RUS-T_long_02,Sentiment_label,"— Конечно, угощайтесь, / — покорно пробормотали они.","— Конечно, угощайтесь, — покорно пробормотали они.",-1 NEGATIVE,0 NEUTRAL,-1 NEGATIVE,прямое указание на негативное эмоциональное состояние,B-17,True,A,ADJ,2026-07-09
C1095,RUS-T_long_02,Sentiment_label,"— Если хотите, можете вообще всё съесть.","— Если хотите, можете вообще всё съесть.",-1 NEGATIVE,0 NEUTRAL,-1 NEGATIVE,негативная эмоция без позитивного разрешения,B-4,False,A,ADJ,2026-07-09
C1096,RUS-T_long_02,Sentiment_label,"Медведь поблагодарил зайцев, схватил ближайшую морковку, отряхнул её и слопал целиком.","Медведь поблагодарил зайцев, схватил ближайшую морковку, отряхнул её и слопал целиком.",+1 POSITIVE,0 NEUTRAL,+1 POSITIVE,выражение благодарности как проявление добрых намерений,B-16,True,A,ADJ,2026-07-09
C1097,RUS-T_long_02,Sentiment_label,"— Не знаю, как тебе, сынок, а мне морковь не понравилась","— Не знаю, как тебе, сынок, а мне морковь не понравилась.",-1 NEGATIVE,0 NEUTRAL,-1 NEGATIVE,прямое называние негативной оценки,B-17,True,A,ADJ,2026-07-09
C1098,RUS-T_long_02,Sentiment_label,— Мне тоже.,— Мне тоже.,-1 NEGATIVE,0 NEUTRAL,-1 NEGATIVE,итоговая эмоция определяется общим эмоциональным направлением,B-3,False,A,ADJ,2026-07-09
C1099,RUS-T_long_02,Sentiment_label,"— Правда-правда, вам не нравится морковь?","— Правда-правда, вам не нравится морковь?",+1 POSITIVE,0 NEUTRAL,+1 POSITIVE,радость от избавления от страха,B-12,True,A,ADJ,2026-07-09
C1100,RUS-T_long_02,Sentiment_label,Медведи так и сделали.,Медведи так и сделали.,0 NEUTRAL,+1 POSITIVE,+1 POSITIVE,выполнение доброй просьбы как акт доброты и поддержки,B-22,True,B,ADJ,2026-07-09
C1101,RUS-T_long_02,Sentiment_label,Усталый и недовольный Волк стоял за деревом и точил когти.,Усталый и недовольный Волк стоял за деревом и точил когти.,-1 NEGATIVE,0 NEUTRAL,-1 NEGATIVE,описание напряжения и недовольства,B-18,True,A,ADJ,2026-07-09
C1102,RUS-T_long_02,Sentiment_label,"— К сожалению, не видели.","— К сожалению, не видели.",-1 NEGATIVE,0 NEUTRAL,-1 NEGATIVE,прямое называние сожаления,B-17,True,A,ADJ,2026-07-09
C1103,RUS-T_long_02,Sentiment_label,"Окинув их недоверчивым взглядом, Волк неуверенно произнёс: / — Ладно, обнимайте.","Окинув их недоверчивым взглядом, Волк неуверенно произнёс:
— Ладно, обнимайте.",-1 NEGATIVE,+1 POSITIVE,+1 POSITIVE,согласие на объятие как принятие доброты и близости,B-7,True,B,ADJ,2026-07-09
C1104,RUS-T_long_02,Sentiment_label,"Только без панибратства, пожалуйста.","Только без панибратства, пожалуйста.",0 NEUTRAL,+1 POSITIVE,+1 POSITIVE,даже с оговоркой Волк принимает доброе действие,B-16,True,B,ADJ,2026-07-09
C1105,RUS-T_long_02,Sentiment_label,"Он был так увлечён этими мыслями, что даже не заметил маленькую девочку в красной шапочке, которая, весело напевая что-то себе под нос, пробежала мимо.","Он был так увлечён этими мыслями, что даже не заметил маленькую девочку в красной шапочке, которая, весело напевая что-то себе под нос, пробежала мимо.",+1 POSITIVE,0 NEUTRAL,+1 POSITIVE,наличие положительных оценочных признаков,B-6,True,A,ADJ,2026-07-09
C1106,RUS-T_long_02,Sentiment_label,"Утолив жажду, Медвежонок вежливо поинтересовался у Лося, можно ли его обнять.","Утолив жажду, Медвежонок вежливо поинтересовался у Лося, можно ли его обнять.",+1 POSITIVE,0 NEUTRAL,+1 POSITIVE,вежливая просьба об объятии как проявление доброты и близости,B-7,True,A,ADJ,2026-07-09
C1107,RUS-T_long_02,Sentiment_label,— Мы хотим! / — ответил папа-Медведь.,— Мы хотим! — ответил папа-Медведь.,0 NEUTRAL,+1 POSITIVE,+1 POSITIVE,желание обнять как проявление близости,B-7,True,B,ADJ,2026-07-09
C1108,RUS-T_long_02,Sentiment_label,"— Как вы сюда попали? / — с удивлением воскликнул Медведь, когда они с сыном подошли поближе.","— Как вы сюда попали? — с удивлением воскликнул Медведь, когда они с сыном подошли поближе.",+1 POSITIVE,0 NEUTRAL,0 NEUTRAL,вопросы без маркеров тревоги/страха/радости,B-5,False,B,ADJ,2026-07-09
C1109,RUS-T_long_02,Sentiment_label,"Медведь даже испугался, что они перестарались.","Медведь даже испугался, что они перестарались.",-1 NEGATIVE,0 NEUTRAL,-1 NEGATIVE,прямое называние страха/испуга,B-17,True,A,ADJ,2026-07-09
C1110,RUS-T_long_02,Sentiment_label,"— Папа, смотри, какая гусеница!","— Папа, смотри, какая гусеница!",+1 POSITIVE,0 NEUTRAL,+1 POSITIVE,"восклицание, выражающее радостное удивление и интерес",B-2,False,A,ADJ,2026-07-09
C1111,RUS-T_long_02,Sentiment_label,"Она разноцветная, папа!","Она разноцветная, папа!",+1 POSITIVE,0 NEUTRAL,+1 POSITIVE,"восклицание, выражающее радостное удивление и интерес",B-2,False,A,ADJ,2026-07-09
C1112,RUS-T_long_02,Sentiment_label,"Медведь пригнулся к земле, чтобы получше разглядеть это чудо.","Медведь пригнулся к земле, чтобы получше разглядеть это чудо.",+1 POSITIVE,0 NEUTRAL,+1 POSITIVE,наличие положительных оценочных признаков,B-6,True,A,ADJ,2026-07-09
C1113,RUS-T_long_02,Sentiment_label,"— Ух ты, действительно!","— Ух ты, действительно!",+1 POSITIVE,0 NEUTRAL,+1 POSITIVE,восклицание с явным маркером радости,B-2,False,A,ADJ,2026-07-09
C1114,RUS-T_long_02,Sentiment_label,Как будто кусочек радуги!,Как будто кусочек радуги!,+1 POSITIVE,0 NEUTRAL,+1 POSITIVE,наличие положительных оценочных признаков,B-6,True,A,ADJ,2026-07-09
C1115,RUS-T_long_02,Sentiment_label,"Не могу я на вас отвлекаться, мне нужно срочно сплести кокон и забраться в него.","Не могу я на вас отвлекаться, мне нужно срочно сплести кокон и забраться в него.",-1 NEGATIVE,0 NEUTRAL,0 NEUTRAL,слабо выраженная эмоция без драматизации,B-24,True,B,ADJ,2026-07-09
C1116,RUS-T_long_02,Sentiment_label,— Что значит — «для чего»?,— Что значит — «для чего»?,-1 NEGATIVE,0 NEUTRAL,0 NEUTRAL,"реплики, связанные с непониманием или уточнением информации",B-20,True,B,ADJ,2026-07-09
C1117,RUS-T_long_02,Sentiment_label,"Чтобы превратиться в бабочку, конечно!","Чтобы превратиться в бабочку, конечно!",-1 NEGATIVE,0 NEUTRAL,+1 POSITIVE,важное и радостное событие в жизни персонажа,B-12,True,neither,ADJ,2026-07-09
C1118,RUS-T_long_02,Sentiment_label,— Разрешаю.,— Разрешаю.,0 NEUTRAL,+1 POSITIVE,+1 POSITIVE,согласие на объятие как принятие близости и доброты,B-7,True,B,ADJ,2026-07-09
C1119,RUS-T_long_02,Sentiment_label,"— Папочка, / — шепнул Медвежонок, / — как ты думаешь, его можно обнять?","— Папочка, — шепнул Медвежонок, — как ты думаешь, его можно обнять?",0 NEUTRAL,+1 POSITIVE,+1 POSITIVE,вопрос о возможности обнять как проявление доброты и близости,B-7,True,B,ADJ,2026-07-09
C1120,RUS-T_long_02,Sentiment_label,"— О, конечно, просто на всякий случай! / — с благодарностью выдохнул Охотник, отдавая им ружьё.","— О, конечно, просто на всякий случай! — с благодарностью выдохнул Охотник, отдавая им ружьё.",+1 POSITIVE,0 NEUTRAL,+1 POSITIVE,выражение благодарности как проявление признания добрых намерений,B-16,True,A,ADJ,2026-07-09
C1121,RUS-T_long_02,Sentiment_label,"День клонился к вечеру, а довольные и бодрые медведи шагали домой.","День клонился к вечеру, а довольные и бодрые медведи шагали домой.",+1 POSITIVE,0 NEUTRAL,+1 POSITIVE,наличие положительных оценочных признаков,B-6,True,A,ADJ,2026-07-09
C1122,RUS-T_long_02,Sentiment_label,"— Эй, кто-нибудь, сфотографируйте нас!","— Эй, кто-нибудь, сфотографируйте нас!",+1 POSITIVE,0 NEUTRAL,+1 POSITIVE,восторженная просьба запечатлеть момент как проявление радости,B-12,False,A,ADJ,2026-07-09
C1123,RUS-T_long_02,Sentiment_label,"— В очередь, дети, не все сразу!","— В очередь, дети, не все сразу!",+1 POSITIVE,0 NEUTRAL,+1 POSITIVE,"шутливое, игровое замечание без конфликта и насмешки",B-8,True,A,ADJ,2026-07-09
C1124,RUS-T_long_02,Sentiment_label,— Эй!,— Эй!,+1 POSITIVE,0 NEUTRAL,+1 POSITIVE,дружеский оклик в позитивном контексте,B-2,False,A,ADJ,2026-07-09
C1125,RUS-T_long_02,Sentiment_label,Подождите нас!,Подождите нас!,+1 POSITIVE,0 NEUTRAL,+1 POSITIVE,дружеский оклик в позитивном контексте,B-2,True,A,ADJ,2026-07-09
C1126,RUS-T_long_02,Sentiment_label,"«Похоже, / — подумал он, / — мы обняли вообще всех!»","«Похоже, — подумал он, — мы обняли вообще всех!»",+1 POSITIVE,0 NEUTRAL,+1 POSITIVE,удовлетворение от сделанного доброго дела,B-12,True,A,ADJ,2026-07-10
C1127,RUS-T_long_02,Sentiment_label,— А вот и забыли!,— А вот и забыли!,-1 NEGATIVE,0 NEUTRAL,-1 NEGATIVE,негативная эмоция без позитивного разрешения в том же сегменте,B-4,False,A,ADJ,2026-07-10
C1128,RUS-T_long_02,Sentiment_label,А вот и забыли!,А вот и забыли!,-1 NEGATIVE,0 NEUTRAL,-1 NEGATIVE,негативная эмоция без позитивного разрешения в том же сегменте,B-4,False,A,ADJ,2026-07-10
C1129,RUS-T_long_03,NER_label,детьми,детьми,PER_FAMILY,PER_ROLE,PER_FAMILY,есть явная привязка к конкретной семье,A-5,False,A,ADJ,2026-07-10
C1130,RUS-T_long_03,NER_missed_by_B,малыш,,PER_ROLE,,PER_ROLE,"слова, обозначающие возрастные роли",A-11,True,A,ADJ,2026-07-10
C1131,RUS-T_long_03,NER_missed_by_B,прицеп,,PER_ROLE,,keep B,"Обычные предметы, не являющиеся персонажами, не размечаются",A-3,False,B,ADJ,2026-07-10
C1132,RUS-T_long_03,NER_missed_by_A,,маленький,,PER_ROLE,keep A,"недостаточная разметка, прилагательное без существительного",A-8,False,A,ADJ,2026-07-10
C1133,RUS-T_long_03,NER_missed_by_A,,специального,,PER_ROLE,keep A,"недостаточная разметка, прилагательное без существительного",A-8,False,A,ADJ,2026-07-10
C1134,RUS-T_long_03,NER_missed_by_A,,погрузчика,,PER_ROLE,PER_ROLE,"слова, обозначающие категории транспортных средств без уникальных имён",A-3,False,B,ADJ,2026-07-10
C1135,RUS-T_long_03,NER_missed_by_A,,Маленький,,PER_ROLE,keep A,"недостаточная разметка, однословное прилагательного без существительного",A-8,False,A,ADJ,2026-07-10
C1136,RUS-T_long_03,NER_missed_by_A,,самый,,PER_ROLE,keep A,"недостаточная разметка, прилагательное без существительного",A-8,False,A,ADJ,2026-07-10
C1137,RUS-T_long_03,NER_missed_by_A,,счастливый,,PER_ROLE,keep A,"недостаточная разметка, прилагательное без существительного",A-8,False,A,ADJ,2026-07-10
C1138,RUS-T_long_03,NER_missed_by_A,,хорошим,,PER_ROLE,keep A,"недостаточная разметка, однословное прилагательное без существительного",A-8,False,A,ADJ,2026-07-10
C1139,RUS-T_long_03,NER_missed_by_A,,хороший,,PER_ROLE,keep A,"недостаточная разметка, однословное прилагательное без существительного",A-8,False,A,ADJ,2026-07-10
C1140,RUS-T_long_03,NER_missed_by_A,,огромный,,PER_ROLE,keep A,"недостаточная разметка, однословное прилагательное без существительного",A-8,False,A,ADJ,2026-07-10
C1141,RUS-T_long_03,NER_missed_by_A,,важный,,PER_ROLE,keep A,"недостаточная разметка, однословное прилагательное без существительного",A-8,False,A,ADJ,2026-07-10
C1142,RUS-T_long_03,NER_missed_by_A,,маленький,,PER_ROLE,keep A,"недостаточная разметка, однословное прилагательное без существительного",A-8,False,A,ADJ,2026-07-10
C1143,RUS-T_long_03,NER_missed_by_A,,хозяин,,PER_ROLE,PER_ROLE,"слова, обозначающие социальные роли и статусы",A-11,True,B,ADJ,2026-07-10
C1144,RUS-T_long_03,NER_missed_by_A,,маленький,,PER_ROLE,keep A,"недостаточная разметка, однословное прилагательное без существительного",A-8,False,A,ADJ,2026-07-10
C1145,RUS-T_long_03,NER_missed_by_A,,беднягу,,PER_ROLE,keep A,"это оценочная, эмоциональная характеристика, не являющаяся ролью",A-10,True,A,ADJ,2026-07-10
C1146,RUS-T_long_03,NER_missed_by_A,,большой,,PER_ROLE,keep A,"недостаточная разметка, прилагательное без существительного",A-8,False,A,ADJ,2026-07-10
C1147,RUS-T_long_03,NER_missed_by_A,,разные,,PER_ROLE,keep A,"недостаточная разметка, прилагательное без существительного",A-8,False,A,ADJ,2026-07-10
C1148,RUS-T_long_03,NER_missed_by_A,,огромные,,PER_ROLE,keep A,"недостаточная разметка, прилагательное без существительного",A-8,False,A,ADJ,2026-07-10
C1149,RUS-T_long_03,NER_missed_by_A,,с,,PER_ROLE,keep A,предлоги не являются сущностями,A-10,True,A,ADJ,2026-07-10
C1150,RUS-T_long_03,NER_missed_by_A,,новом,,PER_ROLE,keep A,предлоги не являются сущностями,A-10,False,A,ADJ,2026-07-10
C1151,RUS-T_long_03,NER_missed_by_A,,новый,,PER_ROLE,keep A,"недостаточная разметка, однословное прилагательное без существительного",A-8,False,A,ADJ,2026-07-10
C1152,RUS-T_long_03,NER_missed_by_A,,маленький,,PER_ROLE,keep A,"недостаточная разметка, однословное прилагательное без существительного",A-8,False,A,ADJ,2026-07-10
C1153,RUS-T_long_03,NER_missed_by_A,,великанами,,PER_ROLE,keep A,"образные, метафорические обозначения",A-8,False,A,ADJ,2026-07-10
C1154,RUS-T_long_03,NER_missed_by_A,,краны,,PER_ROLE,PER_ROLE,"недостаточная разметка, должна быть одна сущность - подъемный кран PER_ROLE, вид техники",A-8,False,A,ADJ,2026-07-10
C1155,RUS-T_long_03,NER_missed_by_A,,катки,,PER_ROLE,PER_ROLE,"недостаточная разметка, должна быть одна сущность - дорожные катки PER_ROLE",A-8,False,B,ADJ,2026-07-10
C1156,RUS-T_long_03,NER_missed_by_A,,машины,,PER_ROLE,PER_ROLE,"недостаточная разметка, должна быть одна сущность - пожарные машины PER_ROLE",A-8,False,B,ADJ,2026-07-10
C1157,RUS-T_long_03,NER_missed_by_A,,многотонный,,PER_ROLE,keep A,"недостаточная разметка, однословное прилагательное без существительного",A-8,False,A,ADJ,2026-07-10
C1158,RUS-T_long_03,NER_missed_by_A,,большие,,PER_ROLE,keep A,"недостаточная разметка, однословное прилагательное без существительного",A-8,False,A,ADJ,2026-07-10
C1159,RUS-T_long_03,NER_missed_by_A,,строительная,,PER_ROLE,keep A,"недостаточная разметка, однословное прилагательное без существительного",A-8,False,A,ADJ,2026-07-10
C1160,RUS-T_long_03,NER_missed_by_A,,большие,,PER_ROLE,keep A,"недостаточная разметка, однословное прилагательное без существительного",A-8,False,A,ADJ,2026-07-10
C1161,RUS-T_long_03,NER_missed_by_A,,Большие,,PER_ROLE,keep A,"недостаточная разметка, однословное прилагательное без существительного",A-8,False,A,ADJ,2026-07-10
C1162,RUS-T_long_03,NER_missed_by_A,,маленький,,PER_ROLE,keep A,"недостаточная разметка, однословное прилагательное без существительного",A-8,False,A,ADJ,2026-07-10
C1163,RUS-T_long_03,NER_missed_by_A,,большие,,PER_ROLE,keep A,"недостаточная разметка, однословное прилагательное без существительного",A-8,False,A,ADJ,2026-07-10
C1164,RUS-T_long_03,NER_missed_by_A,,маленький,,PER_ROLE,keep A,"недостаточная разметка, однословное прилагательное без существительного",A-8,False,A,ADJ,2026-07-10
C1165,RUS-T_long_03,NER_missed_by_A,,большие,,PER_ROLE,keep A,"недостаточная разметка, однословное прилагательное без существительного",A-8,False,A,ADJ,2026-07-10
C1166,RUS-T_long_03,NER_missed_by_A,,весёлые,,PER_ROLE,keep A,"недостаточная разметка, однословное прилагательное без существительного",A-8,False,A,ADJ,2026-07-10
C1167,RUS-T_long_03,NER_missed_by_A,,трактор,,PER_ROLE,PER_ROLE,"объекты, обозначающие общий вид/категорию без уникального имени",A-3,False,B,ADJ,2026-07-10
C1168,RUS-T_long_03,NER_missed_by_A,,САМЫЙ,,PER_ROLE,keep A,"недостаточная разметка, прилагательное без существительного",A-8,False,A,ADJ,2026-07-10
C1169,RUS-T_long_03,NER_missed_by_A,,СЧАСТЛИВЫЙ,,PER_ROLE,keep A,"недостаточная разметка, прилагательное без имени существительного",A-8,False,A,ADJ,2026-07-10
C1170,RUS-T_long_03,Sentiment_label,Он умел делать много полезных вещей.,Он умел делать много полезных вещей.,+1 POSITIVE,0 NEUTRAL,+1 POSITIVE,описание полезных дел как источника удовлетворения,B-12,False,A,ADJ,2026-07-10
C1171,RUS-T_long_03,Sentiment_label,"Цепь натянулась, но пень не шелохнулся.","Цепь натянулась, но пень не шелохнулся.",-1 NEGATIVE,0 NEUTRAL,-1 NEGATIVE,описание безуспешного действия и отсутствия результата,B-14,True,A,ADJ,2026-07-10
C1172,RUS-T_long_03,Sentiment_label,"«Сейчас-сейчас», / — подумал Трум и поднатужился ещё немного, но не смог сдвинуться с места и от напряжения даже встал на дыбы.","«Сейчас-сейчас», — подумал Трум и поднатужился ещё немного, но не смог сдвинуться с места и от напряжения даже встал на дыбы.",-1 NEGATIVE,0 NEUTRAL,-1 NEGATIVE,описание безуспешного действия и отсутствия результата,B-14,True,A,ADJ,2026-07-10
C1173,RUS-T_long_03,Sentiment_label,"Управлял трактором фермер Шнукенак, тоже очень важный и довольный.","Управлял трактором фермер Шнукенак, тоже очень важный и довольный.",-1 NEGATIVE,0 NEUTRAL,-1 NEGATIVE,высокомерие и унижение Трума создают негативный фон,B-8,True,A,ADJ,2026-07-10
C1174,RUS-T_long_03,Sentiment_label,"— Но ведь я тоже могу со всем справиться! / — крикнул ему Трум, когда хозяин ушёл","— Но ведь я тоже могу со всем справиться! — крикнул ему Трум, когда хозяин ушёл.",+1 POSITIVE,-1 NEGATIVE,-1 NEGATIVE,крик отчаяния и протеста как выражение негативного эмоционального состояния,B-17,True,B,ADJ,2026-07-10
C1175,RUS-T_long_03,Sentiment_label,"А большой трактор каждое утро выезжал из сарая, а вечером возвращался обратно — по-прежнему самоуверенный и полный сил.","А большой трактор каждое утро выезжал из сарая, а вечером возвращался обратно — по-прежнему самоуверенный и полный сил.",-1 NEGATIVE,0 NEUTRAL,-1 NEGATIVE,самоуверенность новичка в контексте страданий Трума,B-17,True,A,ADJ,2026-07-10
C1176,RUS-T_long_03,Sentiment_label,"«Вот бы поработать вместе с ними», / — подумал Трум.","«Вот бы поработать вместе с ними», — подумал Трум.",+1 POSITIVE,0 NEUTRAL,+1 POSITIVE,мечта о полезной работе как позитивная эмоция,B-12,True,A,ADJ,2026-07-10
C1177,RUS-T_long_03,Sentiment_label,"Обернувшись на прощание, Трум увидел, как новый трактор, довольно урча мотором, увозит фермера в поле.","Обернувшись на прощание, Трум увидел, как новый трактор, довольно урча мотором, увозит фермера в поле.",-1 NEGATIVE,0 NEUTRAL,-1 NEGATIVE,чувство горечи от утраты,B-17,True,A,ADJ,2026-07-10
C1178,RUS-T_long_03,Sentiment_label,Больше Трум не оглядывался.,Больше Трум не оглядывался.,-1 NEGATIVE,0 NEUTRAL,-1 NEGATIVE,горькое прощание без позитивного разрешения в том же сегменте,B-4,False,A,ADJ,2026-07-10
C1179,RUS-T_long_03,Sentiment_label,"И вот наконец маленький трактор услышал напряжённый рёв моторов, грохот и шум, доносившиеся со стройки.","И вот наконец маленький трактор услышал напряжённый рёв моторов, грохот и шум, доносившиеся со стройки.",+1 POSITIVE,0 NEUTRAL,+1 POSITIVE,приближение к новой жизни,B-23,True,A,ADJ,2026-07-10
C1180,RUS-T_long_03,Sentiment_label,Ему просто не терпелось вновь приняться за работу — тем более вместе с такими великанами.,Ему просто не терпелось вновь приняться за работу — тем более вместе с такими великанами.,+1 POSITIVE,0 NEUTRAL,+1 POSITIVE,приближение к новой жизни,B-23,True,A,ADJ,2026-07-10
C1181,RUS-T_long_03,Sentiment_label,"- Я тоже хочу что-нибудь делать, помогать вам.","- Я тоже хочу что-нибудь делать, помогать вам.",+1 POSITIVE,0 NEUTRAL,+1 POSITIVE,выражение желания помогать как проявление добрых намерений,B-16,True,A,ADJ,2026-07-10
C1182,RUS-T_long_03,Sentiment_label,"Я, кажется, слегка намусорил, / — засмеялся самосвал и, весело рыкнув мотором, поехал дальше.","Я, кажется, слегка намусорил, — засмеялся самосвал и, весело рыкнув мотором, поехал дальше.",-1 NEGATIVE,0 NEUTRAL,-1 NEGATIVE,"есть явная насмешка, унижение или эмоциональное страдание персонажа",B-8,True,A,ADJ,2026-07-10
C1183,RUS-T_long_03,Sentiment_label,"Все же он беспрекословно взялся за дело и весь день прилежно сгребал с дороги грязь, которую оставляли за собой большие машины.","Все же он беспрекословно взялся за дело и весь день прилежно сгребал с дороги грязь, которую оставляли за собой большие машины.",+1 POSITIVE,0 NEUTRAL,+1 POSITIVE,усердное выполнение работы как проявление ответственности и трудолюбия,B-12,True,A,ADJ,2026-07-10
C1184,RUS-T_long_03,Sentiment_label,"Он толкал, тянул, пыхтел, и пенёк уже начал поддаваться.","Он толкал, тянул, пыхтел, и пенёк уже начал поддаваться.",+1 POSITIVE,0 NEUTRAL,+1 POSITIVE,приближение к решению проблемы,B-23,True,A,ADJ,2026-07-10
C1185,RUS-T_long_03,Sentiment_label,. Но тут Трум остановился.,Но тут Трум остановился.,+1 POSITIVE,-1 NEGATIVE,-1 NEGATIVE,позитивный прогресс прерывается негативным событием,B-4,False,B,ADJ,2026-07-10
C1186,RUS-T_long_03,Sentiment_label,"Его поливали летние дожди, а потом — осенние ливни.","Его поливали летние дожди, а потом — осенние ливни.",0 NEUTRAL,-1 NEGATIVE,-1 NEGATIVE,описание разрушительного воздействия погоды,B-18,True,B,ADJ,2026-07-10
C1187,RUS-T_long_03,Sentiment_label,"Потом Трума укрыли пёстрые осенние листья, а затем и первый снег.","Потом Трума укрыли пёстрые осенние листья, а затем и первый снег.",0 NEUTRAL,-1 NEGATIVE,-1 NEGATIVE,продолжение процесса упадка,B-14,True,B,ADJ,2026-07-10
C1189,RUS-T_long_03,Sentiment_label,Трум закашлял и зачихал.,Трум закашлял и зачихал.,-1 NEGATIVE,0 NEUTRAL,-1 NEGATIVE,состояние износа,B-14,True,A,ADJ,2026-07-10
C1190,RUS-T_long_03,Sentiment_label,"Он дёргался, хрипел и фыркал — такое бывает, если стоять без дела слишком долго.","Он дёргался, хрипел и фыркал — такое бывает, если стоять без дела слишком долго.",-1 NEGATIVE,0 NEUTRAL,-1 NEGATIVE,описание неисправности как маркер негативного состояния,B-17,True,A,ADJ,2026-07-10
C1191,RUS-T_long_03,Sentiment_label,"Трум заглох было, но потом снова заурчал, довольно и радостно.","Трум заглох было, но потом снова заурчал, довольно и радостно.",+1 POSITIVE,0 NEUTRAL,+1 POSITIVE,возвращение к жизни после долгого простоя,B-23,True,A,ADJ,2026-07-10
C1192,RUS-T_long_03,Sentiment_label,Мальчик быстро взобрался на трактор и уселся к отцу на колени.,Мальчик быстро взобрался на трактор и уселся к отцу на колени.,+1 POSITIVE,0 NEUTRAL,+1 POSITIVE,физическая близость (ребёнок на коленях у отца) как проявление любви и доверия,B-7,True,A,ADJ,2026-07-10
C1193,RUS-T_long_03,Sentiment_label,Труму всё здесь было знакомо.,Труму всё здесь было знакомо.,+1 POSITIVE,0 NEUTRAL,+1 POSITIVE,"описание знакомых, любимых мест",B-12,True,A,ADJ,2026-07-10
C1194,RUS-T_long_03,Sentiment_label,"Потом Трум повернул к озеру, чтобы дети могли там искупаться.","Потом Трум повернул к озеру, чтобы дети могли там искупаться.",+1 POSITIVE,0 NEUTRAL,+1 POSITIVE,"действие, направленное на то, чтобы сделать других счастливыми",B-22,True,A,ADJ,2026-07-10
C1188,RUS-T_long_03,Sentiment_label,Теперь и другие дети заметили трактор.,Теперь и другие дети заметили трактор.,0 NEUTRAL,+1 POSITIVE,+1 POSITIVE,внимание и любовь детей как позитивная эмоция,B-12,True,B,ADJ,2026-07-10
C0752,RUS-O_short_01,NER_missed_by_A,,добрая,,PER_ROLE,keep A,"недостаточная разметка, прилагательное без существительного",A-8,False,A,ADJ,2026-07-16
C0753,RUS-O_short_01,NER_missed_by_A,,родители,,PER_FAMILY,PER_FAMILY,есть явная привязка к конкретной семье,A-5,False,B,ADJ,2026-07-16
C0754,RUS-O_short_01,NER_missed_by_A,,Гадилловне,,PER_NAME,PER_NAME,недостаточная разметка - должна быть одна сущность - Зинаида Гадилловна,A-1,False,neither,ADJ,2026-07-16
C0755,RUS-O_short_01,NER_missed_by_A,,доброй,,PER_ROLE,keep A,"недостаточная разметка, прилагательное без существительного",A-8,False,A,ADJ,2026-07-16
C0756,RUS-O_short_01,NER_missed_by_A,,Добрая,,PER_ROLE,keep A,"недостаточная разметка, прилагательное без существительного",A-8,False,A,ADJ,2026-07-16
C0757,RUS-O_short_01,NER_missed_by_A,,акула,,PER_ROLE,PER_ROLE,"нарицательное существительное, обозначающее класс животных",A-3,False,B,ADJ,2026-07-16
C0758,RUS-O_short_01,NER_missed_by_A,,Добрая,,PER_ROLE,keep A,"недостаточная разметка, прилагательное без существительного",A-8,False,A,ADJ,2026-07-16
C0759,RUS-O_short_01,NER_missed_by_A,,акулу,,PER_ROLE,PER_ROLE,"нарицательное существительное, обозначающее класс животных",A-3,False,B,ADJ,2026-07-16
C0760,RUS-O_short_01,NER_missed_by_A,,планктоном,,PER_ROLE,keep A,"биологический термин, обозначающий тип организмов, но в данном контексте он не является ни персонажем, ни ролью, ни локацией",A-10,True,A,ADJ,2026-07-16
C0761,RUS-O_short_01,NER_missed_by_A,,акулу,,PER_ROLE,PER_ROLE,животные как общий вид или категория без уникальных имён,A-3,False,B,ADJ,2026-07-16
C0762,RUS-O_short_01,NER_missed_by_A,,тетка,,PER_FAMILY,PER_FAMILY,"должна быть одна сущность - двоюродная тетка, стандартное слово родства в контексте конкретной семьи",A-4,False,neither,ADJ,2026-07-16
C0763,RUS-O_short_01,NER_missed_by_A,,акулой,,PER_ROLE,PER_ROLE,животные как общий вид или категория без уникальных имён,A-3,False,B,ADJ,2026-07-16
C0764,RUS-O_short_01,NER_missed_by_A,,добрую,,PER_ROLE,keep A,"недостаточная разметка, прилагательное без существительного",A-8,False,A,ADJ,2026-07-16
C0765,RUS-O_short_01,NER_missed_by_A,,семья,,PER_FAMILY,PER_FAMILY,«семья» в данном контексте обозначает конкретную семью главной героини,A-5,False,B,ADJ,2026-07-16
C0766,RUS-O_short_01,Sentiment_label,Жила-была добрая акула.,Жила-была добрая акула / Жила-была добрая акула.,+1 POSITIVE,0 NEUTRAL,+1 POSITIVE,наличие положительных оценочных признаков («добрая»),B-6,True,A,ADJ,2026-07-16
C0767,RUS-O_short_01,Sentiment_label,"Каждый день ей говорили: видишь, человек плывет — хватай за ногу!","Каждый день ей говорили: видишь, человек плывет — хватай за ногу! / Каждый день ей говорили: видишь, человек плывет — хватай за ногу!",-1 NEGATIVE,0 NEUTRAL,-1 NEGATIVE,описание агрессивных действий и призывов к насилию,B-18,True,A,ADJ,2026-07-16
C0768,RUS-O_short_01,Sentiment_label,"Видишь, птица села на воду — глотай ее не жуя!","Видишь, птица села на воду — глотай ее не жуя! / Видишь, птица села на воду — глотай ее не жуя!",-1 NEGATIVE,0 NEUTRAL,-1 NEGATIVE,описание агрессивных действий и призывов к насилию,B-18,True,A,ADJ,2026-07-16
C0769,RUS-O_short_01,Sentiment_label,Тогда решили отдать ее в школу к самой злой учительнице — Зинаиде Гадилловне.,Тогда решили отдать ее в школу к самой злой учительнице — Зинаиде Гадилловне. / Тогда решили отдать ее в школу к самой злой учительнице — Зинаиде Гадилловне.,-1 NEGATIVE,0 NEUTRAL,-1 NEGATIVE,враждебное окружение как источник давления,B-18,True,A,ADJ,2026-07-16
C0770,RUS-O_short_01,Sentiment_label,"«Это потому, что она у нас одна», / — оправдывались родители.","«Это потому, что она у нас одна», / «Это потому, что она у нас одна», — оправдывались родители. / — оправдывались родители.",-1 NEGATIVE,0 NEUTRAL,-1 NEGATIVE,оправдание как проявление неуверенности и чувства вины,B-17,True,A,ADJ,2026-07-16
C0771,RUS-O_short_01,Sentiment_label,"Стала она думать, как ей быть, — и заснула.","Стала она думать, как ей быть, — и заснула.",-1 NEGATIVE,0 NEUTRAL,-1 NEGATIVE,негативная эмоция без позитивного разрешения,B-4,False,A,ADJ,2026-07-16
C0772,RUS-O_short_01,Sentiment_label,"Так она узнала, что есть разные акулы: акула-молот, акула-бык, тигровая акула, зебровая, лисья, плащеносная и даже акула-гоблин (но мы ее не стали здесь рисовать, потому что боимся)!","Так она узнала, что есть разные акулы: акула-молот, акула-бык, тигровая акула, зебровая, лисья, плащеносная и даже акула-гоблин (но мы ее не стали здесь рисовать, потому что боимся)!",-1 NEGATIVE,0 NEUTRAL,-1 NEGATIVE,прямое называние страха («потому что боимся»),B-17,True,A,ADJ,2026-07-16
C0773,RUS-O_short_01,Sentiment_label,"«С другой стороны / — сказал папа, / — это все-таки наш ребенок».","«С другой стороны / «С другой стороны — сказал папа, — это все-таки наш ребенок». / — сказал папа, / — это все-таки наш ребенок».",+1 POSITIVE,0 NEUTRAL,+1 POSITIVE,принятие и любовь к ребёнку как проявление добрых намерений,B-16,True,A,ADJ,2026-07-16
C0774,RUS-O_short_01,Sentiment_label,С сентября добрую акулу отправили в новую школу,С сентября добрую акулу отправили в новую школу.,+1 POSITIVE,0 NEUTRAL,+1 POSITIVE,"начало новой, более счастливой главы",B-23,True,A,ADJ,2026-07-16
C0775,RUS-O_short_01,Sentiment_label,Но виду не показывал.,Но виду не показывал.,+1 POSITIVE,0 NEUTRAL,+1 POSITIVE,скрытие своих чувств ради благополучия ребёнка как проявление любви,B-16,True,A,ADJ,2026-07-16
C0776,RUS-O_short_01,Sentiment_label,И все время думал: чего только не сделаешь ради детей.,И все время думал: чего только не сделаешь ради детей.,+1 POSITIVE,0 NEUTRAL,+1 POSITIVE,размышление о готовности делать всё ради детей как проявление любви и заботы,B-16,True,A,ADJ,2026-07-16
C0777,RUS-O_short_02,NER_missed_by_B,лесной ушастик,,PER_ROLE,,PER_ROLE,заменимо на обобщённое описание без потери смысла,A-1,False,A,ADJ,2026-07-16
C0778,RUS-O_short_02,NER_missed_by_A,,друзей,,PER_ROLE,PER_ROLE,"слова, обозначающие устойчивые социальные отношения персонажей",A-9,True,B,ADJ,2026-07-16
C0779,RUS-O_short_02,NER_missed_by_A,,воришку,,PER_ROLE,PER_ROLE,"слова, обозначающие функциональные роли",A-11,True,B,ADJ,2026-07-16
C0780,RUS-O_short_02,NER_missed_by_A,,Лесным,,PER_ROLE,keep A,"недостаточная разметка, существительное без прилагательного",A-8,False,A,ADJ,2026-07-16
C0781,RUS-O_short_02,NER_missed_by_A,,друзьям,,PER_ROLE,PER_ROLE,"слова, обозначающие устойчивые социальные отношения персонажей",A-9,True,B,ADJ,2026-07-16
C0782,RUS-O_short_02,NER_missed_by_A,,друзей,,PER_ROLE,PER_ROLE,"слова, обозначающие устойчивые социальные отношения персонажей",A-9,True,B,ADJ,2026-07-16
C0783,RUS-O_short_02,NER_missed_by_A,,друзья,,PER_ROLE,PER_ROLE,"слова, обозначающие устойчивые социальные отношения персонажей",A-9,True,B,ADJ,2026-07-16
C0784,RUS-O_short_02,NER_missed_by_A,,друзья,,PER_ROLE,PER_ROLE,"слова, обозначающие устойчивые социальные отношения персонажей",A-9,True,B,ADJ,2026-07-16
C0785,RUS-O_short_02,NER_missed_by_A,,лесные,,PER_ROLE,keep A,"недостаточная разметка, прилагательное без существительного",A-8,False,A,ADJ,2026-07-16
C0786,RUS-O_short_02,NER_missed_by_A,,друзья,,PER_ROLE,PER_ROLE,"слова, обозначающие устойчивые социальные отношения персонажей",A-9,True,B,ADJ,2026-07-16
C0787,RUS-O_short_02,Sentiment_label,Зайчишка очень любил морковку,Зайчишка очень любил морковку.,+1 POSITIVE,0 NEUTRAL,+1 POSITIVE,"высказывания, описывающие любимое занятие, привычку или место персонажа",B-12,True,A,ADJ,2026-07-16
C0788,RUS-O_short_02,Sentiment_label,"Каждую весну он сажал и выращивал целый большой огород, а потом, летом и осенью, собирал урожай и звал друзей на вкусные обеды.","Каждую весну он сажал и выращивал целый большой огород, а потом, летом и осенью, собирал урожай и звал друзей на вкусные обеды.",+1 POSITIVE,0 NEUTRAL,+1 POSITIVE,"наличие положительных оценочных признаков («большой», «вкусные»)",B-6,True,A,ADJ,2026-07-16
C0789,RUS-O_short_02,Sentiment_label,"Отчаялся наш лесной ушастик и позвал к себе друзей, чтобы обсудить с ними пропажу морковок.","Отчаялся наш лесной ушастик и позвал к себе друзей, чтобы обсудить с ними пропажу морковок.",-1 NEGATIVE,0 NEUTRAL,-1 NEGATIVE,прямое называние негативного состояния,B-17,True,A,ADJ,2026-07-16
C0790,RUS-O_short_02,Sentiment_label,А потом Ёжик кое-что придумал.,А потом Ёжик кое-что придумал.,0 NEUTRAL,+1 POSITIVE,+1 POSITIVE,творческое решение как позитивная эмоция,B-12,True,B,ADJ,2026-07-16
C0791,RUS-O_short_02,Sentiment_label,Так они и поступили.,Так они и поступили.,+1 POSITIVE,0 NEUTRAL,+1 POSITIVE,коллективное действие по выполнению общего плана,B-22,True,A,ADJ,2026-07-16
C0792,RUS-O_short_02,Sentiment_label,Каждый вырастил по грядке морковки и собрал урожай.,Каждый вырастил по грядке морковки и собрал урожай.,+1 POSITIVE,0 NEUTRAL,+1 POSITIVE,коллективное действие по выполнению общего плана,B-22,True,A,ADJ,2026-07-16
C0793,RUS-O_short_02,Sentiment_label,В этом году Лисичка пригласила друзей к себе на новогодний праздник.,В этом году Лисичка пригласила друзей к себе на новогодний праздник.,+1 POSITIVE,0 NEUTRAL,+1 POSITIVE,приглашение на праздник как проявление дружбы и гостеприимства,B-22,True,A,ADJ,2026-07-16
C0794,RUS-O_short_02,Sentiment_label,"Нарядила ёлочку, испекла морковное печенье, заварила чай.","Нарядила ёлочку, испекла морковное печенье, заварила чай.",+1 POSITIVE,0 NEUTRAL,+1 POSITIVE,праздничный контекст,B-6,True,A,ADJ,2026-07-16
C0795,RUS-O_short_02,Sentiment_label,В гости к Лисичке пришли друзья.,В гости к Лисичке пришли друзья.,+1 POSITIVE,0 NEUTRAL,+1 POSITIVE,совместный праздник как проявление дружбы и единства,B-22,True,A,ADJ,2026-07-16
C0796,RUS-O_short_02,Sentiment_label,"И только Ёжик всё стоял в стороне и тихонько улыбался, как если бы он заранее знал, что всё обернется именно так.","И только Ёжик всё стоял в стороне и тихонько улыбался, как если бы он заранее знал, что всё обернется именно так.",+1 POSITIVE,0 NEUTRAL,+1 POSITIVE,улыбка как маркер положительной эмоции,B-2,False,A,ADJ,2026-07-16
C0797,RUS-O_short_02,Sentiment_label,"И если вы вдруг встретите их в лесу, передавайте от меня привет.","И если вы вдруг встретите их в лесу, передавайте от меня привет.",+1 POSITIVE,0 NEUTRAL,+1 POSITIVE,дружеское обращение к читателю как проявление добрых намерений,B-16,True,A,ADJ,2026-07-16
C0798,RUS-O_short_02,Sentiment_label,Я не видела их с самого детства.,Я не видела их с самого детства.,+1 POSITIVE,0 NEUTRAL,+1 POSITIVE,ностальгия как положительное переживание,B-12,True,A,ADJ,2026-07-16
C0799,RUS-O_short_03,NER_label,Жёлтый,Жёлтый,PER_NAME,PER_ROLE,PER_NAME,уникальный идентификатор персонажа,A-2,False,A,ADJ,2026-07-16
C0800,RUS-O_short_03,NER_label,Жёлтый,Жёлтый,PER_NAME,PER_ROLE,PER_NAME,уникальный идентификатор персонажа,A-2,False,A,ADJ,2026-07-16
C0801,RUS-O_short_03,NER_label,Одуванчики,Одуванчики,PER_NAME,PER_ROLE,PER_ROLE,"группа цветов одного вида, а не конкретный персонаж с уникальным идентификатором",A-2,False,B,ADJ,2026-07-16
C0802,RUS-O_short_03,NER_label,Жёлтый,Жёлтый,PER_NAME,PER_ROLE,PER_NAME,уникальный идентификатор персонажа,A-2,False,A,ADJ,2026-07-16
C0803,RUS-O_short_03,NER_label,дети,дети,PER_ROLE,PER_FAMILY,PER_ROLE,"слово используется обобщённо, без привязки к конкретной семье",A-5,False,A,ADJ,2026-07-16
C0804,RUS-O_short_03,NER_label,Жёлтый,Жёлтый,PER_NAME,PER_ROLE,PER_NAME,уникальный идентификатор персонажа,A-2,False,A,ADJ,2026-07-16
C0805,RUS-O_short_03,NER_label,Жёлтого,Жёлтого,PER_NAME,PER_ROLE,PER_NAME,уникальный идентификатор персонажа,A-2,False,A,ADJ,2026-07-16
C0806,RUS-O_short_03,NER_label,Жёлтый,Жёлтый,PER_NAME,PER_ROLE,PER_NAME,уникальный идентификатор персонажа,A-2,False,A,ADJ,2026-07-16
C0807,RUS-O_short_03,NER_label,Подсолнух,Подсолнух,PER_NAME,PER_ROLE,PER_NAME,конкретный персонаж,A-2,False,A,ADJ,2026-07-16
C0808,RUS-O_short_03,NER_label,Жёлтый,Жёлтый,PER_NAME,PER_ROLE,PER_NAME,уникальный идентификатор персонажа,A-2,False,A,ADJ,2026-07-16
C0809,RUS-O_short_03,NER_label,Синий,Синий,PER_NAME,PER_ROLE,PER_NAME,"конкретный персонаж, а не обобщённое описание цвета",A-2,False,A,ADJ,2026-07-16
C0810,RUS-O_short_03,NER_label,Синий,Синий,PER_NAME,PER_ROLE,PER_NAME,"конкретный персонаж, а не обобщённое описание цвета",A-2,False,A,ADJ,2026-07-16
C0811,RUS-O_short_03,NER_label,Незабудки,Незабудки,PER_NAME,PER_ROLE,PER_ROLE,слово используется как обобщённое название группы/вида (даже с элементами антропоморфизации),A-2,False,B,ADJ,2026-07-16
C0812,RUS-O_short_03,NER_label,Синий,Синий,PER_NAME,PER_ROLE,PER_NAME,конкретный персонаж,A-2,False,A,ADJ,2026-07-16
C0813,RUS-O_short_03,NER_label,Жёлтого,Жёлтого,PER_NAME,PER_ROLE,PER_NAME,конкретный персонаж,A-2,False,A,ADJ,2026-07-16
C0814,RUS-O_short_03,NER_label,Жёлтого,Жёлтого,PER_NAME,PER_ROLE,PER_NAME,конкретный персонаж,A-2,False,A,ADJ,2026-07-16
C0815,RUS-O_short_03,NER_label,Жёлтому,Жёлтому,PER_NAME,PER_ROLE,PER_NAME,конкретный персонаж,A-2,False,A,ADJ,2026-07-16
C0816,RUS-O_short_03,NER_label,Зелёный,Зелёный,PER_NAME,PER_ROLE,PER_NAME,"конкретный персонаж, а не обобщённое описание цвета",A-2,False,A,ADJ,2026-07-16
C0817,RUS-O_short_03,NER_label,Зелёными,Зелёными,PER_NAME,PER_ROLE,not an entity,"прилагательные, не образующие самостоятельной именной группы, не являются NER-сущностями",A-10,True,neither,ADJ,2026-07-16
C0818,RUS-O_short_03,NER_label,Жёлтого,Жёлтого,PER_NAME,PER_ROLE,PER_NAME,"обращение/референция к конкретному, единственному в своём роде персонажу",A-2,False,A,ADJ,2026-07-16
C0819,RUS-O_short_03,NER_label,Синим,Синим,PER_NAME,PER_ROLE,PER_NAME,"обращение/референция к конкретному, единственному в своём роде персонажу",A-2,False,A,ADJ,2026-07-16
C0820,RUS-O_short_03,NER_label,Красный,Красный,PER_NAME,PER_ROLE,PER_NAME,"обращение/референция к конкретному, единственному в своём роде персонажу",A-2,False,A,ADJ,2026-07-16
C0821,RUS-O_short_03,NER_label,Красному,Красному,PER_NAME,PER_ROLE,PER_NAME,"обращение/референция к конкретному, единственному в своём роде персонажу",A-2,False,A,ADJ,2026-07-16
C0822,RUS-O_short_03,NER_label,Жёлтого,Жёлтого,PER_NAME,PER_ROLE,PER_NAME,"обращение/референция к конкретному, единственному в своём роде персонажу",A-2,False,A,ADJ,2026-07-16
C0823,RUS-O_short_03,NER_label,Жёлтый,Жёлтый,PER_NAME,PER_ROLE,PER_NAME,"обращение/референция к конкретному, единственному в своём роде персонажу",A-2,False,A,ADJ,2026-07-16
C0824,RUS-O_short_03,NER_label,Жёлтый,Жёлтый,PER_NAME,PER_ROLE,PER_NAME,"обращение/референция к конкретному, единственному в своём роде персонажу",A-2,False,A,ADJ,2026-07-16
C0825,RUS-O_short_03,NER_label,Красный,Красный,PER_NAME,PER_ROLE,PER_NAME,"обращение/референция к конкретному, единственному в своём роде персонажу",A-2,False,A,ADJ,2026-07-16
C0826,RUS-O_short_03,NER_label,Жёлтого,Жёлтого,PER_NAME,PER_ROLE,PER_NAME,"обращение/референция к конкретному, единственному в своём роде персонажу",A-2,False,A,ADJ,2026-07-16
C0827,RUS-O_short_03,NER_label,Жёлтый,Жёлтый,PER_NAME,PER_ROLE,PER_NAME,"обращение/референция к конкретному, единственному в своём роде персонажу",A-2,False,A,ADJ,2026-07-16
C0828,RUS-O_short_03,NER_label,Жёлтый,Жёлтый,PER_NAME,PER_ROLE,PER_NAME,"обращение/референция к конкретному, единственному в своём роде персонажу",A-2,False,A,ADJ,2026-07-16
C0829,RUS-O_short_03,NER_label,Красному,Красному,PER_NAME,PER_ROLE,PER_NAME,"обращение/референция к конкретному, единственному в своём роде персонажу",A-2,False,A,ADJ,2026-07-16
C0830,RUS-O_short_03,NER_label,Красный,Красный,PER_NAME,PER_ROLE,PER_NAME,"обращение/референция к конкретному, единственному в своём роде персонажу",A-2,False,A,ADJ,2026-07-16
C0831,RUS-O_short_03,NER_label,Жёлтый,Жёлтый,PER_NAME,PER_ROLE,PER_NAME,"обращение/референция к конкретному, единственному в своём роде персонажу",A-2,False,A,ADJ,2026-07-16
C0832,RUS-O_short_03,NER_label,Оранжевый,Оранжевый,PER_NAME,PER_ROLE,PER_NAME,"обращение/референция к конкретному, единственному в своём роде персонажу",A-2,False,A,ADJ,2026-07-16
C0833,RUS-O_short_03,NER_label,Красный,Красный,PER_NAME,PER_ROLE,PER_NAME,"обращение/референция к конкретному, единственному в своём роде персонажу",A-2,False,A,ADJ,2026-07-16
C0834,RUS-O_short_03,NER_label,Синим,Синим,PER_NAME,PER_ROLE,PER_NAME,"обращение/референция к конкретному, единственному в своём роде персонажу",A-2,False,A,ADJ,2026-07-16
C0835,RUS-O_short_03,NER_label,Жёлтый,Жёлтый,PER_NAME,PER_ROLE,PER_NAME,"обращение/референция к конкретному, единственному в своём роде персонажу",A-2,False,A,ADJ,2026-07-16
C0836,RUS-O_short_03,NER_label,Жёлтый,Жёлтый,PER_NAME,PER_ROLE,PER_NAME,"обращение/референция к конкретному, единственному в своём роде персонажу",A-2,False,A,ADJ,2026-07-16
C0837,RUS-O_short_03,NER_label,Красного,Красного,PER_NAME,PER_ROLE,PER_NAME,"обращение/референция к конкретному, единственному в своём роде персонажу",A-2,False,A,ADJ,2026-07-16
C0838,RUS-O_short_03,NER_label,Синий,Синий,PER_NAME,PER_ROLE,PER_NAME,"обращение/референция к конкретному, единственному в своём роде персонажу",A-2,False,A,ADJ,2026-07-16
C0839,RUS-O_short_03,NER_label,Красный,Красный,PER_NAME,PER_ROLE,PER_NAME,"обращение/референция к конкретному, единственному в своём роде персонажу",A-2,False,A,ADJ,2026-07-16
C0840,RUS-O_short_03,NER_label,Синего,Синего,PER_NAME,PER_ROLE,PER_NAME,"обращение/референция к конкретному, единственному в своём роде персонажу",A-2,False,A,ADJ,2026-07-16
C0841,RUS-O_short_03,NER_label,Жёлтому,Жёлтому,PER_NAME,PER_ROLE,PER_NAME,"обращение/референция к конкретному, единственному в своём роде персонажу",A-2,False,A,ADJ,2026-07-16
C0842,RUS-O_short_03,NER_label,Синий,Синий,PER_NAME,PER_ROLE,PER_NAME,"обращение/референция к конкретному, единственному в своём роде персонажу",A-2,False,A,ADJ,2026-07-16
C0843,RUS-O_short_03,NER_label,Красного,Красного,PER_NAME,PER_ROLE,PER_NAME,"обращение/референция к конкретному, единственному в своём роде персонажу",A-2,False,A,ADJ,2026-07-16
C0844,RUS-O_short_03,NER_label,Синий,Синий,PER_NAME,PER_ROLE,PER_NAME,"обращение/референция к конкретному, единственному в своём роде персонажу",A-2,False,A,ADJ,2026-07-16
C0845,RUS-O_short_03,NER_label,Красный,Красный,PER_NAME,PER_ROLE,PER_NAME,"обращение/референция к конкретному, единственному в своём роде персонажу",A-2,False,A,ADJ,2026-07-16
C0846,RUS-O_short_03,NER_label,Фиолетовый,Фиолетовый,PER_NAME,PER_ROLE,PER_NAME,"обращение/референция к конкретному, единственному в своём роде персонажу",A-2,False,A,ADJ,2026-07-16
C0847,RUS-O_short_03,NER_label,Жёлтый,Жёлтый,PER_NAME,PER_ROLE,PER_NAME,"обращение/референция к конкретному, единственному в своём роде персонажу",A-2,False,A,ADJ,2026-07-16
C0848,RUS-O_short_03,NER_label,Красного,Красного,PER_NAME,PER_ROLE,PER_NAME,"обращение/референция к конкретному, единственному в своём роде персонажу",A-2,False,A,ADJ,2026-07-16
C0849,RUS-O_short_03,NER_label,Красный,Красный,PER_NAME,PER_ROLE,PER_NAME,"обращение/референция к конкретному, единственному в своём роде персонажу",A-2,False,A,ADJ,2026-07-16
C0850,RUS-O_short_03,NER_label,Жёлтый,Жёлтый,PER_NAME,PER_ROLE,PER_NAME,"обращение/референция к конкретному, единственному в своём роде персонажу",A-2,False,A,ADJ,2026-07-16
C0851,RUS-O_short_03,NER_label,Синего,Синего,PER_NAME,PER_ROLE,PER_NAME,"обращение/референция к конкретному, единственному в своём роде персонажу",A-2,False,A,ADJ,2026-07-16
C0852,RUS-O_short_03,NER_label,Красный,Красный,PER_NAME,PER_ROLE,PER_NAME,"обращение/референция к конкретному, единственному в своём роде персонажу",A-2,False,A,ADJ,2026-07-16
C0853,RUS-O_short_03,NER_label,Жёлтый,Жёлтый,PER_NAME,PER_ROLE,PER_NAME,"обращение/референция к конкретному, единственному в своём роде персонажу",A-2,False,A,ADJ,2026-07-16
C0854,RUS-O_short_03,NER_label,Синий,Синий,PER_NAME,PER_ROLE,PER_NAME,"обращение/референция к конкретному, единственному в своём роде персонажу",A-2,False,A,ADJ,2026-07-16
C0855,RUS-O_short_03,NER_label,Жёлтого,Жёлтого,PER_NAME,PER_ROLE,PER_NAME,"обращение/референция к конкретному, единственному в своём роде персонажу",A-2,False,A,ADJ,2026-07-16
C0856,RUS-O_short_03,NER_label,Жёлтый,Жёлтый,PER_NAME,PER_ROLE,PER_NAME,"обращение/референция к конкретному, единственному в своём роде персонажу",A-2,False,A,ADJ,2026-07-16
C0857,RUS-O_short_03,NER_label,Красным,Красным,PER_NAME,PER_ROLE,PER_NAME,"обращение/референция к конкретному, единственному в своём роде персонажу",A-2,False,A,ADJ,2026-07-16
C0858,RUS-O_short_03,NER_label,Жёлтому,Жёлтому,PER_NAME,PER_ROLE,PER_NAME,"обращение/референция к конкретному, единственному в своём роде персонажу",A-2,False,A,ADJ,2026-07-16
C0859,RUS-O_short_03,NER_label,Красному,Красному,PER_NAME,PER_ROLE,PER_NAME,"обращение/референция к конкретному, единственному в своём роде персонажу",A-2,False,A,ADJ,2026-07-16
C0860,RUS-O_short_03,NER_label,Синий,Синий,PER_NAME,PER_ROLE,PER_NAME,"обращение/референция к конкретному, единственному в своём роде персонажу",A-2,False,A,ADJ,2026-07-16
C0861,RUS-O_short_03,Sentiment_label,"Когда появился Жёлтый, он брызнул в разные стороны и залил собою целый мир.","Когда появился Жёлтый, он брызнул в разные стороны и залил собою целый мир.",+1 POSITIVE,0 NEUTRAL,+1 POSITIVE,"наличие положительных образов (появление яркого цвета, наполнение мира)",B-6,True,A,ADJ,2026-07-16
C0862,RUS-O_short_03,Sentiment_label,«Ах!» / — сказали все и даже зажмурились,«Ах!» — сказали все и даже зажмурились.,-1 NEGATIVE,+1 POSITIVE,+1 POSITIVE,междометие «Ах!» в контексте восхищения и восторга,B-2,False,B,ADJ,2026-07-16
C0863,RUS-O_short_03,Sentiment_label,"— Мы — жёлтые, / — закачали головками Одуванчики.","— Мы — жёлтые, — закачали головками Одуванчики.",0 NEUTRAL,+1 POSITIVE,+1 POSITIVE,игровое самовыражение и единство как радостное событие,B-12,False,B,ADJ,2026-07-16
C0864,RUS-O_short_03,Sentiment_label,"Жёлтый тут же пристроился рядом, и они вместе прорыли подземный ход — прямо к самой воде.","Жёлтый тут же пристроился рядом, и они вместе прорыли подземный ход — прямо к самой воде.",+1 POSITIVE,0 NEUTRAL,+1 POSITIVE,совместная игра как проявление единства и радости,B-22,False,A,ADJ,2026-07-16
C0865,RUS-O_short_03,Sentiment_label,— А про солнце ты не забыл? / — спросили у Жёлтого.,— А про солнце ты не забыл? — спросили у Жёлтого.,-1 NEGATIVE,0 NEUTRAL,0 NEUTRAL,вопросы без маркеров тревоги/страха/радости,B-5,False,B,ADJ,2026-07-16
C0866,RUS-O_short_03,Sentiment_label,"А Подсолнух вертел головой и смотрел на него: куда Жёлтый, туда и он.","А Подсолнух вертел головой и смотрел на него: куда Жёлтый, туда и он.",+1 POSITIVE,0 NEUTRAL,+1 POSITIVE,единство и следование за другом,B-22,True,A,ADJ,2026-07-16
C0867,RUS-O_short_03,Sentiment_label,И всем рядом с ним становилось спокойно.,И всем рядом с ним становилось спокойно.,+1 POSITIVE,0 NEUTRAL,+1 POSITIVE,наличие положительных оценочных признаков («спокойно»),B-6,True,A,ADJ,2026-07-16
C0868,RUS-O_short_03,Sentiment_label,"Синий занял собою всё небо, все моря и озёра, все речки и ручейки.","Синий занял собою всё небо, все моря и озёра, все речки и ручейки.",+1 POSITIVE,0 NEUTRAL,+1 POSITIVE,наличие положительных образов (наполнение мира спокойствием),B-6,True,A,ADJ,2026-07-16
C0869,RUS-O_short_03,Sentiment_label,Даже далёкие горы были синими-синими.,Даже далёкие горы были синими-синими.,+1 POSITIVE,0 NEUTRAL,+1 POSITIVE,наличие положительных образов,B-6,True,A,ADJ,2026-07-16
C0870,RUS-O_short_03,Sentiment_label,И леса вдалеке были синими-синими.,И леса вдалеке были синими-синими.,+1 POSITIVE,0 NEUTRAL,+1 POSITIVE,наличие положительных образов,B-6,True,A,ADJ,2026-07-16
C0871,RUS-O_short_03,Sentiment_label,И маленькие цветочки по имени Незабудки ухватили себе по капельке синевы.,И маленькие цветочки по имени Незабудки ухватили себе по капельке синевы.,+1 POSITIVE,0 NEUTRAL,+1 POSITIVE,"наличие положительных оценочных признаков («маленькие цветочки», «капельку синевы»)",B-6,True,A,ADJ,2026-07-16
C0872,RUS-O_short_03,Sentiment_label,Синий увидел Жёлтого и подумал: / «Он так ярко сияет и скачет туда-сюда.,Синий увидел Жёлтого и подумал: «Он так ярко сияет и скачет туда-сюда.,+1 POSITIVE,0 NEUTRAL,+1 POSITIVE,наличие положительных оценочных признаков («ярко сияет»),B-6,True,A,ADJ,2026-07-16
C0873,RUS-O_short_03,Sentiment_label,Подпрыгивает до неба.,Подпрыгивает до неба.,+1 POSITIVE,0 NEUTRAL,+1 POSITIVE,наличие положительных образов (прыжки до неба как символ радости),B-6,True,A,ADJ,2026-07-16
C0874,RUS-O_short_03,Sentiment_label,Так можно сильно устать».,Так можно сильно устать».,-1 NEGATIVE,0 NEUTRAL,0 NEUTRAL,слабо выраженная эмоция без драматизации,B-24,True,B,ADJ,2026-07-16
C0875,RUS-O_short_03,Sentiment_label,Осторожно и бережно — чтобы тот не обиделся.,Осторожно и бережно — чтобы тот не обиделся.,0 NEUTRAL,+1 POSITIVE,+1 POSITIVE,нежное прикосновение как проявление близости,B-7,True,B,ADJ,2026-07-17
C0876,RUS-O_short_03,Sentiment_label,Он глубоко вздохнул — и появился Зелёный.,Он глубоко вздохнул — и появился Зелёный.,+1 POSITIVE,0 NEUTRAL,+1 POSITIVE,появление нового элемента гармонии,B-23,True,A,ADJ,2026-07-17
C0877,RUS-O_short_03,Sentiment_label,"Зелёными были трава, деревья и дружба Жёлтого с Синим.","Зелёными были трава, деревья и дружба Жёлтого с Синим.",+1 POSITIVE,0 NEUTRAL,+1 POSITIVE,наличие положительных образов (дружба как гармония),B-6,True,A,ADJ,2026-07-17
C0878,RUS-O_short_03,Sentiment_label,Красный был просто красным и никаким другим.,Красный был просто красным и никаким другим.,+1 POSITIVE,0 NEUTRAL,+1 POSITIVE,наличие положительных образов (уверенность в своей идентичности),B-6,True,A,ADJ,2026-07-17
C0879,RUS-O_short_03,Sentiment_label,"Когда он пришел, все сказали: / «Надо же, какой красный!","Когда он пришел, все сказали: «Надо же, какой красный!",0 NEUTRAL,+1 POSITIVE,+1 POSITIVE,"восклицание, выражающее восхищение и удивление",B-2,False,B,ADJ,2026-07-17
C0880,RUS-O_short_03,Sentiment_label,Хоть бы не безобразничал!»,Хоть бы не безобразничал!»,-1 NEGATIVE,0 NEUTRAL,-1 NEGATIVE,выражение опасения и недоверия через негативную оценку,B-17,True,A,ADJ,2026-07-17
C0881,RUS-O_short_03,Sentiment_label,И тут увидел Жёлтого.,И тут увидел Жёлтого.,-1 NEGATIVE,0 NEUTRAL,-1 NEGATIVE,Красный как источник потенциальной угрозы,B-18,True,A,ADJ,2026-07-17
C0882,RUS-O_short_03,Sentiment_label,"Все испугались, а Жёлтый не испугался.","Все испугались, а Жёлтый не испугался.",+1 POSITIVE,-1 NEGATIVE,+1 POSITIVE,смелость как доброе качество,B-16,True,A,ADJ,2026-07-17
C0883,RUS-O_short_03,Sentiment_label,— Я — кровь! / — сказал Красный.,— Я — кровь! — сказал Красный.,0 NEUTRAL,-1 NEGATIVE,-1 NEGATIVE,угрожающее заявление,B-18,True,B,ADJ,2026-07-17
C0884,RUS-O_short_03,Sentiment_label,— Я — молния!,— Я — молния!,+1 POSITIVE,-1 NEGATIVE,+1 POSITIVE,энергичное самовыражение как позитивное,B-12,True,A,ADJ,2026-07-17
C0885,RUS-O_short_03,Sentiment_label,— Я — огонь!,— Я — огонь!,+1 POSITIVE,-1 NEGATIVE,+1 POSITIVE,энергичное самовыражение как позитивное,B-12,True,A,ADJ,2026-07-17
C0886,RUS-O_short_03,Sentiment_label,"И так они пели до самого вечера, пока не устали.","И так они пели до самого вечера, пока не устали.",+1 POSITIVE,0 NEUTRAL,+1 POSITIVE,совместное пение как единство,B-22,True,A,ADJ,2026-07-17
C0887,RUS-O_short_03,Sentiment_label,Красный увидел Синего и попятился к Жёлтому.,Красный увидел Синего и попятился к Жёлтому.,-1 NEGATIVE,0 NEUTRAL,-1 NEGATIVE,попятился как проявление беспомощности,B-13,True,A,ADJ,2026-07-17
C0888,RUS-O_short_03,Sentiment_label,"А Синий всё приближается, совсем не стесняется и ничего не боится.","А Синий всё приближается, совсем не стесняется и ничего не боится.",+1 POSITIVE,0 NEUTRAL,+1 POSITIVE,смелость и открытость как добрые качества,B-16,True,A,ADJ,2026-07-17
C0889,RUS-O_short_03,Sentiment_label,"Красный сначала нахмурился, а потом согласился.","Красный сначала нахмурился, а потом согласился.",+1 POSITIVE,-1 NEGATIVE,+1 POSITIVE,согласие на сотрудничество,B-16,True,A,ADJ,2026-07-17
C0890,RUS-O_short_03,Sentiment_label,И они придумали Фиолетовый.,И они придумали Фиолетовый.,+1 POSITIVE,0 NEUTRAL,+1 POSITIVE,совместное творчество,B-22,True,A,ADJ,2026-07-17
C0891,RUS-O_short_03,Sentiment_label,— Тогда стань маленьким!,— Тогда стань маленьким!,+1 POSITIVE,0 NEUTRAL,+1 POSITIVE,игровая просьба как проявление близости и доверия,B-7,True,A,ADJ,2026-07-17
C0892,RUS-O_short_03,Sentiment_label,Жёлтый укутал его и позвал Синего.,Жёлтый укутал его и позвал Синего.,+1 POSITIVE,0 NEUTRAL,+1 POSITIVE,заботливое действие по укутыванию как проявление любви,B-7,True,A,ADJ,2026-07-17
C0893,RUS-O_short_03,Sentiment_label,"Спой ему колыбельную песенку, / — попросил Жёлтый и тоже свернулся клубочком.","Спой ему колыбельную песенку, — попросил Жёлтый и тоже свернулся клубочком.",+1 POSITIVE,0 NEUTRAL,+1 POSITIVE,колыбельная как проявление заботы,B-7,True,A,ADJ,2026-07-17
C0894,RUS-O_short_03,Sentiment_label,Синий обнял Жёлтого и тихонько запел.,Синий обнял Жёлтого и тихонько запел.,+1 POSITIVE,0 NEUTRAL,+1 POSITIVE,объятие и колыбельная как проявление любви и заботы,B-7,True,A,ADJ,2026-07-17
C0895,RUS-O_short_03,Sentiment_label,А Синий не спал.,А Синий не спал.,-1 NEGATIVE,0 NEUTRAL,-1 NEGATIVE,состояние без позитивного разрешения,B-4,False,A,ADJ,2026-07-17
C0896,RUS-O_short_03,Sentiment_label,Ему было нельзя.,Ему было нельзя.,-1 NEGATIVE,0 NEUTRAL,-1 NEGATIVE,«нельзя» как маркер ограничения,B-17,True,A,ADJ,2026-07-17
C0897,RUS-O_short_03,Sentiment_label,Потому что он был как Мама.,Потому что он был как Мама.,+1 POSITIVE,0 NEUTRAL,+1 POSITIVE,Синий выполняет роль заботливой Мамы,B-16,True,A,ADJ,2026-07-17
C0898,RUS-O_short_04,NER_missed_by_B,детям,,PER_ROLE,,PER_ROLE,обобщённые группы без привязки к конкретной семье,A-5,False,A,ADJ,2026-07-17
C0899,RUS-O_short_04,NER_missed_by_B,взрослым,,PER_ROLE,,PER_ROLE,обобщённые группы без привязки к конкретной семье,A-5,False,A,ADJ,2026-07-17
C0900,RUS-O_short_04,NER_missed_by_B,прохожих,,PER_ROLE,,PER_ROLE,"слова, обозначающие социальные роли и статусы",A-11,True,A,ADJ,2026-07-17
C0901,RUS-O_short_04,NER_missed_by_B,пострадавших,,PER_ROLE,,PER_ROLE,"слова, обозначающие социальные роли и статусы",A-11,True,A,ADJ,2026-07-17
C0902,RUS-O_short_04,NER_missed_by_B,прохожие,,PER_ROLE,,PER_ROLE,"слова, обозначающие социальные роли и статусы",A-11,True,A,ADJ,2026-07-17
C0903,RUS-O_short_04,NER_missed_by_B,спасителям,,PER_ROLE,,PER_ROLE,"слова, обозначающие функциональные роли",A-11,True,A,ADJ,2026-07-17
C0904,RUS-O_short_04,NER_missed_by_B,товарища,,PER_ROLE,,PER_ROLE,"слова, обозначающие функциональные роли",A-11,True,A,ADJ,2026-07-17
C0905,RUS-O_short_04,NER_missed_by_A,,весёлый,,PER_ROLE,keep A,"недостаточная разметка, прилагательное без существительного",A-8,False,A,ADJ,2026-07-17
C0906,RUS-O_short_04,NER_missed_by_A,,весёлый,,PER_ROLE,keep A,"недостаточная разметка, прилагательное без существительного",A-8,False,A,ADJ,2026-07-17
C0907,RUS-O_short_04,NER_missed_by_A,,весёлый,,PER_ROLE,keep A,"недостаточная разметка, прилагательное без существительного",A-8,False,A,ADJ,2026-07-17
C0908,RUS-O_short_04,NER_missed_by_A,,пожарный,,PER_ROLE,PER_ROLE,"социальные и профессиональные роли, недостаточная разметка, должна быть одна сущность - веселый пожарный",A-11,True,B,ADJ,2026-07-17
C0909,RUS-O_short_04,NER_missed_by_A,,Весёлый,,PER_ROLE,keep A,"недостаточная разметка, должна быть одна сущность - веселый пожарный",A-8,False,A,ADJ,2026-07-17
C0910,RUS-O_short_04,NER_missed_by_A,,весёлого,,PER_ROLE,keep A,"недостаточная разметка, должна быть одна сущность - веселый пожарный",A-8,False,A,ADJ,2026-07-17
C0911,RUS-O_short_04,NER_missed_by_A,,пожарного,,PER_ROLE,PER_ROLE,"социальные и профессиональные роли, недостаточная разметка, должна быть одна сущность - веселый пожарный",A-11,True,B,ADJ,2026-07-17
C0912,RUS-O_short_04,NER_missed_by_A,,пожарным,,PER_ROLE,PER_ROLE,социальные и профессиональные роли,A-11,True,B,ADJ,2026-07-17
C0913,RUS-O_short_04,NER_missed_by_A,,весёлого,,PER_ROLE,keep A,"недостаточная разметка, должна быть одна сущность - веселый пожарный",A-8,False,A,ADJ,2026-07-17
C0914,RUS-O_short_04,NER_missed_by_A,,весёлого,,PER_ROLE,keep A,"недостаточная разметка, должна быть одна сущность - веселый пожарный",A-8,False,A,ADJ,2026-07-17
C0915,RUS-O_short_04,NER_missed_by_A,,весёлого,,PER_ROLE,keep A,"недостаточная разметка, должна быть одна сущность - веселый пожарный",A-8,False,A,ADJ,2026-07-17
C0916,RUS-O_short_04,NER_missed_by_A,,весёлого,,PER_ROLE,keep A,"недостаточная разметка, должна быть одна сущность - веселый пожарный",A-8,False,A,ADJ,2026-07-17
C0917,RUS-O_short_04,NER_missed_by_A,,весёлый,,PER_ROLE,keep A,"недостаточная разметка, должна быть одна сущность - веселый пожарный",A-8,False,A,ADJ,2026-07-17
C0918,RUS-O_short_04,NER_missed_by_A,,весёлому,,PER_ROLE,keep A,"недостаточная разметка, должна быть одна сущность - веселый пожарный",A-8,False,A,ADJ,2026-07-17
C0919,RUS-O_short_04,NER_missed_by_A,,весёлый,,PER_ROLE,keep A,"недостаточная разметка, должна быть одна сущность - веселый пожарный",A-8,False,A,ADJ,2026-07-17
C0920,RUS-O_short_04,Sentiment_label,В первый день после его ухода пожарные вздохнули с облегчением: наконец-то никто не будет подшучивать над ними и стараться перекричать сирену.,В первый день после его ухода пожарные вздохнули с облегчением: наконец-то никто не будет подшучивать над ними и стараться перекричать сирену.,+1 POSITIVE,0 NEUTRAL,+1 POSITIVE,выражение облегчения как положительной эмоции,B-17,True,A,ADJ,2026-07-17
C0921,RUS-O_short_04,Sentiment_label,"На второй день, сидя в машине и глядя в чистые окна, пожарные отметили, что так город виден намного лучше, чем через какие-то глупые рисунки!","На второй день, сидя в машине и глядя в чистые окна, пожарные отметили, что так город виден намного лучше, чем через какие-то глупые рисунки!",0 NEUTRAL,-1 NEGATIVE,-1 NEGATIVE,негативная оценка,B-17,True,B,ADJ,2026-07-17
C0922,RUS-O_short_04,Sentiment_label,Только вот каждому почему-то очень захотелось оставить на стекле отпечатки пальцев...,Только вот каждому почему-то очень захотелось оставить на стекле отпечатки пальцев...,-1 NEGATIVE,0 NEUTRAL,-1 NEGATIVE,тоска и сожаление без позитивного разрешения в том же сегменте,B-4,False,A,ADJ,2026-07-17
C0923,RUS-O_short_04,Sentiment_label,"— Теперь они понимают, какая серьёзная у нас профессия! / — говорили друг другу пожарные.","— Теперь они понимают, какая серьёзная у нас профессия! — говорили друг другу пожарные.",-1 NEGATIVE,0 NEUTRAL,-1 NEGATIVE,попытка убедить себя без позитивного разрешения,B-4,False,A,ADJ,2026-07-17
C0924,RUS-O_short_04,Sentiment_label,"На четвёртый день один из пожарных поймал себя на том, что тушит пожар, напевая под нос песенку, услышанную утром по радио.","На четвёртый день один из пожарных поймал себя на том, что тушит пожар, напевая под нос песенку, услышанную утром по радио.",+1 POSITIVE,0 NEUTRAL,+1 POSITIVE,спонтанное пение как проявление радости,B-12,True,A,ADJ,2026-07-17
C0925,RUS-O_short_04,Sentiment_label,"Он, конечно, сразу же перестал петь, но остальные заметили, что напор воды из шланга заметно ослабел.","Он, конечно, сразу же перестал петь, но остальные заметили, что напор воды из шланга заметно ослабел.",-1 NEGATIVE,0 NEUTRAL,-1 NEGATIVE,негативная ситуация без позитивного разрешения,B-4,False,A,ADJ,2026-07-17
C0926,RUS-O_short_04,Sentiment_label,На пятый день пожарные вынесли из огня трёх старушек.,На пятый день пожарные вынесли из огня трёх старушек.,+1 POSITIVE,0 NEUTRAL,+1 POSITIVE,спасение людей как проявление героизма и помощи,B-22,True,A,ADJ,2026-07-17
C0927,RUS-O_short_04,Sentiment_label,"И каждая из них просила рассказать им что-нибудь смешное, чтобы не было так страшно.","И каждая из них просила рассказать им что-нибудь смешное, чтобы не было так страшно.",-1 NEGATIVE,0 NEUTRAL,-1 NEGATIVE,прямое называние страха («страшно»),B-17,True,A,ADJ,2026-07-17
C0928,RUS-O_short_04,Sentiment_label,"Пожарные попытались вспомнить какую-нибудь шутку из тех, которые слышали от весёлого пожарного, но к сожалению, так ничего и не вспомнили.","Пожарные попытались вспомнить какую-нибудь шутку из тех, которые слышали от весёлого пожарного, но к сожалению, так ничего и не вспомнили.",-1 NEGATIVE,0 NEUTRAL,-1 NEGATIVE,негативная эмоция без позитивного разрешения,B-4,False,A,ADJ,2026-07-17
C0929,RUS-O_short_04,Sentiment_label,"И хотя старушки были очень благодарны своим спасителям, каждый из них вдруг понял, что ему кого-то не хватает...","И хотя старушки были очень благодарны своим спасителям, каждый из них вдруг понял, что ему кого-то не хватает...",-1 NEGATIVE,0 NEUTRAL,-1 NEGATIVE,чувство утраты без позитивного разрешения,B-4,False,A,ADJ,2026-07-17
C0930,RUS-O_short_04,Sentiment_label,"Начальник пожарной станции очень удивился, ведь совсем недавно они жаловались, что весёлый пожарный мешает им работать.","Начальник пожарной станции очень удивился, ведь совсем недавно они жаловались, что весёлый пожарный мешает им работать.",-1 NEGATIVE,0 NEUTRAL,-1 NEGATIVE,негативная эмоция без позитивного разрешения,B-4,False,A,ADJ,2026-07-17
C0931,RUS-O_short_04,Sentiment_label,Но пожарные скромно вертели в руках свои каски и виновато переглядывались.,Но пожарные скромно вертели в руках свои каски и виновато переглядывались.,-1 NEGATIVE,0 NEUTRAL,-1 NEGATIVE,негативная эмоция без позитивного разрешения,B-4,False,A,ADJ,2026-07-17
C0932,RUS-O_short_04,Sentiment_label,"— Мы были неправы, / — сказал самый смелый из них.","— Мы были неправы, — сказал самый смелый из них.",+1 POSITIVE,-1 NEGATIVE,+1 POSITIVE,признание ошибки как проявление честности и мужества,B-16,True,A,ADJ,2026-07-17
C0933,RUS-O_short_04,Sentiment_label,И весёлый пожарный конечно же согласился,И весёлый пожарный конечно же согласился.,+1 POSITIVE,0 NEUTRAL,+1 POSITIVE,возвращение к норме,B-23,True,A,ADJ,2026-07-17
C0934,RUS-O_short_05,NER_missed_by_B,Соседи,,PER_ROLE,,PER_ROLE,социальные и профессиональные роли,A-11,True,A,ADJ,2026-07-17
C0935,RUS-O_short_05,NER_missed_by_B,оркестр,,PER_ROLE,,PER_ROLE,"недостаточная разметка, прилагательное без существительного, должна быть одна сущность - сводный оркестр",A-11,True,A,ADJ,2026-07-17
C0936,RUS-O_short_05,NER_missed_by_A,,МАЛЮСЕНЬКИХ,,PER_ROLE,keep A,"недостаточная разметка, прилагательное без существительного",A-8,False,A,ADJ,2026-07-17
C0937,RUS-O_short_05,NER_missed_by_A,,Разгневанный,,PER_ROLE,keep A,"недостаточная разметка, прилагательное без существительного",A-8,False,A,ADJ,2026-07-17
C0938,RUS-O_short_05,Sentiment_label,Они играли песенки Для бабочек и блох.,Они играли песенки Для бабочек и блох.,+1 POSITIVE,0 NEUTRAL,+1 POSITIVE,игра музыки как радостное занятие,B-12,True,A,ADJ,2026-07-17
C0939,RUS-O_short_05,Sentiment_label,"И тот, кто шёл по лесенке, Всегда услышать мог, Как играл этот маленький дивный оркестрик... ΛЯ-ΛЯ-ЛЯ-ΛЯ-ΛЯ!!!!!!!","И тот, кто шёл по лесенке, Всегда услышать мог, Как играл этот маленький дивный оркестрик... / ΛЯ-ΛЯ-ЛЯ-ΛЯ-ΛЯ!!!!!!!",+1 POSITIVE,0 NEUTRAL,+1 POSITIVE,наличие положительных оценочных признаков,B-6,True,A,ADJ,2026-07-17
C0940,RUS-O_short_05,Sentiment_label,"Они играли польки, и вальсы, и фокстрот.","Они играли польки, и вальсы, и фокстрот.",+1 POSITIVE,0 NEUTRAL,+1 POSITIVE,игра музыки как радостное занятие,B-12,True,A,ADJ,2026-07-17
C0941,RUS-O_short_05,Sentiment_label,Днями Напролёт.,Днями Напролёт.,+1 POSITIVE,0 NEUTRAL,+1 POSITIVE,неустанное занятие любимым делом,B-12,True,A,ADJ,2026-07-17
C0942,RUS-O_short_05,Sentiment_label,"Но номером отдельным, для тех, кто лёг в кровать, Тихонько колыбельные любыли напевать...","Но номером отдельным, для тех, кто лёг в кровать, Тихонько колыбельные любыли напевать...",+1 POSITIVE,0 NEUTRAL,+1 POSITIVE,"наличие положительных образов (колыбельные, тишина, кровать)",B-6,True,A,ADJ,2026-07-17
C0943,RUS-O_short_05,Sentiment_label,"Соседи готовятся ко сну – чистят зубы, Надевают свои пижамы и, наконец, Ложатся под тёплые одеяла.","Соседи готовятся ко сну – чистят зубы, Надевают свои пижамы и, наконец, Ложатся под тёплые одеяла.",+1 POSITIVE,0 NEUTRAL,+1 POSITIVE,наличие положительных оценочных признаков («тёплые одеяла»),B-6,True,A,ADJ,2026-07-17
C0944,RUS-O_short_05,Sentiment_label,"И вдруг они слышат, что прямо под их дверями Оркестр жучков исполняет свою Самую нежную колыбельную... ΛЯ-ΛЯ-ЛЯ-ΛЯ-ΛЯ!!!!!!!","И вдруг они слышат, что прямо под их дверями Оркестр жучков исполняет свою Самую нежную колыбельную... / ΛЯ-ΛЯ-ЛЯ-ΛЯ-ΛЯ!!!!!!!",+1 POSITIVE,0 NEUTRAL,+1 POSITIVE,наличие положительных оценочных признаков («самую нежную»),B-6,True,A,ADJ,2026-07-17
C0945,RUS-O_short_05,Sentiment_label,"И вдруг жучки подумали: / ""А чего это мы плачем?","И вдруг жучки подумали: ""А чего это мы плачем?",0 NEUTRAL,+1 POSITIVE,+1 POSITIVE,вопрос как путь к позитивному переосмыслению,B-19,True,B,ADJ,2026-07-17
C0946,RUS-O_short_05,Sentiment_label,"И тогда они взяли всё то, что им подвернулось под руку: Старый таз, Кастрюльные крышки, Водопроводную трубу, Чашки и ложки, Велосипедные звонки, Картонные коробки И черпаки!","И тогда они взяли всё то, что им подвернулось под руку: Старый таз, Кастрюльные крышки, Водопроводную трубу, Чашки и ложки, Велосипедные звонки, Картонные коробки И черпаки!",+1 POSITIVE,0 NEUTRAL,+1 POSITIVE,коллективное творчество,B-22,True,A,ADJ,2026-07-17
C0947,RUS-O_short_05,Sentiment_label,А также пригласили всех жучков района: / — Вы будете петь вместе с нами?,А также пригласили всех жучков района: — Вы будете петь вместе с нами?,+1 POSITIVE,0 NEUTRAL,+1 POSITIVE,приглашение к совместному творчеству как проявление единства,B-22,True,A,ADJ,2026-07-17
C1195,RUS-T_long_04,NER_missed_by_B,друзей,,PER_ROLE,,PER_ROLE,"слова, обозначающие устойчивые социальные отношения персонажей",A-9,True,A,ADJ,2026-07-17
C1196,RUS-T_long_04,NER_missed_by_B,балкон,,PER_ROLE,,keep B,"неодушевлённый предмет, к которому кот испытывает привязанность в поэтическом контексте",A-10,True,B,ADJ,2026-07-17
C1197,RUS-T_long_04,NER_missed_by_B,книжки,,PER_ROLE,,keep B,"неодушевлённый предмет, к которому кот испытывает привязанность в поэтическом контексте",A-10,True,B,ADJ,2026-07-17
C1198,RUS-T_long_04,NER_missed_by_B,подушка,,PER_ROLE,,keep B,"неодушевлённый предмет, к которому кот испытывает привязанность в поэтическом контексте",A-10,True,B,ADJ,2026-07-17
C1199,RUS-T_long_04,NER_missed_by_B,окно,,PER_ROLE,,keep B,"неодушевлённый предмет, к которому кот испытывает привязанность в поэтическом контексте",A-10,True,B,ADJ,2026-07-17
C1200,RUS-T_long_04,NER_missed_by_B,ночь,,PER_ROLE,,keep B,"неодушевлённый предмет, к которому кот испытывает привязанность в поэтическом контексте",A-10,True,B,ADJ,2026-07-17
C1201,RUS-T_long_04,NER_missed_by_B,малярной кистью,,PER_ROLE,,keep B,"неодушевлённый предмет, к которому кот испытывает привязанность в поэтическом контексте",A-10,True,B,ADJ,2026-07-17
C1202,RUS-T_long_04,NER_missed_by_B,ногами,,PER_ROLE,,keep B,"неодушевлённый предмет, к которому кот испытывает привязанность в поэтическом контексте",A-10,True,B,ADJ,2026-07-17
C1203,RUS-T_long_04,NER_missed_by_B,руками,,PER_ROLE,,keep B,"неодушевлённый предмет, к которому кот испытывает привязанность в поэтическом контексте",A-10,False,B,ADJ,2026-07-17
C1204,RUS-T_long_04,NER_missed_by_B,друга,,PER_ROLE,,PER_ROLE,социальные отношения вне семьи,A-9,True,A,ADJ,2026-07-17
C1205,RUS-T_long_04,NER_missed_by_B,мячик,,PER_ROLE,,keep B,"неодушевлённый предмет, который кот воспринимает как «друга» в поэтическом, метафорическом смысле",A-10,True,B,ADJ,2026-07-17
C1206,RUS-T_long_04,NER_missed_by_B,кепка,,PER_ROLE,,keep B,"неодушевлённый предмет, который кот воспринимает как «друга» в поэтическом, метафорическом смысле",A-10,True,B,ADJ,2026-07-17
C1207,RUS-T_long_04,NER_missed_by_B,родственники,,PER_FAMILY,,PER_FAMILY,есть явная привязка к конкретной семье,A-5,False,A,ADJ,2026-07-17
C1208,RUS-T_long_04,NER_missed_by_B,гостя,,PER_ROLE,,PER_ROLE,социальные и профессиональные роли,A-11,True,A,ADJ,2026-07-17
C1209,RUS-T_long_04,NER_missed_by_B,родственник,,PER_FAMILY,,PER_FAMILY,есть явная привязка к конкретной семье,A-5,False,A,ADJ,2026-07-17
C1210,RUS-T_long_04,NER_missed_by_B,предкам,,PER_FAMILY,,PER_FAMILY,есть явная привязка к конкретной семье,A-5,False,A,ADJ,2026-07-17
C1211,RUS-T_long_04,NER_missed_by_B,друзей,,PER_ROLE,,PER_ROLE,социальные отношения вне семьи,A-9,True,A,ADJ,2026-07-17
C1212,RUS-T_long_04,NER_missed_by_B,книги,,PER_ROLE,,keep B,"неодушевлённый предмет, который кот воспринимает как «друга» в поэтическом, метафорическом смысле",A-10,True,B,ADJ,2026-07-17
C1213,RUS-T_long_04,NER_missed_by_B,подушку,,PER_ROLE,,keep B,"неодушевлённый предмет, который кот воспринимает как «друга» в поэтическом, метафорическом смысле",A-10,True,B,ADJ,2026-07-17
C1214,RUS-T_long_04,NER_missed_by_B,окно,,PER_ROLE,,keep B,"неодушевлённый предмет, который кот воспринимает как «друга» в поэтическом, метафорическом смысле",A-10,True,B,ADJ,2026-07-17
C1215,RUS-T_long_04,NER_missed_by_B,ночь,,PER_ROLE,,keep B,"неодушевлённый предмет, который кот воспринимает как «друга» в поэтическом, метафорическом смысле",A-10,True,B,ADJ,2026-07-17
C1216,RUS-T_long_04,NER_missed_by_B,луной,,PER_ROLE,,keep B,"неодушевлённый предмет, который кот воспринимает как «друга» в поэтическом, метафорическом смысле",A-10,True,B,ADJ,2026-07-17
C1217,RUS-T_long_04,NER_missed_by_A,,кот,,PER_ROLE,PER_ROLE,Животные как общий вид или фоновая роль,A-3,False,B,ADJ,2026-07-17
C1218,RUS-T_long_04,NER_missed_by_A,,Тигрица,,PER_ROLE,PER_ROLE,должна быть одна сущность - мама-тигрица,A-1,False,neither,ADJ,2026-07-17
C1219,RUS-T_long_04,NER_missed_by_A,,Тигр,,PER_ROLE,PER_ROLE,"должна быть одна сущность - папа-тигр, персонаж без уникального имени",A-3,False,neither,ADJ,2026-07-17
C1220,RUS-T_long_04,NER_missed_by_A,,Тигр,,PER_ROLE,PER_ROLE,"должна быть одна сущность - папа-тигр, персонаж без уникального имени",A-3,False,neither,ADJ,2026-07-17
C1221,RUS-T_long_04,NER_missed_by_A,,Тигрица,,PER_ROLE,PER_ROLE,"должна быть одна сущность - мама-тигрица, персонаж без уникального имени",A-3,False,neither,ADJ,2026-07-17
C1222,RUS-T_long_04,NER_missed_by_A,,Барс,,PER_ROLE,PER_ROLE,"должна быть одна сущность - снежный барс, персонаж без уникального имени",A-3,False,neither,ADJ,2026-07-17
C1223,RUS-T_long_04,NER_missed_by_A,,Барсы,,PER_ROLE,PER_ROLE,"должна быть одна сущность - снежный барс, персонаж без уникального имени",A-3,False,neither,ADJ,2026-07-17
C1224,RUS-T_long_04,NER_missed_by_A,,сестра,,PER_FAMILY,PER_FAMILY,"обычное слово родства, должна быть одна сущность - двоюродная сестра",A-4,False,neither,ADJ,2026-07-17
C1225,RUS-T_long_04,NER_missed_by_A,,барсах,,PER_ROLE,PER_ROLE,"должна быть одна сущность - снежный барс, животные как общий вид",A-3,False,neither,ADJ,2026-07-17
C1226,RUS-T_long_04,NER_missed_by_A,,читатель,,PER_ROLE,PER_ROLE,"слова, обозначающие социальные роли и статусы",A-11,True,B,ADJ,2026-07-17
C1227,RUS-T_long_04,NER_missed_by_A,,соседей,,PER_ROLE,PER_ROLE,"слова, обозначающие социальные роли («соседи», «жильцы»)",A-11,True,B,ADJ,2026-07-17
C1228,RUS-T_long_04,Sentiment_label,В одном симпатичном городке живёт-поживает кот Феличе.,В одном симпатичном городке живёт-поживает кот Феличе.,+1 POSITIVE,0 NEUTRAL,+1 POSITIVE,наличие положительных оценочных признаков («симпатичном»),B-6,True,A,ADJ,2026-07-17
C1229,RUS-T_long_04,Sentiment_label,"У Феличе много друзей: балкон, две книжки, подушка, окно, а в этом окне — ещё и целая ночь с яркой луной.","У Феличе много друзей: балкон, две книжки, подушка, окно, а в этом окне — ещё и целая ночь с яркой луной.",+1 POSITIVE,0 NEUTRAL,+1 POSITIVE,наличие положительных оценочных признаков,B-6,True,A,ADJ,2026-07-17
C1230,RUS-T_long_04,Sentiment_label,"Кроме того, Феличе дружит с малярной кистью, с ногами и руками хозяина — и правыми, и левыми; а давным-давно, когда Феличе был маленьким котёнком, у него было ещё два друга: мячик и кепка.","Кроме того, Феличе дружит с малярной кистью, с ногами и руками хозяина — и правыми, и левыми; а давным-давно, когда Феличе был маленьким котёнком, у него было ещё два друга: мячик и кепка.",+1 POSITIVE,0 NEUTRAL,+1 POSITIVE,"наличие положительных образов (дружба с предметами, детские воспоминания)",B-6,True,A,ADJ,2026-07-17
C1231,RUS-T_long_04,Sentiment_label,Жарко!,Жарко!,-1 NEGATIVE,0 NEUTRAL,-1 NEGATIVE,прямое называние физического дискомфорта («жарко»),B-17,True,A,ADJ,2026-07-17
C1232,RUS-T_long_04,Sentiment_label,"«Интересно, куда он полетит?» / — подумал Феличе.","«Интересно, куда он полетит?» — подумал Феличе.",+1 POSITIVE,0 NEUTRAL,+1 POSITIVE,любопытство и воображение как позитивные эмоции,B-12,True,A,ADJ,2026-07-17
C1233,RUS-T_long_04,Sentiment_label,"— Ребята, тише! / — строго сказал Папа-Тигр.","— Ребята, тише! — строго сказал Папа-Тигр.",-1 NEGATIVE,0 NEUTRAL,-1 NEGATIVE,строгий приказ как выражение негативной интонации,B-17,True,A,ADJ,2026-07-17
C1234,RUS-T_long_04,Sentiment_label,"— Дядя Феличе, а ты женат?","— Дядя Феличе, а ты женат?",+1 POSITIVE,0 NEUTRAL,+1 POSITIVE,вопрос проявляется как проявление детского любопытства и позитивной вовлечённости,B-5,False,A,ADJ,2026-07-17
C1235,RUS-T_long_04,Sentiment_label,"— Дядя Феличе, а почему ты такой маленький?","— Дядя Феличе, а почему ты такой маленький?",+1 POSITIVE,0 NEUTRAL,+1 POSITIVE,вопрос без явных маркеров негатива,B-5,False,A,ADJ,2026-07-17
C1236,RUS-T_long_04,Sentiment_label,"! Доводилось мне слышать о ваших клыках, когтях и страшных глазах — да только вы совсем не такие.","Доводилось мне слышать о ваших клыках, когтях и страшных глазах — да только вы совсем не такие.",+1 POSITIVE,0 NEUTRAL,+1 POSITIVE,"признание того, что тигры не такие, как о них говорят, в разметку попал восклицательный знак в начале",B-16,True,A,ADJ,2026-07-17
C1237,RUS-T_long_04,Sentiment_label,"Тигры на самом деле очень романтичны, когда им этого захочется.","Тигры на самом деле очень романтичны, когда им этого захочется.",+1 POSITIVE,0 NEUTRAL,+1 POSITIVE,наличие положительных оценочных признаков («романтичны»),B-6,True,A,ADJ,2026-07-17
C1238,RUS-T_long_04,Sentiment_label,А реки в Китае действительно огромные!,А реки в Китае действительно огромные!,+1 POSITIVE,0 NEUTRAL,+1 POSITIVE,наличие положительных оценочных признаков («романтичны»),B-6,True,A,ADJ,2026-07-17
C1239,RUS-T_long_04,Sentiment_label,"Они такие широкие, что даже не помещались у Феличе в глазах, и пришлось ему вертеть головой в разные стороны.","Они такие широкие, что даже не помещались у Феличе в глазах, и пришлось ему вертеть головой в разные стороны.",+1 POSITIVE,0 NEUTRAL,+1 POSITIVE,"наличие положительных образов (величие природы, восхищение)",B-6,True,A,ADJ,2026-07-17
C1240,RUS-T_long_04,Sentiment_label,И горы такие же — огромные!,И горы такие же — огромные!,+1 POSITIVE,0 NEUTRAL,+1 POSITIVE,наличие положительных образов,B-6,True,A,ADJ,2026-07-17
C1241,RUS-T_long_04,Sentiment_label,Феличе с удовольствием принялся за угощение.,Феличе с удовольствием принялся за угощение.,+1 POSITIVE,0 NEUTRAL,+1 POSITIVE,ключевой маркер «с удовольствием»,B-12,True,A,ADJ,2026-07-17
C1242,RUS-T_long_04,Sentiment_label,"Хозяева дома были так приветливы и элегантны, что хоть сейчас приглашай их на королевский банкет.","Хозяева дома были так приветливы и элегантны, что хоть сейчас приглашай их на королевский банкет.",+1 POSITIVE,0 NEUTRAL,+1 POSITIVE,наличие положительных оценочных признаков,B-6,True,A,ADJ,2026-07-17
C1243,RUS-T_long_04,Sentiment_label,Сверху икры положи побольше — это очень вкусно!,Сверху икры положи побольше — это очень вкусно!,+1 POSITIVE,0 NEUTRAL,+1 POSITIVE,наличие положительных оценочных признаков,B-6,True,A,ADJ,2026-07-17
C1244,RUS-T_long_04,Sentiment_label,"Я скучаю по ним, мы давно не виделись.","Я скучаю по ним, мы давно не виделись.",-1 NEGATIVE,0 NEUTRAL,-1 NEGATIVE,прямое называние тоски,B-17,True,A,ADJ,2026-07-17
C1245,RUS-T_long_04,Sentiment_label,"Говорят, что они прекрасны...","Говорят, что они прекрасны...",+1 POSITIVE,0 NEUTRAL,+1 POSITIVE,наличие положительных оценочных признаков,B-6,True,A,ADJ,2026-07-17
C1246,RUS-T_long_04,Sentiment_label,"«В конце концов, / — подумал Феличе, / — мы с ней и в самом деле очень похожи.","«В конце концов, — подумал Феличе, — мы с ней и в самом деле очень похожи.",+1 POSITIVE,0 NEUTRAL,+1 POSITIVE,расширение: осознание родства и близости как позитивная эмоция,B-7,True,A,ADJ,2026-07-17
C1247,RUS-T_long_04,Sentiment_label,Как она грациозно скользит по каньону среди кактусов — совсем как я крадусь дома между диваном и фикусом...»,Как она грациозно скользит по каньону среди кактусов — совсем как я крадусь дома между диваном и фикусом...»,+1 POSITIVE,0 NEUTRAL,+1 POSITIVE,наличие положительных оценочных признаков,B-6,True,A,ADJ,2026-07-17
C1248,RUS-T_long_04,Sentiment_label,Но пришла пора прощаться.,Но пришла пора прощаться.,-1 NEGATIVE,0 NEUTRAL,-1 NEGATIVE,негативная эмоция без позитивного разрешения,B-4,False,A,ADJ,2026-07-17
C1249,RUS-T_long_04,Sentiment_label,"— Знаешь, братик, мы ведь очень похожи.","— Знаешь, братик, мы ведь очень похожи.",+1 POSITIVE,0 NEUTRAL,+1 POSITIVE,подтверждение родства и любви,B-16,True,A,ADJ,2026-07-17
C1250,RUS-T_long_04,Sentiment_label,"Ночи здесь очень тёмные, но ещё чернее, чем ночь — Пантера!","Ночи здесь очень тёмные, но ещё чернее, чем ночь — Пантера!",-1 NEGATIVE,0 NEUTRAL,-1 NEGATIVE,"описание тёмного, опасного места",B-18,True,A,ADJ,2026-07-17
C1251,RUS-T_long_04,Sentiment_label,"Здесь тебе не крыша дома, здесь надо быть осторожным.","Здесь тебе не крыша дома, здесь надо быть осторожным.",-1 NEGATIVE,0 NEUTRAL,-1 NEGATIVE,предупреждение об опасности,B-18,True,A,ADJ,2026-07-17
C1252,RUS-T_long_04,Sentiment_label,"Он всегда полагал, что является совершенством в вопросах равновесия, ловкости и изящества, но рядом с этой красоткой В чёрном бархате он выглядел довольно неуклюже.","Он всегда полагал, что является совершенством в вопросах равновесия, ловкости и изящества, но рядом с этой красоткой В чёрном бархате он выглядел довольно неуклюже.",-1 NEGATIVE,0 NEUTRAL,-1 NEGATIVE,прямое называние негативной самооценки («неуклюже»),B-17,True,A,ADJ,2026-07-18
C1253,RUS-T_long_04,Sentiment_label,"— О, это ты должен меня простить — у меня слишком строптивый нрав и завышенные требования.","— О, это ты должен меня простить — у меня слишком строптивый нрав и завышенные требования.",-1 NEGATIVE,+1 POSITIVE,+1 POSITIVE,самоирония без негатива,B-8,True,B,ADJ,2026-07-18
C1254,RUS-T_long_04,Sentiment_label,"— Увы, мне пора.","— Увы, мне пора.",-1 NEGATIVE,0 NEUTRAL,-1 NEGATIVE,прямое выражение сожаления («увы»),B-17,True,A,ADJ,2026-07-18
C1255,RUS-T_long_04,Sentiment_label,"Я знал, что ты прекрасна, но теперь вижу, что ты поистине Королева Ночи.","Я знал, что ты прекрасна, но теперь вижу, что ты поистине Королева Ночи.",+1 POSITIVE,0 NEUTRAL,+1 POSITIVE,"наличие положительных оценочных признаков («прекрасна», «Королева Ночи»)",B-6,True,A,ADJ,2026-07-18
C1256,RUS-T_long_04,Sentiment_label,"Феличе подошёл к ним, широко зёвая — долгое путешествие и бессонная ночь утомили его.","Феличе подошёл к ним, широко зёвая — долгое путешествие и бессонная ночь утомили его.",-1 NEGATIVE,0 NEUTRAL,-1 NEGATIVE,усталость как следствие долгого пути,B-18,True,A,ADJ,2026-07-18
C1257,RUS-T_long_04,Sentiment_label,"Проснувшись, ты вдруг понимаешь, что стал чуточку ближе к своим братьям и сёстрам, дядюшкам и тётушкам, бабушкам и дедушкам, и даже ко всем общим далёким предкам.","Проснувшись, ты вдруг понимаешь, что стал чуточку ближе к своим братьям и сёстрам, дядюшкам и тётушкам, бабушкам и дедушкам, и даже ко всем общим далёким предкам.",+1 POSITIVE,0 NEUTRAL,+1 POSITIVE,осознание близости с семьёй как позитивная эмоция,B-7,True,A,ADJ,2026-07-18
C1258,RUS-T_long_04,Sentiment_label,Однако настала пора возвращаться.,Однако настала пора возвращаться.,-1 NEGATIVE,0 NEUTRAL,-1 NEGATIVE,грусть без позитивного разрешения,B-4,False,A,ADJ,2026-07-18
C1259,RUS-T_long_04,Sentiment_label,Феличе снова оказался на своём любимом балконе.,Феличе снова оказался на своём любимом балконе.,+1 POSITIVE,0 NEUTRAL,+1 POSITIVE,ключевой маркер «любимом»,B-12,True,A,ADJ,2026-07-18
C1260,RUS-T_long_04,Sentiment_label,Он сидел и любовался городом — отсюда открывается прекрасный вид.,Он сидел и любовался городом — отсюда открывается прекрасный вид.,+1 POSITIVE,0 NEUTRAL,+1 POSITIVE,наличие положительных оценочных признаков («прекрасный»),B-6,True,A,ADJ,2026-07-18
C1261,RUS-T_long_04,Sentiment_label,"Он собрал вокруг всех своих друзей — книги, подушку, окно, ночь с луной — и рассказывал им о своём путешествии, о тиграх, снежных барсах, львином сне и счастье.","Он собрал вокруг всех своих друзей — книги, подушку, окно, ночь с луной — и рассказывал им о своём путешествии, о тиграх, снежных барсах, львином сне и счастье.",+1 POSITIVE,0 NEUTRAL,+1 POSITIVE,"наличие положительных образов (друзья, счастье)",B-6,True,A,ADJ,2026-07-18
C1262,RUS-T_long_04,Sentiment_label,Он просто смотрит на хозяина загадочно и чуть-чуть снисходительно.,Он просто смотрит на хозяина загадочно и чуть-чуть снисходительно.,+1 POSITIVE,0 NEUTRAL,+1 POSITIVE,кошачье поведение как проявление характера,B-12,True,A,ADJ,2026-07-18
C1263,RUS-T_long_04,Sentiment_label,"Итак, дорогой читатель, если вдруг однажды ты не найдёшь своего кота и, посмотрев раз двадцать в ящиках, шкафах, под кроватью, в горшках, в буфете с посудой, за книжным шкафом, в духовке и под лестницей, на крыше, в жёлобе, в саду, у соседей; под машинами, припаркованными у дороги... / ...а потом начнёшь предполагать самое страшное и в тридцать первый раз пойдёшь смотреть в ящиках шкафах под кроватью в горшках в буфете с посудой за книжным шкафом в духовке и под лестницей на крыше в жёлобе в саду у соседей под машинами, припаркованными у дороги... ...","Итак, дорогой читатель, если вдруг однажды ты не найдёшь своего кота и, посмотрев раз двадцать в ящиках, шкафах, под кроватью, в горшках, в буфете с посудой, за книжным шкафом, в духовке и под лестницей, на крыше, в жёлобе, в саду, у соседей; под машинами, припаркованными у дороги... ...а потом начнёшь предполагать самое страшное и в тридцать первый раз пойдёшь смотреть в ящиках шкафах под кроватью в горшках в буфете с посудой за книжным шкафом в духовке и под лестницей на крыше в жёлобе в саду у соседей под машинами, припаркованными у дороги...",0 NEUTRAL,-1 NEGATIVE,0 NEUTRAL,"части сегмента, где негативная эмоция только предполагается, но не реализуется внутри самого сегмента, размечаются как нейтральные. Здесь «самое страшное» — это гипербола, а не реальный страх",B-11,True,A,ADJ,2026-07-18
C1264,RUS-T_long_04,Sentiment_label,"И пока ты беспокоишься о своём коте, он лакомится жареным стейком в Великом каньоне, мясом на вертеле в Бразилии, креветками и омлетом в Индии, блинами с икрой в России или чаем с селёдкой в Китае.","И пока ты беспокоишься о своём коте, он лакомится жареным стейком в Великом каньоне, мясом на вертеле в Бразилии, креветками и омлетом в Индии, блинами с икрой в России или чаем с селёдкой в Китае.",+1 POSITIVE,0 NEUTRAL,+1 POSITIVE,удовольствие от еды и путешествий,B-12,True,A,ADJ,2026-07-18
C1265,RUS-T_long_04,Sentiment_label,"А может быть, он просто спит под акацией в Африке, в царской компании львов?","А может быть, он просто спит под акацией в Африке, в царской компании львов?",+1 POSITIVE,0 NEUTRAL,+1 POSITIVE,наличие положительных оценочных признаков («царской компании»),B-6,True,A,ADJ,2026-07-18
C1266,RUS-T_long_05,NER_label,Малыш,Малыш,PER_ROLE,PER_FAMILY,PER_ROLE,"слова, обозначающие возрастные/социальные роли",A-11,True,A,ADJ,2026-07-18
C1267,RUS-T_long_05,NER_label,малыш,малыш,PER_ROLE,PER_FAMILY,PER_ROLE,"слова, обозначающие возрастные/социальные роли",A-11,True,A,ADJ,2026-07-18
C1268,RUS-T_long_05,NER_label,ленивец,ленивец,PER_ROLE,PER_NAME,PER_ROLE,животные как общий вид или категория без уникальных имён,A-3,False,A,ADJ,2026-07-18
C1269,RUS-T_long_05,NER_label,мамы,мамы,PER_FAMILY,PER_ROLE,PER_FAMILY,обычное слово родства,A-5,False,A,ADJ,2026-07-18
C1270,RUS-T_long_05,NER_label,Колёсик,Колёсик,PER_ROLE,PER_NAME,PER_NAME,"уникальное авторское имя, созданное для конкретного персонажа",A-1,False,B,ADJ,2026-07-18
C1271,RUS-T_long_05,NER_label,собака,собака,PER_ROLE,PER_NAME,PER_ROLE,животные как общий вид или категория без уникальных имён,A-3,False,A,ADJ,2026-07-18
C1272,RUS-T_long_05,NER_label,малыш,малыш,PER_ROLE,PER_FAMILY,PER_ROLE,"слова, обозначающие возрастные/социальные роли",A-11,True,A,ADJ,2026-07-18
C1273,RUS-T_long_05,NER_label,малыш,малыш,PER_ROLE,PER_FAMILY,PER_ROLE,"слова, обозначающие возрастные/социальные роли",A-11,True,A,ADJ,2026-07-18
C1274,RUS-T_long_05,NER_label,малыш,малыш,PER_ROLE,PER_FAMILY,PER_ROLE,"слова, обозначающие возрастные/социальные роли",A-11,True,A,ADJ,2026-07-18
C1275,RUS-T_long_05,NER_missed_by_B,светлячок,,PER_ROLE,,PER_ROLE,животные/насекомые как общий вид или категория без уникальных имён,A-3,False,A,ADJ,2026-07-18
C1276,RUS-T_long_05,NER_missed_by_A,,ленивец,,PER_ROLE,PER_ROLE,животные как общий вид или категория без уникальных имён,A-3,False,B,ADJ,2026-07-18
C1277,RUS-T_long_05,NER_missed_by_A,,мамы,,PER_FAMILY,PER_FAMILY,обычное слово родства,A-5,False,B,ADJ,2026-07-18
C1278,RUS-T_long_05,NER_missed_by_A,,собака,,PER_ROLE,PER_ROLE,животные как общий вид или категория без уникальных имён,A-3,False,B,ADJ,2026-07-18
C1279,RUS-T_long_05,Sentiment_label,"- Прямо как у нас в джунглях, да, мама? / – перебил её Колёсик.","- Прямо как у нас в джунглях, да, мама? – перебил её Колёсик.",+1 POSITIVE,0 NEUTRAL,+1 POSITIVE,желание разделить впечатление с мамой как проявление близости,B-7,True,A,ADJ,2026-07-18
C1280,RUS-T_long_05,Sentiment_label,"- Да, милый.","- Да, милый.",+1 POSITIVE,0 NEUTRAL,+1 POSITIVE,ласковое обращение как проявление любви и заботы,B-7,True,A,ADJ,2026-07-18
C1281,RUS-T_long_05,Sentiment_label,"Шёл он, шёл и увидел, как впереди что-то блестит.","Шёл он, шёл и увидел, как впереди что-то блестит.",+1 POSITIVE,0 NEUTRAL,+1 POSITIVE,предвкушение находки как позитивная эмоция,B-12,True,A,ADJ,2026-07-18
C1282,RUS-T_long_05,Sentiment_label,- И что бы ты с ним сделал? – / улыбнулась мама.,- И что бы ты с ним сделал? – улыбнулась мама.,+1 POSITIVE,0 NEUTRAL,+1 POSITIVE,улыбка и заинтересованный вопрос как проявление поддержки,B-16,True,A,ADJ,2026-07-18
C1283,RUS-T_long_05,Sentiment_label,"– Не может быть, чтобы нигде в джунглях не было хотя бы малюсенького клада.","– Не может быть, чтобы нигде в джунглях не было хотя бы малюсенького клада.",-1 NEGATIVE,0 NEUTRAL,-1 NEGATIVE,негативная эмоция без позитивного разрешения,B-4,False,A,ADJ,2026-07-18
C1284,RUS-T_long_05,Sentiment_label,"Пошёл он на болото и спрашивает: / - Лягушка, лягушка, ты не знаешь, где мне найти настоящий клад?","Пошёл он на болото и спрашивает: - Лягушка, лягушка, ты не знаешь, где мне найти настоящий клад?",+1 POSITIVE,0 NEUTRAL,0 NEUTRAL,вопросы без маркеров тревоги/страха/радости,B-5,False,B,ADJ,2026-07-18
C1285,RUS-T_long_05,Sentiment_label,Чтобы было золото и алмазы?,Чтобы было золото и алмазы?,+1 POSITIVE,0 NEUTRAL,+1 POSITIVE,мечта о сокровище как позитивная эмоция,B-12,True,A,ADJ,2026-07-18
C1286,RUS-T_long_05,Sentiment_label,— От него же нет никакой пользы.,— От него же нет никакой пользы.,-1 NEGATIVE,0 NEUTRAL,-1 NEGATIVE,обесценивающее замечание как выражение негативного отношения,B-17,True,A,ADJ,2026-07-18
C1287,RUS-T_long_05,Sentiment_label,- А разве от сокровища должна быть польза?,- А разве от сокровища должна быть польза?,+1 POSITIVE,0 NEUTRAL,+1 POSITIVE,общий вектор — позитивный,B-3,False,A,ADJ,2026-07-18
C1288,RUS-T_long_05,Sentiment_label,- Конечно!,- Конечно!,+1 POSITIVE,0 NEUTRAL,+1 POSITIVE,энергичное подтверждение как выражение уверенности,B-2,False,A,ADJ,2026-07-18
C1289,RUS-T_long_05,Sentiment_label,Польза должна быть от всего.,Польза должна быть от всего.,+1 POSITIVE,0 NEUTRAL,0 NEUTRAL,слабо выраженная эмоция без драматизации,B-24,True,B,ADJ,2026-07-18
C1290,RUS-T_long_05,Sentiment_label,"Вот я, например, просыпаюсь раньше всех в джунглях и своими песнями бужу солнце.","Вот я, например, просыпаюсь раньше всех в джунглях и своими песнями бужу солнце.",+1 POSITIVE,0 NEUTRAL,+1 POSITIVE,гордость за своё дело как позитивная эмоция,B-12,True,A,ADJ,2026-07-18
C1291,RUS-T_long_05,Sentiment_label,"Я считаю, что моё пение — это самый настоящий клад.","Я считаю, что моё пение — это самый настоящий клад.",+1 POSITIVE,0 NEUTRAL,+1 POSITIVE,гордость за своё дело,B-12,True,A,ADJ,2026-07-18
C1292,RUS-T_long_05,Sentiment_label,"Хочешь, научу тебя петь?","Хочешь, научу тебя петь?",+1 POSITIVE,0 NEUTRAL,+1 POSITIVE,предложение научить как проявление добрых намерений,B-16,True,A,ADJ,2026-07-18
C1293,RUS-T_long_05,Sentiment_label,"- Спасибо, лягушка.","- Спасибо, лягушка.",+1 POSITIVE,0 NEUTRAL,+1 POSITIVE,выражение благодарности как проявление признания добрых намерений,B-16,True,A,ADJ,2026-07-18
C1294,RUS-T_long_05,Sentiment_label,"Сейчас я ищу сокровище, чтобы подарить маме.","Сейчас я ищу сокровище, чтобы подарить маме.",+1 POSITIVE,0 NEUTRAL,+1 POSITIVE,желание подарить подарок маме как проявление любви,B-7,True,A,ADJ,2026-07-18
C1295,RUS-T_long_05,Sentiment_label,"Пошёл Колёсик к хамелеону и говорит: / – Привет, хамелеон, ты не знаешь, где берут сокровища, чтобы было золото и алмазы?","Пошёл Колёсик к хамелеону и говорит: – Привет, хамелеон, ты не знаешь, где берут сокровища, чтобы было золото и алмазы?",+1 POSITIVE,0 NEUTRAL,0 NEUTRAL,вопросы без маркеров тревоги/страха/радости,B-5,False,B,ADJ,2026-07-18
C1296,RUS-T_long_05,Sentiment_label,– Вот ещё выдумал! / – засмеялся хамелеон.,– Вот ещё выдумал! – засмеялся хамелеон.,-1 NEGATIVE,+1 POSITIVE,-1 NEGATIVE,"когда есть явная насмешка, унижение или эмоциональное страдание персонажа, даже «смех» получает отрицательную оценку. Здесь насмешка над мечтой Колёсика создаёт негативный вектор.",B-8,True,A,ADJ,2026-07-18
C1297,RUS-T_long_05,Sentiment_label,– Зачем мне нужно золото?,– Зачем мне нужно золото?,-1 NEGATIVE,0 NEUTRAL,-1 NEGATIVE,"общий вектор эпизода — негативный (насмешка, обесценивание)",B-3,False,A,ADJ,2026-07-18
C1298,RUS-T_long_05,Sentiment_label,Его даже съесть нельзя.,Его даже съесть нельзя.,-1 NEGATIVE,0 NEUTRAL,-1 NEGATIVE,пренебрежительное замечание,B-17,True,A,ADJ,2026-07-18
C1299,RUS-T_long_05,Sentiment_label,От него нет никакой пользы.,От него нет никакой пользы.,-1 NEGATIVE,0 NEUTRAL,-1 NEGATIVE,пренебрежительное замечание,B-17,True,A,ADJ,2026-07-18
C1300,RUS-T_long_05,Sentiment_label,"В джунглях полно опасностей, а золото не поможет от них спрятаться.","В джунглях полно опасностей, а золото не поможет от них спрятаться.",-1 NEGATIVE,0 NEUTRAL,-1 NEGATIVE,описание опасностей,B-18,True,A,ADJ,2026-07-18
C1301,RUS-T_long_05,Sentiment_label,"Вот я, например, умею менять цвет кожи.","Вот я, например, умею менять цвет кожи.",+1 POSITIVE,0 NEUTRAL,+1 POSITIVE,гордость за свою способность как позитивная эмоция,B-12,True,A,ADJ,2026-07-18
C1302,RUS-T_long_05,Sentiment_label,"Знаешь, какое это полезное дело?","Знаешь, какое это полезное дело?",+1 POSITIVE,0 NEUTRAL,+1 POSITIVE,самооценка как позитивная эмоция,B-12,True,A,ADJ,2026-07-18
C1303,RUS-T_long_05,Sentiment_label,Настоящий клад.,Настоящий клад.,+1 POSITIVE,0 NEUTRAL,+1 POSITIVE,наличие положительных оценочных признаков («клад»),B-6,True,A,ADJ,2026-07-18
C1304,RUS-T_long_05,Sentiment_label,Могу и тебя научить.,Могу и тебя научить.,+1 POSITIVE,0 NEUTRAL,+1 POSITIVE,предложение научить как проявление добрых намерений,B-16,True,A,ADJ,2026-07-18
C1305,RUS-T_long_05,Sentiment_label,Наденешь – и тебя никто не узнает.,Наденешь – и тебя никто не узнает.,+1 POSITIVE,0 NEUTRAL,0 NEUTRAL,слабо выраженная эмоция без драматизации,B-24,True,B,ADJ,2026-07-18
C1306,RUS-T_long_05,Sentiment_label,"– Как-нибудь в другой раз, / – вздохнул Колёсик.","– Как-нибудь в другой раз, – вздохнул Колёсик.",-1 NEGATIVE,0 NEUTRAL,-1 NEGATIVE,вздох как маркер негативного состояния,B-17,True,A,ADJ,2026-07-18
C1307,RUS-T_long_05,Sentiment_label,"– Значит, ты не знаешь, где найти золото и алмазы?","– Значит, ты не знаешь, где найти золото и алмазы?",-1 NEGATIVE,0 NEUTRAL,-1 NEGATIVE,негативная эмоция без позитивного разрешения,B-4,False,A,ADJ,2026-07-18
C1308,RUS-T_long_05,Sentiment_label,Ведь знания лучше любого клада.,Ведь знания лучше любого клада.,+1 POSITIVE,0 NEUTRAL,+1 POSITIVE,наличие положительных оценочных признаков («лучше любого клада»),B-6,True,A,ADJ,2026-07-18
C1309,RUS-T_long_05,Sentiment_label,"Питон неторопливо заплёл хвост так, что и правда получилась буква «А».","Питон неторопливо заплёл хвост так, что и правда получилась буква «А».",+1 POSITIVE,0 NEUTRAL,+1 POSITIVE,наличие положительных образов (игровое обучение),B-6,True,A,ADJ,2026-07-18
C1310,RUS-T_long_05,Sentiment_label,– А сейчас я ищу сокровище для моей мамы,– А сейчас я ищу сокровище для моей мамы.,+1 POSITIVE,0 NEUTRAL,+1 POSITIVE,желание сделать подарок маме как проявление любви,B-7,True,A,ADJ,2026-07-18
C1311,RUS-T_long_05,Sentiment_label,– Он любит всё блестящее.,– Он любит всё блестящее.,+1 POSITIVE,0 NEUTRAL,+1 POSITIVE,интерес к блестящему как позитивная характеристика,B-12,True,A,ADJ,2026-07-18
C1312,RUS-T_long_05,Sentiment_label,"– Привет, обезьянка.","– Привет, обезьянка.",0 NEUTRAL,+1 POSITIVE,+1 POSITIVE,дружелюбное приветствие как проявление добрых намерений,B-16,True,B,ADJ,2026-07-18
C1313,RUS-T_long_05,Sentiment_label,– Ну так ты его уже нашёл.,– Ну так ты его уже нашёл.,+1 POSITIVE,0 NEUTRAL,+1 POSITIVE,разрешение поисков,B-23,True,A,ADJ,2026-07-18
C1314,RUS-T_long_05,Sentiment_label,"– А я думал, что сокровище – это золото и алмазы.","– А я думал, что сокровище – это золото и алмазы.",+1 POSITIVE,0 NEUTRAL,0 NEUTRAL,слабо выраженная эмоция без драматизации,B-24,True,B,ADJ,2026-07-18
C1315,RUS-T_long_05,Sentiment_label,"Вдруг Колёсик услышал, как кто-то кричит из кустов: / Алмазы чистой воды!","Вдруг Колёсик услышал, как кто-то кричит из кустов: - Алмазы чистой воды!",-1 NEGATIVE,0 NEUTRAL,+1 POSITIVE,восклицательная реплика с положительной характеристикой («чистой воды»),B-2,False,neither,ADJ,2026-07-18
C1316,RUS-T_long_05,Sentiment_label,Видит: маленький паук любуется каплями росы.,Видит: маленький паук любуется каплями росы.,+1 POSITIVE,0 NEUTRAL,+1 POSITIVE,наличие положительных оценочных признаков («любуется»),B-6,True,A,ADJ,2026-07-18
C1317,RUS-T_long_05,Sentiment_label,"- Паучок, где тут алмазы? / – спросил Колёсик.","- Паучок, где тут алмазы? – спросил Колёсик.",+1 POSITIVE,0 NEUTRAL,+1 POSITIVE,в данном случае вопрос смягчён ласковым обращением и контекстом (поиск подарка для мамы),B-5,False,A,ADJ,2026-07-18
C1318,RUS-T_long_05,Sentiment_label,– Они очень нужны для моей мамы!,– Они очень нужны для моей мамы!,+1 POSITIVE,0 NEUTRAL,+1 POSITIVE,выражение сильного желания сделать подарок маме,B-7,True,A,ADJ,2026-07-18
C1319,RUS-T_long_05,Sentiment_label,"– Нет ничего прекраснее, правда?","– Нет ничего прекраснее, правда?",+1 POSITIVE,0 NEUTRAL,+1 POSITIVE,наличие положительных оценочных признаков («прекраснее»),B-6,True,A,ADJ,2026-07-18
C1320,RUS-T_long_05,Sentiment_label,"Знаешь, как они горят на солнце?","Знаешь, как они горят на солнце?",+1 POSITIVE,0 NEUTRAL,+1 POSITIVE,наличие положительных образов (горящие на солнце капли),B-6,True,A,ADJ,2026-07-18
C1321,RUS-T_long_05,Sentiment_label,"– Но мама говорила, что алмазы – это камни.","– Но мама говорила, что алмазы – это камни.",+1 POSITIVE,0 NEUTRAL,0 NEUTRAL,слабо выраженная эмоция без драматизации,B-24,True,B,ADJ,2026-07-18
C1322,RUS-T_long_05,Sentiment_label,"- Нет, мои алмазы – это капли росы, / ответил паук.","- Нет, мои алмазы – это капли росы, – ответил паук.",+1 POSITIVE,0 NEUTRAL,+1 POSITIVE,поэтичный образ,B-6,True,A,ADJ,2026-07-18
C1323,RUS-T_long_05,Sentiment_label,– Каждое утро я любуюсь ими.,– Каждое утро я любуюсь ими.,+1 POSITIVE,0 NEUTRAL,+1 POSITIVE,ключевой маркер «любуюсь»,B-12,True,A,ADJ,2026-07-18
C1324,RUS-T_long_05,Sentiment_label,Алмазы на любой вкус,Алмазы на любой вкус,+1 POSITIVE,0 NEUTRAL,+1 POSITIVE,наличие положительных образов (алмазы на любой вкус),B-6,True,A,ADJ,2026-07-18
C1325,RUS-T_long_05,Sentiment_label,Подобрался Колёсик поближе и пощекотал спящему нос.,Подобрался Колёсик поближе и пощекотал спящему нос.,+1 POSITIVE,0 NEUTRAL,+1 POSITIVE,игровое озорство как проявление радости,B-12,True,A,ADJ,2026-07-18
C1326,RUS-T_long_05,Sentiment_label,Что это тебе не спится в такой тёплый день?,Что это тебе не спится в такой тёплый день?,+1 POSITIVE,0 NEUTRAL,+1 POSITIVE,вопрос смягчён положительным образом («тёплый день»),B-5,False,A,ADJ,2026-07-19
C1327,RUS-T_long_05,Sentiment_label,"- Я ищу сокровище для моей мамы, / – ответил Колёсик.","- Я ищу сокровище для моей мамы, – ответил Колёсик.",+1 POSITIVE,0 NEUTRAL,+1 POSITIVE,доброе намерение порадовать маму,B-16,True,A,ADJ,2026-07-19
C1328,RUS-T_long_05,Sentiment_label,"Я знаю, где можно найти парочку отличных кладов.","– Я знаю, где можно найти парочку отличных кладов.",+1 POSITIVE,0 NEUTRAL,+1 POSITIVE,радость от обещания,B-12,True,A,ADJ,2026-07-19
C1329,RUS-T_long_05,Sentiment_label,- В мечтах.,- В мечтах.,+1 POSITIVE,0 NEUTRAL,+1 POSITIVE,наличие положительных оценочных признаков («мечтах»),B-6,True,A,ADJ,2026-07-19
C1330,RUS-T_long_05,Sentiment_label,Все клады находятся в наших мечтах.,Все клады находятся в наших мечтах.,+1 POSITIVE,0 NEUTRAL,+1 POSITIVE,наличие положительных оценочных признаков («мечтах»),B-6,True,A,ADJ,2026-07-19
C1331,RUS-T_long_05,Sentiment_label,Колёсик устал и совсем загрустил.,Колёсик устал и совсем загрустил.,-1 NEGATIVE,0 NEUTRAL,-1 NEGATIVE,прямое называние грусти и усталости,B-17,True,A,ADJ,2026-07-19
C1332,RUS-T_long_05,Sentiment_label,"- Привет, собака, / – вздохнул Колёсик.","- Привет, собака, – вздохнул Колёсик.",-1 NEGATIVE,0 NEUTRAL,-1 NEGATIVE,вздох как маркер негативного состояния,B-17,True,A,ADJ,2026-07-19
C1333,RUS-T_long_05,Sentiment_label,"– Понимаешь, я весь день искал клад, чтобы подарить его маме.","– Понимаешь, я весь день искал клад, чтобы подарить его маме.",-1 NEGATIVE,0 NEUTRAL,-1 NEGATIVE,негативная эмоция без позитивного разрешения,B-4,False,A,ADJ,2026-07-19
C1334,RUS-T_long_05,Sentiment_label,"Но никто не знает, где найти настоящее сокровище, чтобы были золото и алмазы.","Но никто не знает, где найти настоящее сокровище, чтобы были золото и алмазы.",-1 NEGATIVE,0 NEUTRAL,-1 NEGATIVE,негативная эмоция без позитивного разрешения,B-4,False,A,ADJ,2026-07-19
C1335,RUS-T_long_05,Sentiment_label,"У лягушки – пение, у хамелеона – его умение прятаться, у питона – мудрость.","У лягушки – пение, у хамелеона – его умение прятаться, у питона – мудрость.",+1 POSITIVE,0 NEUTRAL,+1 POSITIVE,ценность каждого дара,B-12,True,A,ADJ,2026-07-19
C1336,RUS-T_long_05,Sentiment_label,"Паук считает, что настоящее сокровище – это красота, а ленивец говорит, что любой клад можно найти в мечтах.","Паук считает, что настоящее сокровище – это красота, а ленивец говорит, что любой клад можно найти в мечтах.",+1 POSITIVE,0 NEUTRAL,+1 POSITIVE,"наличие положительных оценочных признаков (красота, мечты)",B-6,True,A,ADJ,2026-07-19
C1337,RUS-T_long_05,Sentiment_label,"Просто не знаю, где мне найти золото и алмазы для моей мамы...","Просто не знаю, где мне найти золото и алмазы для моей мамы...",-1 NEGATIVE,0 NEUTRAL,-1 NEGATIVE,негативная эмоция без позитивного разрешения,B-4,False,A,ADJ,2026-07-19
C1338,RUS-T_long_05,Sentiment_label,"- А ты не думал, вдруг твоя мама знает, где найти сокровище?","- А ты не думал, вдруг твоя мама знает, где найти сокровище?",+1 POSITIVE,0 NEUTRAL,+1 POSITIVE,"вопрос, направленный на поиск надежды",B-19,True,A,ADJ,2026-07-19
C1339,RUS-T_long_05,Sentiment_label,- Правда? / – удивился Колёсик,- Правда? – удивился Колёсик.,+1 POSITIVE,0 NEUTRAL,+1 POSITIVE,радость от открытия,B-12,True,A,ADJ,2026-07-19
C1340,RUS-T_long_05,Sentiment_label,"Спасибо, собака, тогда я побежал к маме?","Спасибо, собака, тогда я побежал к маме?",+1 POSITIVE,0 NEUTRAL,+1 POSITIVE,выражение благодарности,B-16,True,A,ADJ,2026-07-19
C1341,RUS-T_long_05,Sentiment_label,"Тем временем совсем стемнело, и Колёсик чуть не заблудился.","Тем временем совсем стемнело, и Колёсик чуть не заблудился.",-1 NEGATIVE,0 NEUTRAL,-1 NEGATIVE,описание темноты и опасности заблудиться,B-18,True,A,ADJ,2026-07-19
C1342,RUS-T_long_05,Sentiment_label,"Вдруг на тропинке блеснул яркий свет и обезьянке показалось, что он наконец нашёл своё сокровище.","Вдруг на тропинке блеснул яркий свет и обезьянке показалось, что он наконец нашёл своё сокровище.",+1 POSITIVE,0 NEUTRAL,+1 POSITIVE,момент надежды после долгих поисков,B-23,True,A,ADJ,2026-07-19
C1343,RUS-T_long_05,Sentiment_label,"Но это были не алмазы, а просто живой фонарик – маленький светлячок.","Но это были не алмазы, а просто живой фонарик – маленький светлячок.",-1 NEGATIVE,0 NEUTRAL,-1 NEGATIVE,разочарование без позитивного разрешения,B-4,False,A,ADJ,2026-07-19
C1344,RUS-T_long_05,Sentiment_label,"Когда мама увидела сына, она очень обрадовалась, взяла его на руки и крепко прижала к себе.","Когда мама увидела сына, она очень обрадовалась, взяла его на руки и крепко прижала к себе.",+1 POSITIVE,0 NEUTRAL,+1 POSITIVE,объятия как проявление любви и заботы,B-7,True,A,ADJ,2026-07-19
C1345,RUS-T_long_05,Sentiment_label,"– Мой хороший, любимый малыш, где ты был так долго / – спросила она, целуя его.","– Мой хороший, любимый малыш, где ты был так долго? – спросила она, целуя его.",+1 POSITIVE,0 NEUTRAL,+1 POSITIVE,ласковые обращения и поцелуи как проявление любви,B-7,True,A,ADJ,2026-07-19
C1346,RUS-T_long_05,Sentiment_label,"– Прости меня, мамочка, я искал-искал для тебя клад, но так и не нашёл, / – ответил Колёсик и тяжело вздохнул.","– Прости меня, мамочка, я искал-искал для тебя клад, но так и не нашёл, – ответил Колёсик и тяжело вздохнул.",-1 NEGATIVE,0 NEUTRAL,-1 NEGATIVE,извинение и вздох как маркеры негативного состояния,B-17,True,A,ADJ,2026-07-19
C1347,RUS-T_long_05,Sentiment_label,Для меня? / – удивилась мама.,– Для меня? – удивилась мама.,+1 POSITIVE,0 NEUTRAL,+1 POSITIVE,тёплый семейный момент,B-7,True,A,ADJ,2026-07-19
C1348,RUS-T_long_05,Sentiment_label,"– Разве ты не знал, что моё сокровище всегда со мной?","– Разве ты не знал, что моё сокровище всегда со мной?",+1 POSITIVE,0 NEUTRAL,+1 POSITIVE,"мама говорит, что сын — её сокровище, что является высшим проявлением любви",B-7,True,A,ADJ,2026-07-19
C1349,RUS-T_long_05,Sentiment_label,"Я не видел у тебя ни алмазов, ни золота! / – воскликнул Колёсик.","Я не видел у тебя ни алмазов, ни золота! – воскликнул Колёсик.",-1 NEGATIVE,0 NEUTRAL,0 NEUTRAL,"реплика, связанная с непониманием, получает нейтральную оценку при отсутствии негативной эмоциональной реакции",B-20,True,B,ADJ,2026-07-19
C1350,RUS-T_long_05,Sentiment_label,"Она достала зеркало, поднесла его к мордочке Колёсика и с улыбкой спросила: / - Видишь теперь?","Она достала зеркало, поднесла его к мордочке Колёсика и с улыбкой спросила: - Видишь теперь?",+1 POSITIVE,0 NEUTRAL,+1 POSITIVE,улыбка как проявление добрых намерений,B-16,True,A,ADJ,2026-07-19
C1351,RUS-T_long_05,Sentiment_label,"- Ну вот, сынок, теперь ты знаешь, что сокровищем называют то, что дороже всего на свете, не обязательно золото и алмазы.","- Ну вот, сынок, теперь ты знаешь, что сокровищем называют то, что дороже всего на свете, не обязательно золото и алмазы.",+1 POSITIVE,0 NEUTRAL,+1 POSITIVE,ласковое обращение к сыну,B-7,True,A,ADJ,2026-07-19
C1352,RUS-T_long_05,Sentiment_label,"У каждого бывает своё сокровище, которое он любит больше всего.","У каждого бывает своё сокровище, которое он любит больше всего.",+1 POSITIVE,0 NEUTRAL,+1 POSITIVE,"наличие положительных оценочных признаков («сокровище», «любит больше всего»)",B-6,True,A,ADJ,2026-07-19
C1353,RUS-T_medium_01,NER_missed_by_B,Ему становится капельку лучше.,,PER_NAME,,keep B,реплика не является сущностью,A-10,True,B,ADJ,2026-07-19
C1354,RUS-T_medium_01,NER_missed_by_B,Вим,,PER_NAME,,PER_NAME,уникальное авторское имя,A-1,False,A,ADJ,2026-07-19
C1355,RUS-T_medium_01,NER_missed_by_A,,ЛЕНИВЦА,,PER_ROLE,PER_ROLE,животные как общий вид или категория без уникальных имён,A-3,False,B,ADJ,2026-07-19
C1356,RUS-T_medium_01,NER_missed_by_A,,людей,,PER_ROLE,PER_ROLE,обобщённые группы без конкретной идентификации,A-5,False,B,ADJ,2026-07-19
C1357,RUS-T_medium_01,NER_missed_by_A,,друзьями,,PER_ROLE,PER_ROLE,"слова, обозначающие устойчивые социальные отношения персонажей",A-9,True,B,ADJ,2026-07-19
C1358,RUS-T_medium_01,NER_missed_by_A,,подругами,,PER_ROLE,PER_ROLE,"слова, обозначающие устойчивые социальные отношения персонажей",A-9,True,B,ADJ,2026-07-19
C1359,RUS-T_medium_01,NER_missed_by_A,,людьми,,PER_ROLE,PER_ROLE,обобщённые группы без конкретной идентификации,A-5,False,B,ADJ,2026-07-19
C1360,RUS-T_medium_01,Sentiment_label,"Такое чувство, что внутри всё как будто… как будто…","Такое чувство, что внутри всё как будто… как будто…",0 NEUTRAL,-1 NEGATIVE,0 NEUTRAL,эмоция не реализована внутри самого сегмента,B-11,True,A,ADJ,2026-07-19
C1361,RUS-T_medium_01,Sentiment_label,Сейчас Виму больше всего хочется…,Сейчас Виму больше всего хочется…,0 NEUTRAL,-1 NEGATIVE,0 NEUTRAL,"незавершённые фразы, где эмоция не реализована внутри самого сегмента",B-11,True,A,ADJ,2026-07-19
C1362,RUS-T_medium_01,Sentiment_label,"— Может, я смогу тебе помочь? / — говорит Крокодил.","— Может, я смогу тебе помочь? — говорит Крокодил.",0 NEUTRAL,+1 POSITIVE,+1 POSITIVE,предложение помощи как проявление добрых намерений,B-16,True,B,ADJ,2026-07-19
C1363,RUS-T_medium_01,Sentiment_label,"— Ты и правда зол, / — говорит Леопард.","— Ты и правда зол, — говорит Леопард. / зол",0 NEUTRAL,-1 NEGATIVE,-1 NEGATIVE,прямое называние негативной эмоции («зол»),B-17,True,B,ADJ,2026-07-19
C1364,RUS-T_medium_01,Sentiment_label,Попробуй и правда помогает!,Попробуй и правда помогает!,0 NEUTRAL,+1 POSITIVE,+1 POSITIVE,утверждение о полезности действия,B-12,True,B,ADJ,2026-07-19
C1365,RUS-T_medium_01,Sentiment_label,Вим начинает раскачивать пальму что есть силы.,Вим начинает раскачивать пальму что есть силы.,0 NEUTRAL,-1 NEGATIVE,0 NEUTRAL,слабо выраженная эмоция без драматизации,B-24,True,A,ADJ,2026-07-19
C1366,RUS-T_medium_01,Sentiment_label,Вим застывает в изумлении.,Вим застывает в изумлении.,+1 POSITIVE,-1 NEGATIVE,-1 NEGATIVE,изумление в контексте гнева,B-17,True,B,ADJ,2026-07-19
C1367,RUS-T_medium_01,Sentiment_label,"Вим точно знает, каково это!","Вим точно знает, каково это!",+1 POSITIVE,0 NEUTRAL,+1 POSITIVE,выражение эмпатии и понимания,B-16,True,A,ADJ,2026-07-19
C1368,RUS-T_medium_01,Sentiment_label,"Сперва Вим не знает, что посоветовать Ленивцу.","Сперва Вим не знает, что посоветовать Ленивцу.",-1 NEGATIVE,0 NEUTRAL,-1 NEGATIVE,косвенное выражение растерянности и неуверенности,B-4,False,A,ADJ,2026-07-19
C1369,RUS-T_medium_01,Sentiment_label,А НУ-КА ПОЩЕКОЧИ ЕГО КАК СЛЕДУЕТ!,А НУ-КА ПОЩЕКОЧИ ЕГО КАК СЛЕДУЕТ!,+1 POSITIVE,0 NEUTRAL,+1 POSITIVE,игровой призыв к щекотке как маркер радости,B-2,False,A,ADJ,2026-07-19
C1370,RUS-T_medium_01,Sentiment_label,"— А теперь пойдём в мой домик на дереве, / — приглашает Вим.","— А теперь пойдём в мой домик на дереве, — приглашает Вим.",0 NEUTRAL,-1 NEGATIVE,+1 POSITIVE,приглашение как проявление добрых намерений,B-16,True,neither,ADJ,2026-07-19
C1371,RUS-T_medium_01,Sentiment_label,"Ты уже знаешь некоторые чувства, например радость.","Ты уже знаешь некоторые чувства, например радость.",+1 POSITIVE,0 NEUTRAL,+1 POSITIVE,наличие положительных оценочных признаков («радость»),B-6,True,A,ADJ,2026-07-19
C1372,RUS-T_medium_01,Sentiment_label,"События, которые могут вызвать злость или гнев, происходят каждый день.","События, которые могут вызвать злость или гнев, происходят каждый день.",-1 NEGATIVE,0 NEUTRAL,-1 NEGATIVE,"прямое называние негативных эмоций («злость», «гнев»)",B-17,True,A,ADJ,2026-07-19
C1373,RUS-T_medium_01,Sentiment_label,"Часто тебе приходится делать то, что совсем не хочется.","Часто тебе приходится делать то, что совсем не хочется.",-1 NEGATIVE,0 NEUTRAL,-1 NEGATIVE,негативная эмоция без позитивного разрешения,B-4,False,A,ADJ,2026-07-19
C1374,RUS-T_medium_01,Sentiment_label,"Иногда, мастеря что-то или рисуя, ты не можешь сделать всё так, как тебе представлялось.","Иногда, мастеря что-то или рисуя, ты не можешь сделать всё так, как тебе представлялось.",-1 NEGATIVE,0 NEUTRAL,-1 NEGATIVE,несовпадение ожидания и реальности,B-18,True,A,ADJ,2026-07-19
C1375,RUS-T_medium_01,Sentiment_label,А иногда ты проигрываешь.,А иногда ты проигрываешь.,-1 NEGATIVE,0 NEUTRAL,-1 NEGATIVE,описание проигрыша как негативного события,B-14,True,A,ADJ,2026-07-19
C1376,RUS-T_medium_01,Sentiment_label,"Чаще всего, после того как сделаешь что-то сгоряча, всегда сожалеешь.","Чаще всего, после того как сделаешь что-то сгоряча, всегда сожалеешь.",-1 NEGATIVE,0 NEUTRAL,-1 NEGATIVE,прямое называние сожаления,B-17,True,A,ADJ,2026-07-19
C1377,RUS-T_medium_01,Sentiment_label,Злость — это закрытый котёл с кипящей водой,Злость — это закрытый котёл с кипящей водой.,-1 NEGATIVE,0 NEUTRAL,-1 NEGATIVE,образ сдерживаемого гнева как опасности,B-18,True,A,ADJ,2026-07-19
C1378,RUS-T_medium_01,Sentiment_label,Если получится выпустить пар наружу — станет легче.,Если получится выпустить пар наружу — станет легче.,+1 POSITIVE,0 NEUTRAL,+1 POSITIVE,наличие положительных оценочных признаков («легче»),B-6,True,A,ADJ,2026-07-19
C1379,RUS-T_medium_01,Sentiment_label,Лучше всего устранить причину гнева.,Лучше всего устранить причину гнева.,0 NEUTRAL,+1 POSITIVE,+1 POSITIVE,совет как проявление заботы,B-16,True,B,ADJ,2026-07-19
C1380,RUS-T_medium_01,Sentiment_label,"Воспоминания о том, из-за чего родился гнев, тускнеют.","Воспоминания о том, из-за чего родился гнев, тускнеют.",+1 POSITIVE,0 NEUTRAL,+1 POSITIVE,гнев уходит,B-23,True,A,ADJ,2026-07-19
C1381,RUS-T_medium_02,NER_missed_by_B,вертолёты,,PER_ROLE,,PER_ROLE,"слова, обозначающие категории транспортных средств без уникальных имён",A-12,True,A,ADJ,2026-07-19
C1382,RUS-T_medium_02,NER_missed_by_A,,большими,,PER_ROLE,keep A,"недостаточная разметка, прилагательное без существительного",A-8,False,A,ADJ,2026-07-19
C1383,RUS-T_medium_02,NER_missed_by_A,,спасательный,,PER_ROLE,keep A,"недостаточная разметка, прилагательное без существительного",A-8,False,A,ADJ,2026-07-19
C1384,RUS-T_medium_02,NER_missed_by_A,,группу,,PER_ROLE,keep A,"собирательные существительные, обозначающие группу («группа», «команда», «стая»), не являются самостоятельными NER-сущностями",A-10,True,A,ADJ,2026-07-19
C1385,RUS-T_medium_02,NER_missed_by_A,,напарников,,PER_ROLE,PER_ROLE,"слова, обозначающие профессиональные/функциональные роли",A-11,True,B,ADJ,2026-07-19
C1386,RUS-T_medium_02,NER_missed_by_A,,группа,,PER_ROLE,keep A,"собирательные существительные, обозначающие группу («группа», «команда», «стая»), не являются самостоятельными NER-сущностями.",A-10,True,A,ADJ,2026-07-19
C1387,RUS-T_medium_02,NER_missed_by_A,,Вжуху,,PER_NAME,PER_NAME,уникальное авторское имя,A-1,False,B,ADJ,2026-07-19
C1388,RUS-T_medium_02,NER_missed_by_A,,старшим,,PER_ROLE,keep A,"недостаточная разметка, прилагательное без существительного",A-8,False,A,ADJ,2026-07-19
C1389,RUS-T_medium_02,NER_missed_by_A,,больших,,PER_ROLE,keep A,"недостаточная разметка, прилагательное без существительного",A-8,False,A,ADJ,2026-07-19
C1390,RUS-T_medium_02,NER_missed_by_A,,Собака,,PER_ROLE,PER_ROLE,животные как общий вид или категория без уникальных имён,A-3,False,B,ADJ,2026-07-19
C1391,RUS-T_medium_02,NER_missed_by_A,,больших,,PER_ROLE,keep A,"недостаточная разметка, прилагательное без существительного",A-8,False,A,ADJ,2026-07-19
C1392,RUS-T_medium_02,NER_missed_by_A,,большие,,PER_ROLE,keep A,"недостаточная разметка, прилагательное без существительного",A-8,False,A,ADJ,2026-07-19
C1393,RUS-T_medium_02,Sentiment_label,Одним солнечным днём маленький вертолётик Вжух оказался в Цирбендорфе.,Одним солнечным днём маленький вертолётик Вжух оказался в Цирбендорфе.,+1 POSITIVE,0 NEUTRAL,+1 POSITIVE,"наличие положительных оценочных признаков («солнечным», «вертолётик»)",B-6,True,A,ADJ,2026-07-19
C1394,RUS-T_medium_02,Sentiment_label,"Он был поражён красотой этой местности: по яркому голубому небу плыли белые облака, а поверхность реки весело искрилась в лучах солнца.","Он был поражён красотой этой местности: по яркому голубому небу плыли белые облака, а поверхность реки весело искрилась в лучах солнца.",+1 POSITIVE,0 NEUTRAL,+1 POSITIVE,"наличие положительных оценочных признаков («красотой», «яркому», «весело»)",B-6,True,A,ADJ,2026-07-19
C1395,RUS-T_medium_02,Sentiment_label,"Вертолётику не терпелось подняться в воздух, чтобы полюбоваться красотами и посмотреть, не нуждается ли кто в его помощи.","Вертолётику не терпелось подняться в воздух, чтобы полюбоваться красотами и посмотреть, не нуждается ли кто в его помощи.",+1 POSITIVE,0 NEUTRAL,+1 POSITIVE,готовность помогать,B-16,True,A,ADJ,2026-07-19
C1396,RUS-T_medium_02,Sentiment_label,Ведь спасать людей и животных — профессия Вжуха.,Ведь спасать людей и животных — профессия Вжуха.,+1 POSITIVE,0 NEUTRAL,+1 POSITIVE,описание спасательной профессии как проявление добрых намерений,B-16,True,A,ADJ,2026-07-19
C1397,RUS-T_medium_02,Sentiment_label,"— Хм, а ты что за штуковина такая? / — насмешливо спросил Коптер.","— Хм, а ты что за штуковина такая? — насмешливо спросил Коптер.",-1 NEGATIVE,0 NEUTRAL,-1 NEGATIVE,насмешка и пренебрежение как формы негативной эмоциональной реакции,B-17,True,A,ADJ,2026-07-19
C1398,RUS-T_medium_02,Sentiment_label,"— Такой же спасательный вертолёт, как и ты, / — задиристо ответил малыш.","— Такой же спасательный вертолёт, как и ты, — задиристо ответил малыш.",+1 POSITIVE,0 NEUTRAL,+1 POSITIVE,уверенный ответ как проявление самоуважения,B-16,True,A,ADJ,2026-07-19
C1399,RUS-T_medium_02,Sentiment_label,"— Ну-ну, поглядим, / — хихикнул Хели.","— Ну-ну, поглядим, — хихикнул Хели.",-1 NEGATIVE,0 NEUTRAL,-1 NEGATIVE,насмешка и скепсис как формы негативной эмоциональной реакции,B-17,True,A,ADJ,2026-07-19
C1400,RUS-T_medium_02,Sentiment_label,"Вжух сделал вид, что не расслышал, и стал нервно озираться по сторонам.","Вжух сделал вид, что не расслышал, и стал нервно озираться по сторонам.",-1 NEGATIVE,0 NEUTRAL,-1 NEGATIVE,негативная эмоция без позитивного разрешения,B-4,False,A,ADJ,2026-07-19
C1401,RUS-T_medium_02,Sentiment_label,— Когда же мы полетим кого-нибудь спасать? / — нетерпеливо спросил он.,— Когда же мы полетим кого-нибудь спасать? — нетерпеливо спросил он.,+1 POSITIVE,0 NEUTRAL,+1 POSITIVE,желание помогать,B-16,True,A,ADJ,2026-07-19
C1402,RUS-T_medium_02,Sentiment_label,"Он знал, что летом тоже происходят несчастные случаи, и особенно — на воде.","Он знал, что летом тоже происходят несчастные случаи, и особенно — на воде.",-1 NEGATIVE,0 NEUTRAL,-1 NEGATIVE,осознание возможных происшествий,B-14,True,A,ADJ,2026-07-19
C1403,RUS-T_medium_02,Sentiment_label,— Но река не входит в зону нашей ответственности.,— Но река не входит в зону нашей ответственности.,0 NEUTRAL,-1 NEGATIVE,0 NEUTRAL,слабо выраженная эмоция без драматизации,B-24,True,A,ADJ,2026-07-19
C1404,RUS-T_medium_02,Sentiment_label,"- Однако мы не можем быть уверены, что ничего плохого не случится, / — не сдавался Вжух.","- Однако мы не можем быть уверены, что ничего плохого не случится, — не сдавался Вжух.",-1 NEGATIVE,0 NEUTRAL,-1 NEGATIVE,упоминание возможных плохих событий,B-18,True,A,ADJ,2026-07-19
C1405,RUS-T_medium_02,Sentiment_label,"- Река — это так, тренировка для новичков, / — проворчал Коптер","- Река — это так, тренировка для новичков, — проворчал Коптер.",0 NEUTRAL,-1 NEGATIVE,-1 NEGATIVE,проворчал как маркер раздражения и пренебрежения,B-17,True,B,ADJ,2026-07-19
C1406,RUS-T_medium_02,Sentiment_label,Откуда ни возьмись Коптер и Хели оказались рядом с Вжухом.,Откуда ни возьмись Коптер и Хели оказались рядом с Вжухом.,0 NEUTRAL,+1 POSITIVE,0 NEUTRAL,слабо выраженная эмоция без драматизации,B-24,True,A,ADJ,2026-07-19
C1407,RUS-T_medium_02,Sentiment_label,Но Вжух мечтал лишь об одном — поскорее попасть домой.,Но Вжух мечтал лишь об одном — поскорее попасть домой.,-1 NEGATIVE,0 NEUTRAL,-1 NEGATIVE,желание убежать от неприятной ситуации как маркер дискомфорта,B-17,True,A,ADJ,2026-07-19
C1408,RUS-T_medium_02,Sentiment_label,"Но однажды наступил день, когда Вжух больше не мог отсиживаться в ангаре.","Но однажды наступил день, когда Вжух больше не мог отсиживаться в ангаре.",-1 NEGATIVE,+1 POSITIVE,-1 NEGATIVE,негативная ситуация без позитивного разрешения,B-4,False,A,ADJ,2026-07-19
C1409,RUS-T_medium_02,Sentiment_label,"Едва непогода стихла, вертолёты отправились спасать туристов.","Едва непогода стихла, вертолёты отправились спасать туристов.",-1 NEGATIVE,0 NEUTRAL,+1 POSITIVE,спасение людей как проявление героизма и помощи,B-22,True,neither,ADJ,2026-07-19
C1410,RUS-T_medium_02,Sentiment_label,"Но в этот раз
он старался держаться позади них.","Но в этот раз
он старался держаться позади них.",-1 NEGATIVE,0 NEUTRAL,-1 NEGATIVE,косвенное выражение страха через избегание,B-17,True,A,ADJ,2026-07-19
C1411,RUS-T_medium_02,Sentiment_label,"«Возможно, буря скоро прекратится, / — думал он.","«Возможно, буря скоро прекратится, — думал он.",+1 POSITIVE,0 NEUTRAL,0 NEUTRAL,слабо выраженная эмоция без драматизации,B-24,True,B,ADJ,2026-07-19
C1412,RUS-T_medium_02,Sentiment_label,"Со стороны вертолётик наблюдал, как Коптер и Хели подбирают туристов.","Со стороны вертолётик наблюдал, как Коптер и Хели подбирают туристов.",0 NEUTRAL,+1 POSITIVE,+1 POSITIVE,спасение людей как проявление помощи,B-22,True,B,ADJ,2026-07-19
C1413,RUS-T_medium_02,Sentiment_label,"Малыш на минуту представил, какая беда может случиться с собакой, и отважно ринулся вперёд!","Малыш на минуту представил, какая беда может случиться с собакой, и отважно ринулся вперёд!",-1 NEGATIVE,+1 POSITIVE,+1 POSITIVE,отважное действие по спасению,B-22,True,B,ADJ,2026-07-19
C1414,RUS-T_medium_02,Sentiment_label,"Но Вжух, забыв об опасности, думал только о деле.","Но Вжух, забыв об опасности, думал только о деле.",-1 NEGATIVE,+1 POSITIVE,+1 POSITIVE,самоотверженное действие по спасению,B-22,True,B,ADJ,2026-07-19
C1415,RUS-T_medium_02,Sentiment_label,"Вертолётик приземлился на площадке перед больницей, в которой туристам оказывали помощь.","Вертолётик приземлился на площадке перед больницей, в которой туристам оказывали помощь.",0 NEUTRAL,+1 POSITIVE,+1 POSITIVE,успешное завершение спасательной операции,B-23,True,B,ADJ,2026-07-19
C1416,RUS-T_medium_02,Sentiment_label,"— Всё дело в собаке, / — скромно потупился Вжух.","— Всё дело в собаке, — скромно потупился Вжух.",0 NEUTRAL,+1 POSITIVE,+1 POSITIVE,скромное объяснение своего поступка заботой о другом,B-16,True,B,ADJ,2026-07-19
C1417,RUS-T_medium_03,NER_missed_by_B,Посетители,,PER_ROLE,,PER_ROLE,"слова, обозначающие социальные роли",A-11,True,A,ADJ,2026-07-19
C1418,RUS-T_medium_03,NER_missed_by_B,Посетители,,PER_ROLE,,PER_ROLE,"слова, обозначающие социальные роли",A-11,True,A,ADJ,2026-07-19
C1419,RUS-T_medium_03,NER_missed_by_A,,папиных,,PER_FAMILY,PER_FAMILY,Притяжательные формы («папиных») также относятся к семейным ролям,A-4,False,B,ADJ,2026-07-19
C1420,RUS-T_medium_03,Sentiment_label,"Но их изобретения становились всё больше, быстрее и причудливее.","Но их изобретения становились всё больше, быстрее и причудливее.",+1 POSITIVE,0 NEUTRAL,+1 POSITIVE,прогресс в любимом деле,B-12,True,A,ADJ,2026-07-19
C1421,RUS-T_medium_03,Sentiment_label,"Дом наполнился чудо-машинами, которые жужжали, мычали и даже парили в воздухе.","Дом наполнился чудо-машинами, которые жужжали, мычали и даже парили в воздухе.",+1 POSITIVE,0 NEUTRAL,+1 POSITIVE,наличие положительных оценочных признаков («чудо-машинами»),B-6,True,A,ADJ,2026-07-19
C1422,RUS-T_medium_03,Sentiment_label,Всё переменилось в одно мгновение.,Всё переменилось в одно мгновение.,-1 NEGATIVE,0 NEUTRAL,-1 NEGATIVE,начало негативных перемен,B-14,True,A,ADJ,2026-07-19
C1423,RUS-T_medium_03,Sentiment_label,"Он помчался домой, чтобы поскорее рассказать об этом папе.","Он помчался домой, чтобы поскорее рассказать об этом папе.",+1 POSITIVE,0 NEUTRAL,+1 POSITIVE,нетерпение поделиться радостной новостью,B-12,True,A,ADJ,2026-07-19
C1424,RUS-T_medium_03,Sentiment_label,"Но папа только протянул: / «Да-а, неплохо».","Но папа только протянул: «Да-а, неплохо».",-1 NEGATIVE,0 NEUTRAL,-1 NEGATIVE,косвенное выражение разочарования и недостатка поддержки,B-17,True,A,ADJ,2026-07-19
C1425,RUS-T_medium_03,Sentiment_label,— Представляешь?,— Представляешь?,+1 POSITIVE,0 NEUTRAL,+1 POSITIVE,"риторический вопрос, выражающий восторг и предвкушение",B-2,True,A,ADJ,2026-07-19
C1426,RUS-T_medium_03,Sentiment_label,"Мы откроем наш дом для гостей, и все смогут увидеть наши замечательные изобретения.","Мы откроем наш дом для гостей, и все смогут увидеть наши замечательные изобретения.",+1 POSITIVE,0 NEUTRAL,+1 POSITIVE,наличие положительных оценочных признаков («замечательные»),B-6,True,A,ADJ,2026-07-19
C1427,RUS-T_medium_03,Sentiment_label,"— Знаешь, / — сказал вдруг папа после долгого молчания, / — а это хорошая идея, Том!","— Знаешь, — сказал вдруг папа после долгого молчания, — а это хорошая идея, Том!",0 NEUTRAL,+1 POSITIVE,+1 POSITIVE,признание идеи хорошей как проявление поддержки,B-16,True,B,ADJ,2026-07-19
C1428,RUS-T_medium_03,Sentiment_label,"Вместе они проверяли и чинили, красили и полировали свои машины до блеска.","Вместе они проверяли и чинили, красили и полировали свои машины до блеска.",+1 POSITIVE,0 NEUTRAL,+1 POSITIVE,совместный труд как проявление единства и радости,B-22,True,A,ADJ,2026-07-19
C1429,RUS-T_medium_03,Sentiment_label,Посетители стекались отовсюду — из ближних и дальних мест.,Посетители стекались отовсюду — из ближних и дальних мест.,+1 POSITIVE,0 NEUTRAL,+1 POSITIVE,"наличие положительных образов (успех, признание)",B-6,True,A,ADJ,2026-07-19
C1430,RUS-T_medium_03,Sentiment_label,Все глазели на мини-ракету на банановом топливе.,Все глазели на мини-ракету на банановом топливе.,+1 POSITIVE,0 NEUTRAL,+1 POSITIVE,"наличие положительных образов (изобретение, вызывающее восхищение)",B-6,True,A,ADJ,2026-07-19
C1431,RUS-T_medium_03,Sentiment_label,Изумлялись хитроумному картолятору.,Изумлялись хитроумному картолятору.,+1 POSITIVE,0 NEUTRAL,+1 POSITIVE,"наличие положительных образов (изобретение, вызывающее восхищение)",B-6,True,A,ADJ,2026-07-19
C1432,RUS-T_medium_03,Sentiment_label,Засматривались на музыкальный воздушный корабль,Засматривались на музыкальный воздушный корабль.,+1 POSITIVE,0 NEUTRAL,+1 POSITIVE,"наличие положительных образов (изобретение, вызывающее восхищение)",B-6,True,A,ADJ,2026-07-19
C1433,RUS-T_medium_03,Sentiment_label,"разглядывали двухместный ваннолёт, с пультом управления, механическую птичку колибри.","разглядывали двухместный ваннолёт, с пультом управления, механическую птичку колибри.",+1 POSITIVE,0 NEUTRAL,+1 POSITIVE,"наличие положительных образов (изобретение, вызывающее восхищение)",B-6,True,A,ADJ,2026-07-19
C1434,RUS-T_medium_03,Sentiment_label,"— Мы построим дом заново, / — пообещал папа, пытаясь скрыть свою грусть.","— Мы построим дом заново, — пообещал папа, пытаясь скрыть свою грусть.",-1 NEGATIVE,+1 POSITIVE,+1 POSITIVE,обещание как проявление заботы,B-16,True,B,ADJ,2026-07-19
C1435,RUS-T_medium_03,Sentiment_label,"Он попробовал снова прокатиться и подумать, но в голове было пусто, как бывает тихим спокойным днём, когда на небе ни облака.","Он попробовал снова прокатиться и подумать, но в голове было пусто, как бывает тихим спокойным днём, когда на небе ни облака.",-1 NEGATIVE,0 NEUTRAL,-1 NEGATIVE,описание пустоты в голове как негативного состояния,B-17,True,A,ADJ,2026-07-19
C1436,RUS-T_medium_03,Sentiment_label,"Когда он вернулся домой, папа широко улыбался.","Когда он вернулся домой, папа широко улыбался.",+1 POSITIVE,0 NEUTRAL,+1 POSITIVE,улыбка как проявление радости,B-12,True,A,ADJ,2026-07-19
C1437,RUS-T_medium_03,Sentiment_label,"Целый месяц они промасливали, красили, полировали, чинили, вычищали и мыли.","Целый месяц они промасливали, красили, полировали, чинили, вычищали и мыли.",+1 POSITIVE,0 NEUTRAL,+1 POSITIVE,совместный труд как проявление единства и радости,B-22,True,A,ADJ,2026-07-19
C1438,RUS-T_medium_04,NER_missed_by_B,Хозяева,,PER_ROLE,,PER_ROLE,"слова, обозначающие социальные роли и статусы",A-11,True,A,ADJ,2026-07-19
C1439,RUS-T_medium_04,NER_missed_by_B,воришку,,PER_ROLE,,PER_ROLE,"слова, обозначающие функциональные роли",A-11,True,A,ADJ,2026-07-19
C1440,RUS-T_medium_04,NER_missed_by_B,участники,,PER_ROLE,,PER_ROLE,"слова, обозначающие функциональные роли",A-11,True,A,ADJ,2026-07-19
C1441,RUS-T_medium_04,NER_missed_by_A,,Пиг,,PER_NAME,PER_NAME,"должна быть одна сущность - Свинни Пиг, недостаточная разметка, уникальное авторское имя",A-1,False,neither,ADJ,2026-07-19
C1442,RUS-T_medium_04,NER_missed_by_A,,Пиг,,PER_NAME,PER_NAME,"должна быть одна сущность - Свинни Пиг, недостаточная разметка, уникальное авторское имя",A-1,False,neither,ADJ,2026-07-19
C1443,RUS-T_medium_04,NER_missed_by_A,,Пиг,,PER_NAME,PER_NAME,"должна быть одна сущность - Свинни Пиг, недостаточная разметка, уникальное авторское имя",A-1,False,neither,ADJ,2026-07-19
C1444,RUS-T_medium_04,NER_missed_by_A,,Пиг,,PER_NAME,PER_NAME,"должна быть одна сущность - Свинни Пиг, недостаточная разметка, уникальное авторское имя",A-1,False,neither,ADJ,2026-07-19
C1445,RUS-T_medium_04,NER_missed_by_A,,Пиг,,PER_NAME,PER_NAME,"должна быть одна сущность - Свинни Пиг, недостаточная разметка, уникальное авторское имя",A-1,False,neither,ADJ,2026-07-19
C1446,RUS-T_medium_04,NER_missed_by_A,,Пиг,,PER_NAME,PER_NAME,"должна быть одна сущность - Свинни Пиг, недостаточная разметка, уникальное авторское имя",A-1,False,neither,ADJ,2026-07-19
C1447,RUS-T_medium_04,NER_missed_by_A,,Пиг,,PER_NAME,PER_NAME,"должна быть одна сущность - Свинни Пиг, недостаточная разметка, уникальное авторское имя",A-1,False,neither,ADJ,2026-07-19
C1448,RUS-T_medium_04,NER_missed_by_A,,Пиг,,PER_NAME,PER_NAME,"должна быть одна сущность - Свинни Пиг, недостаточная разметка, уникальное авторское имя",A-1,False,neither,ADJ,2026-07-19
C1449,RUS-T_medium_04,NER_missed_by_A,,поросёнка,,PER_ROLE,PER_ROLE,животные как общий вид или категория без уникальных имён,A-3,False,B,ADJ,2026-07-19
C1450,RUS-T_medium_04,NER_missed_by_A,,принц,,PER_ROLE,PER_ROLE,"слова, обозначающие социальные роли и статусы",A-11,True,B,ADJ,2026-07-19
C1451,RUS-T_medium_04,NER_missed_by_A,,принцу,,PER_ROLE,PER_ROLE,"слова, обозначающие социальные роли и статусы",A-11,True,B,ADJ,2026-07-19
C1452,RUS-T_medium_04,Sentiment_label,Глядь — на подносе у дворца с вареньем стынут булки.,Глядь — на подносе у дворца с вареньем стынут булки.,+1 POSITIVE,0 NEUTRAL,+1 POSITIVE,наличие положительных образов (вкусная еда),B-6,True,A,ADJ,2026-07-19
C1453,RUS-T_medium_04,Sentiment_label,"«Возьму одну, / — подумал свин, вдыхая аромат.","«Возьму одну, — подумал свин, вдыхая аромат.",+1 POSITIVE,0 NEUTRAL,+1 POSITIVE,удовольствие от еды и её аромата,B-12,True,A,ADJ,2026-07-19
C1454,RUS-T_medium_04,Sentiment_label,— Всего одну!,— Всего одну!,+1 POSITIVE,0 NEUTRAL,+1 POSITIVE,"восклицательная реплика, выражающая радостное оправдание",B-2,False,A,ADJ,2026-07-19
C1455,RUS-T_medium_04,Sentiment_label,Из десяти!,Из десяти!,+1 POSITIVE,0 NEUTRAL,+1 POSITIVE,"восклицательная реплика, выражающая радостное оправдание",B-2,False,A,ADJ,2026-07-19
C1456,RUS-T_medium_04,Sentiment_label,Хозяева простят».,Хозяева простят».,+1 POSITIVE,0 NEUTRAL,+1 POSITIVE,радость от еды,B-12,True,A,ADJ,2026-07-19
C1457,RUS-T_medium_04,Sentiment_label,"Он съел одну, потом вторую...","Он съел одну, потом вторую...",-1 NEGATIVE,0 NEUTRAL,0 NEUTRAL,слабо выраженная эмоция без драматизации,B-24,True,B,ADJ,2026-07-19
C1458,RUS-T_medium_04,Sentiment_label,Все булки смёл он подчистую!,Все булки смёл он подчистую!,-1 NEGATIVE,0 NEUTRAL,-1 NEGATIVE,"действие, которое приводит к негативным последствиям",B-18,True,A,ADJ,2026-07-19
C1459,RUS-T_medium_04,Sentiment_label,"«У них, наверно, есть ещё», / — подумал Свинни Пиг, Отведал сливок Свинни Пиг, попробовал коврижку...","«У них, наверно, есть ещё», — подумал Свинни Пиг, Отведал сливок Свинни Пиг, попробовал коврижку...",+1 POSITIVE,0 NEUTRAL,0 NEUTRAL,слабо выраженная эмоция без драматизации,B-24,True,B,ADJ,2026-07-19
C1460,RUS-T_medium_04,Sentiment_label,"– Хрю-стите, / – пискнул Свинни Пиг, / – пожалуй, мне пора.","– Хрю-стите, – пискнул Свинни Пиг, – пожалуй, мне пора.",-1 NEGATIVE,+1 POSITIVE,+1 POSITIVE,игровое извинение без негатива,B-8,True,B,ADJ,2026-07-19
C1461,RUS-T_medium_04,Sentiment_label,"И прочь помчался он — по залам, где шла уборка перед балом.","И прочь помчался он — по залам, где шла уборка перед балом.",-1 NEGATIVE,0 NEUTRAL,0 NEUTRAL,слабо выраженная эмоция без драматизации,B-24,True,B,ADJ,2026-07-19
C1462,RUS-T_medium_04,Sentiment_label,Взбежал по лестнице крутой и скрылся Свинни Пиг.,Взбежал по лестнице крутой и скрылся Свинни Пиг.,0 NEUTRAL,-1 NEGATIVE,0 NEUTRAL,слабо выраженная эмоция без драматизации,B-24,True,A,ADJ,2026-07-19
C1463,RUS-T_medium_04,Sentiment_label,Постель под балдахином...,Постель под балдахином...,+1 POSITIVE,0 NEUTRAL,+1 POSITIVE,наличие положительных образов (роскошная обстановка),B-6,True,A,ADJ,2026-07-19
C1464,RUS-T_medium_04,Sentiment_label,Всему дивится юный Пиг: портьерам и картинам.,Всему дивится юный Пиг: портьерам и картинам.,+1 POSITIVE,0 NEUTRAL,+1 POSITIVE,наличие положительных оценочных признаков («дивится»),B-6,True,A,ADJ,2026-07-19
C1465,RUS-T_medium_04,Sentiment_label,"Сверкают зеркала вокруг, и для нарядов есть сундук.","Сверкают зеркала вокруг, и для нарядов есть сундук.",+1 POSITIVE,0 NEUTRAL,+1 POSITIVE,наличие положительных оценочных признаков («сверкают»),B-6,True,A,ADJ,2026-07-19
C1466,RUS-T_medium_04,Sentiment_label,Камзол и бриджи он надел и поясок атласный.,Камзол и бриджи он надел и поясок атласный.,+1 POSITIVE,0 NEUTRAL,+1 POSITIVE,наличие положительных оценочных признаков («атласный»),B-6,True,A,ADJ,2026-07-19
C1467,RUS-T_medium_04,Sentiment_label,"Себя он гордо оглядел, решил, что вид прекрасный, и нацепил ещё парик, хоть был парик ему велик.","Себя он гордо оглядел, решил, что вид прекрасный, и нацепил ещё парик, хоть был парик ему велик.",+1 POSITIVE,0 NEUTRAL,+1 POSITIVE,"наличие положительных оценочных признаков («гордо», «прекрасный»)",B-6,True,A,ADJ,2026-07-19
C1468,RUS-T_medium_04,Sentiment_label,"Шесть горничных, лакеев шесть и важный мажордом!","Шесть горничных, лакеев шесть и важный мажордом!",-1 NEGATIVE,0 NEUTRAL,-1 NEGATIVE,появление угрожающей толпы,B-18,True,A,ADJ,2026-07-19
C1469,RUS-T_medium_04,Sentiment_label,Но все участники погони... ...в глубоком замерли ПОКЛОНЕ!,Но все участники погони... ...в глубоком замерли ПОКЛОНЕ!,+1 POSITIVE,0 NEUTRAL,+1 POSITIVE,поклон как знак уважения,B-8,True,A,ADJ,2026-07-19
C1470,RUS-T_medium_04,Sentiment_label,"– Прошу прощения, мой принц, / – воскликнул мажордом.","– Прошу прощения, мой принц, – воскликнул мажордом.",-1 NEGATIVE,0 NEUTRAL,+1 POSITIVE,вежливое обращение и извинение как проявление почтения,B-16,True,neither,ADJ,2026-07-19
C1471,RUS-T_medium_04,Sentiment_label,– Мы к вам нечаянно зашли и быстренько уйдём.,– Мы к вам нечаянно зашли и быстренько уйдём.,-1 NEGATIVE,0 NEUTRAL,0 NEUTRAL,слабо выраженная эмоция без драматизации,B-24,True,B,ADJ,2026-07-19
C1472,RUS-T_medium_04,Sentiment_label,"А что прикажете, мой принц, подать сегодня к чаю?","А что прикажете, мой принц, подать сегодня к чаю?",+1 POSITIVE,0 NEUTRAL,+1 POSITIVE,радость от неожиданной удачи,B-12,True,A,ADJ,2026-07-19
C1473,RUS-T_medium_04,Sentiment_label,"– Сию минутку подадим, / – забегали лакеи","– Сию минутку подадим, – забегали лакеи.",+1 POSITIVE,0 NEUTRAL,+1 POSITIVE,луги выполняют приказ как проявление услужливости,B-22,True,A,ADJ,2026-07-19
C1474,RUS-T_medium_04,Sentiment_label,А им вдогонку юный свин: / – И булок посвежее!,А им вдогонку юный свин: – И булок посвежее!,0 NEUTRAL,+1 POSITIVE,+1 POSITIVE,"восклицательная реплика, выражающая энтузиазм и удовольствие",B-2,False,B,ADJ,2026-07-19
C1475,RUS-T_medium_04,Sentiment_label,"Ещё он заказал пирог с цукатами внутри, две полных вазочки желе, мороженого — три, четыре штруделя (сказать, чтоб не жалели джема), творожных пудингов штук пять и к ним шесть порций крема, пирожных с розочками семь, медовых кексов восемь, тянучек девять (ясно всем? а ну, живей подносим!).","Ещё он заказал пирог с цукатами внутри, две полных вазочки желе, мороженого — три, четыре штруделя (сказать, чтоб не жалели джема), творожных пудингов штук пять и к ним шесть порций крема, пирожных с розочками семь, медовых кексов восемь, тянучек девять (ясно всем? а ну, живей подносим!).",+1 POSITIVE,0 NEUTRAL,+1 POSITIVE,наличие положительных образов (обилие вкусной еды),B-6,True,A,ADJ,2026-07-20
C1476,RUS-T_medium_04,Sentiment_label,"И десять литров лучших сливок, а на закуску горсть оливок потребовал нахальный свин...","И десять литров лучших сливок, а на закуску горсть оливок потребовал нахальный свин...",+1 POSITIVE,-1 NEGATIVE,+1 POSITIVE,наличие положительных оценочных признаков («лучших сливок»),B-6,True,A,ADJ,2026-07-20
C1477,RUS-T_medium_04,Sentiment_label,И слопал всё — один!,И слопал всё — один!,+1 POSITIVE,-1 NEGATIVE,-1 NEGATIVE,жадность и обжорство как негативные черты,B-17,True,B,ADJ,2026-07-20
C1478,RUS-T_medium_04,Sentiment_label,— Что заскучали? / — хрюкнул свин.,— Что заскучали? — хрюкнул свин.,-1 NEGATIVE,0 NEUTRAL,0 NEUTRAL,вопросы без маркеров тревоги/страха/радости,B-5,False,B,ADJ,2026-07-20
C1479,RUS-T_medium_04,Sentiment_label,— Я дело вам найду!,— Я дело вам найду!,+1 POSITIVE,0 NEUTRAL,+1 POSITIVE,призыв к совместной игре,B-22,True,A,ADJ,2026-07-20
C1480,RUS-T_medium_04,Sentiment_label,"Ать-два, пройдитесь колесом, сыграйте в чехарду!","Ать-два, пройдитесь колесом, сыграйте в чехарду!",+1 POSITIVE,0 NEUTRAL,+1 POSITIVE,призыв к совместной игре,B-22,True,A,ADJ,2026-07-20
C1481,RUS-T_medium_04,Sentiment_label,Лишь командирам не до смеха.,Лишь командирам не до смеха.,-1 NEGATIVE,0 NEUTRAL,-1 NEGATIVE,негативная эмоция без позитивного разрешения,B-4,False,A,ADJ,2026-07-20
C1482,RUS-T_medium_04,Sentiment_label,пошёл в огород и там Потом он огород устроил взрыв.,пошёл в огород и там Потом он огород устроил взрыв.,-1 NEGATIVE,0 NEUTRAL,-1 NEGATIVE,разрушение огорода,B-14,True,A,ADJ,2026-07-20
C1483,RUS-T_medium_04,Sentiment_label,двух престарелых герцогинь едва не уморив.,двух престарелых герцогинь едва не уморив.,+1 POSITIVE,0 NEUTRAL,+1 POSITIVE,смех и веселье,B-12,True,A,ADJ,2026-07-20
C1484,RUS-T_medium_04,Sentiment_label,"Затем вернулся в тронный зал, набив карман редиской, и карамели приказал подать большую миску.","Затем вернулся в тронный зал, набив карман редиской, и карамели приказал подать большую миску.",+1 POSITIVE,0 NEUTRAL,+1 POSITIVE,радость от еды и игрового поведения,B-12,True,A,ADJ,2026-07-20
C1485,RUS-T_medium_04,Sentiment_label,"Беспечно чавкал Свинни Пиг конфеткой «Чоко-кримс», и в этот миг в дверях возник... ...Принц!","Беспечно чавкал Свинни Пиг конфеткой «Чоко-кримс», и в этот миг в дверях возник... / ...Принц!",-1 NEGATIVE,0 NEUTRAL,0 NEUTRAL,слабо выраженная эмоция без драматизации,B-24,True,B,ADJ,2026-07-20
C1486,RUS-T_medium_04,Sentiment_label,"Тут принц услышал наконец про булки, про парик и как дурачил весь дворец обманщик Свинни Пиг.","Тут принц услышал наконец про булки, про парик и как дурачил весь дворец обманщик Свинни Пиг.",+1 POSITIVE,0 NEUTRAL,+1 POSITIVE,смех как проявление радости,B-12,True,A,ADJ,2026-07-20
C1487,RUS-T_medium_04,Sentiment_label,"Но знаешь, кажется, двойник мне может пригодиться...","Но знаешь, кажется, двойник мне может пригодиться...",+1 POSITIVE,0 NEUTRAL,+1 POSITIVE,принятие и великодушие как проявление добрых намерений,B-16,True,A,ADJ,2026-07-20
C1488,RUS-T_medium_04,Sentiment_label,"Живёт наш Свинтус во дворце, он сладко ест и пьёт: жуёт желе, и крем-брюле, и булки, и компот.","Живёт наш Свинтус во дворце, он сладко ест и пьёт: жуёт желе, и крем-брюле, и булки, и компот.",+1 POSITIVE,0 NEUTRAL,+1 POSITIVE,радость от еды и комфорта,B-12,True,A,ADJ,2026-07-20
C1489,RUS-T_medium_04,Sentiment_label,"Но слово держит он и в среду всегда спускается к обеду как принц причёсан и одет, ведь в среду к принцу на обед... ...приходит ТЁТУШКА ГЕРТРУДА – ну просто жуткая зануда!","Но слово держит он и в среду всегда спускается к обеду как принц причёсан и одет, ведь в среду к принцу на обед... ...приходит ТЁТУШКА ГЕРТРУДА – ну просто жуткая зануда!",+1 POSITIVE,0 NEUTRAL,0 NEUTRAL,слабо выраженная эмоция без драматизации,B-24,True,B,ADJ,2026-07-20
C1490,RUS-T_medium_05,NER_label,Люлю,Люлю,PER_FAMILY,PER_NAME,PER_NAME,уникальное авторское имя,A-1,False,B,ADJ,2026-07-20
C1491,RUS-T_medium_05,NER_label,Дед Мороз,Дед,PER_ROLE,PER_NAME,PER_NAME,"должна быть одна сущность - Дед Мороз, это имя персонажа",A-6,False,neither,ADJ,2026-07-20
C1492,RUS-T_medium_05,NER_label,Дед Мороз,Дед,PER_ROLE,PER_NAME,PER_NAME,"должна быть одна сущность - Дед Мороз, это имя персонажа",A-6,False,neither,ADJ,2026-07-20
C1493,RUS-T_medium_05,NER_label,Деду Морозу,Деду,PER_ROLE,PER_NAME,PER_NAME,"должна быть одна сущность - Дед Мороз, это имя персонажа",A-6,False,neither,ADJ,2026-07-20
C1494,RUS-T_medium_05,NER_label,Деда Мороза,Деда,PER_ROLE,PER_NAME,PER_NAME,"должна быть одна сущность - Дед Мороз, это имя персонажа",A-6,False,neither,ADJ,2026-07-20
C1495,RUS-T_medium_05,NER_label,Деда Мороза,Деда,PER_ROLE,PER_NAME,PER_NAME,"должна быть одна сущность - Дед Мороз, это имя персонажа",A-6,False,neither,ADJ,2026-07-20
C1496,RUS-T_medium_05,NER_label,Деда Мороза,Деда,PER_ROLE,PER_NAME,PER_NAME,"должна быть одна сущность - Дед Мороз, это имя персонажа",A-6,False,neither,ADJ,2026-07-20
C1497,RUS-T_medium_05,NER_label,сынишку,сынишку,PER_ROLE,PER_FAMILY,PER_FAMILY,Уменьшительно-ласкательные формы («сынишку») также относятся к семейным ролям,A-4,False,B,ADJ,2026-07-20
C1498,RUS-T_medium_05,NER_missed_by_A,,друг,,PER_ROLE,PER_ROLE,"слова, обозначающие устойчивые социальные отношения персонажей",A-9,True,B,ADJ,2026-07-20
C1499,RUS-T_medium_05,NER_missed_by_A,,Мороз,,PER_NAME,PER_NAME,"должна быть одна сущность - Дед Мороз, это имя персонажа",A-6,False,neither,ADJ,2026-07-20
C1500,RUS-T_medium_05,NER_missed_by_A,,Мороз,,PER_NAME,PER_NAME,"должна быть одна сущность - Дед Мороз, это имя персонажа",A-6,False,neither,ADJ,2026-07-20
C1501,RUS-T_medium_05,NER_missed_by_A,,Морозу,,PER_NAME,PER_NAME,"должна быть одна сущность - Дед Мороз, это имя персонажа",A-6,False,neither,ADJ,2026-07-20
C1502,RUS-T_medium_05,NER_missed_by_A,,Мороза,,PER_NAME,PER_NAME,"должна быть одна сущность - Дед Мороз, это имя персонажа",A-6,False,neither,ADJ,2026-07-20
C1503,RUS-T_medium_05,NER_missed_by_A,,Мороза,,PER_NAME,PER_NAME,"должна быть одна сущность - Дед Мороз, это имя персонажа",A-6,False,neither,ADJ,2026-07-20
C1504,RUS-T_medium_05,NER_missed_by_A,,Мороза,,PER_NAME,PER_NAME,"должна быть одна сущность - Дед Мороз, это имя персонажа",A-6,False,neither,ADJ,2026-07-20
C1505,RUS-T_medium_05,Sentiment_label,"Наступила зима, и жители городка потихоньку начали готовиться к новогодним праздникам.","Наступила зима, и жители городка потихоньку начали готовиться к новогодним праздникам.",+1 POSITIVE,0 NEUTRAL,+1 POSITIVE,наличие положительных образов (подготовка к празднику),B-6,True,A,ADJ,2026-07-20
C1506,RUS-T_medium_05,Sentiment_label,Магазин уже был украшен еловыми веточками и разноцветными гирляндами.,Магазин уже был украшен еловыми веточками и разноцветными гирляндами.,+1 POSITIVE,0 NEUTRAL,+1 POSITIVE,наличие положительных оценочных признаков (праздничные украшения),B-6,True,A,ADJ,2026-07-20
C1507,RUS-T_medium_05,Sentiment_label,"Малышу казалось, что время тянется ужасно медленно.","Малышу казалось, что время тянется ужасно медленно.",-1 NEGATIVE,0 NEUTRAL,-1 NEGATIVE,описание томительного ожидания как негативного состояния,B-17,True,A,ADJ,2026-07-20
C1508,RUS-T_medium_05,Sentiment_label,Мышонок открывал одно окошечко и вытаскивал из него наклейку.,Мышонок открывал одно окошечко и вытаскивал из него наклейку.,0 NEUTRAL,+1 POSITIVE,+1 POSITIVE,радость от процесса,B-12,True,B,ADJ,2026-07-20
C1509,RUS-T_medium_05,Sentiment_label,"Однажды мама заметила, что последнее окошко в календаре почему-то открыто.","Однажды мама заметила, что последнее окошко в календаре почему-то открыто.",0 NEUTRAL,-1 NEGATIVE,-1 NEGATIVE,нарушение правил без позитивного разрешения,B-4,False,B,ADJ,2026-07-20
C1510,RUS-T_medium_05,Sentiment_label,"Мама поняла: малышу не терпится, чтобы Новый год наступил как можно скорее.","Мама поняла: малышу не терпится, чтобы Новый год наступил как можно скорее.",-1 NEGATIVE,0 NEUTRAL,-1 NEGATIVE,состояние нетерпения без позитивного разрешения,B-4,False,A,ADJ,2026-07-20
C1511,RUS-T_medium_05,Sentiment_label,За неделю до Нового года в гости к Мышонку пришёл его друг Люлю.,За неделю до Нового года в гости к Мышонку пришёл его друг Люлю.,+1 POSITIVE,0 NEUTRAL,+1 POSITIVE,встреча с другом как проявление радости и близости,B-7,True,A,ADJ,2026-07-20
C1512,RUS-T_medium_05,Sentiment_label,"Мама Мышонка как раз решила испечь имбирные пряники, и малыши стали ей помогать.","Мама Мышонка как раз решила испечь имбирные пряники, и малыши стали ей помогать.",+1 POSITIVE,0 NEUTRAL,+1 POSITIVE,совместное приготовление еды как проявление единства и радости,B-22,True,A,ADJ,2026-07-20
C1513,RUS-T_medium_05,Sentiment_label,– Мам!,– Мам!,0 NEUTRAL,-1 NEGATIVE,0 NEUTRAL,слабо выраженная эмоция без драматизации,B-24,True,A,ADJ,2026-07-20
C1514,RUS-T_medium_05,Sentiment_label,Разве можно есть сырое тесто?,Разве можно есть сырое тесто?,0 NEUTRAL,-1 NEGATIVE,0 NEUTRAL,вопросы без маркеров тревоги/страха/радости,B-5,False,A,ADJ,2026-07-20
C1515,RUS-T_medium_05,Sentiment_label,"- Она слишком низенькая, / — сказала мама.","- Она слишком низенькая, — сказала мама.",-1 NEGATIVE,0 NEUTRAL,-1 NEGATIVE,негативная оценка («слишком низенькая»),B-17,True,A,ADJ,2026-07-20
C1516,RUS-T_medium_05,Sentiment_label,- Хм... / Она не слишком-то пушистая!,- Хм... Она не слишком-то пушистая!,-1 NEGATIVE,0 NEUTRAL,-1 NEGATIVE,негативная оценка,B-17,True,A,ADJ,2026-07-20
C1517,RUS-T_medium_05,Sentiment_label,- А вот эта хорошая?,- А вот эта хорошая?,+1 POSITIVE,0 NEUTRAL,+1 POSITIVE,радость от выбора ёлки,B-12,True,A,ADJ,2026-07-20
C1518,RUS-T_medium_05,Sentiment_label,– Только она очень тяжёлая.,– Только она очень тяжёлая.,-1 NEGATIVE,0 NEUTRAL,-1 NEGATIVE,трудность как источник проблемы,B-18,True,A,ADJ,2026-07-20
C1519,RUS-T_medium_05,Sentiment_label,Ёлку привезли очень быстро.,Ёлку привезли очень быстро.,+1 POSITIVE,0 NEUTRAL,+1 POSITIVE,успешное завершение ожидания,B-23,True,A,ADJ,2026-07-20
C1520,RUS-T_medium_05,Sentiment_label,"Мама поставила её в гостиной, достала шары, а затем гирлянду с лампочками и другие чудесные украшения.","Мама поставила её в гостиной, достала шары, а затем гирлянду с лампочками и другие чудесные украшения.",+1 POSITIVE,0 NEUTRAL,+1 POSITIVE,наличие положительных оценочных признаков,B-6,True,A,ADJ,2026-07-20
C1521,RUS-T_medium_05,Sentiment_label,"Когда Мышонок шёл в садик, было ещё темно.","Когда Мышонок шёл в садик, было ещё темно. / Когда Мышонок шёл в садик, было ещё темно.",-1 NEGATIVE,0 NEUTRAL,-1 NEGATIVE,отсутствие света как негативный фактор,B-14,True,A,ADJ,2026-07-20
C1522,RUS-T_medium_05,Sentiment_label,Мама тоже принарядилась.,Мама тоже принарядилась.,+1 POSITIVE,0 NEUTRAL,+1 POSITIVE,наличие положительных образов (праздничный наряд),B-6,True,A,ADJ,2026-07-20
C1523,RUS-T_medium_05,Sentiment_label,"Дедушка решил пом
очь маме.","Дедушка решил пом
очь маме.",+1 POSITIVE,0 NEUTRAL,+1 POSITIVE,помощь другому персонажу,B-22,True,A,ADJ,2026-07-20
C1524,RUS-T_medium_05,Sentiment_label,"Мышонок с бабушкой уютно устроились в кресле и стали смотреть новогоднюю сказку, пока мама не позвала их за стол.","Мышонок с бабушкой уютно устроились в кресле и стали смотреть новогоднюю сказку, пока мама не позвала их за стол.",+1 POSITIVE,0 NEUTRAL,+1 POSITIVE,совместный просмотр сказки как проявление близости,B-7,True,A,ADJ,2026-07-20
C1525,RUS-T_medium_05,Sentiment_label,Мама зажгла свечи.,Мама зажгла свечи.,0 NEUTRAL,+1 POSITIVE,+1 POSITIVE,наличие положительных образов (свечи как символ уюта и волшебства),B-6,True,B,ADJ,2026-07-20
C1526,RUS-T_medium_05,Sentiment_label,"Мышонок никогда не видел Деда Мороза своими глазами и гадал, как же тот выглядит?","Мышонок никогда не видел Деда Мороза своими глазами и гадал, как же тот выглядит?",+1 POSITIVE,0 NEUTRAL,+1 POSITIVE,предвкушение встречи с Дедом Морозом как позитивная эмоция,B-12,True,A,ADJ,2026-07-20
C1527,RUS-T_medium_05,Sentiment_label,"Мышонок вручил подарки бабушке, дедушке и маме.","Мышонок вручил подарки бабушке, дедушке и маме.",0 NEUTRAL,+1 POSITIVE,+1 POSITIVE,дарение подарков близким как проявление любви,B-7,True,B,ADJ,2026-07-20
C1528,RUS-T_medium_05,Sentiment_label,В первой коробке он нашёл музыкальную книжку.,В первой коробке он нашёл музыкальную книжку.,+1 POSITIVE,0 NEUTRAL,+1 POSITIVE,радость от подарка,B-12,True,A,ADJ,2026-07-20
C1529,RUS-T_medium_05,Sentiment_label,Он тут же начал танцевать.,Он тут же начал танцевать.,+1 POSITIVE,0 NEUTRAL,+1 POSITIVE,танец как проявление радости,B-12,True,A,ADJ,2026-07-20
C1530,RUS-T_medium_05,Sentiment_label,"Мама собиралась уже было уложить сынишку спать, но ему так хотелось поиграть с новой машинкой и конструктором, что она уступила.","Мама собиралась уже было уложить сынишку спать, но ему так хотелось поиграть с новой машинкой и конструктором, что она уступила.",+1 POSITIVE,0 NEUTRAL,+1 POSITIVE,сильное желание играть с новыми игрушками как позитивная эмоция,B-12,True,A,ADJ,2026-07-20
C1531,RUS-T_medium_05,Sentiment_label,Мышонок всё играл и играл...,Мышонок всё играл и играл...,+1 POSITIVE,0 NEUTRAL,+1 POSITIVE,увлечённость игрой как выражение радости,B-12,True,A,ADJ,2026-07-20
C1532,RUS-T_short_01,NER_missed_by_B,соседям,,PER_ROLE,,PER_ROLE,"слова, обозначающие социальные роли",A-11,True,A,ADJ,2026-07-20
C1533,RUS-T_short_01,NER_missed_by_A,,брат,,PER_FAMILY,PER_FAMILY,"должна быть одна сущность - старший брат, слово родства",A-8,False,neither,ADJ,2026-07-20
C1534,RUS-T_short_01,NER_missed_by_A,,брат,,PER_FAMILY,PER_FAMILY,"должна быть одна сущность - старший брат, слово родства",A-8,False,neither,ADJ,2026-07-20
C1535,RUS-T_short_01,NER_missed_by_A,,брат,,PER_FAMILY,PER_FAMILY,"должна быть одна сущность - старший брат, слово родства",A-8,False,neither,ADJ,2026-07-20
C1536,RUS-T_short_01,NER_missed_by_A,,друзей,,PER_ROLE,PER_ROLE,"слова, обозначающие устойчивые социальные отношения персонажей",A-9,True,B,ADJ,2026-07-20
C1537,RUS-T_short_01,NER_missed_by_A,,незнакомцы,,PER_ROLE,PER_ROLE,"слова, обозначающие социальные роли и статусы",A-11,True,B,ADJ,2026-07-20
C1538,RUS-T_short_01,NER_missed_by_A,,друзьями,,PER_ROLE,PER_ROLE,"слова, обозначающие социальные роли и статусы",A-11,True,B,ADJ,2026-07-20
C1539,RUS-T_short_01,Sentiment_label,Кого-то ласково будет...,Кого-то ласково будет...,+1 POSITIVE,0 NEUTRAL,+1 POSITIVE,ласковое обращение как проявление заботы,B-7,True,A,ADJ,2026-07-20
C1540,RUS-T_short_01,Sentiment_label,"Уплетая тосты с мёдом, все обсуждают последние новости.","Уплетая тосты с мёдом, все обсуждают последние новости.",-1 NEGATIVE,0 NEUTRAL,-1 NEGATIVE,завтрака отменяется последующим негативом,B-9,True,A,ADJ,2026-07-20
C1541,RUS-T_short_01,Sentiment_label,Прогноз нынче скверный...,Прогноз нынче скверный...,-1 NEGATIVE,0 NEUTRAL,-1 NEGATIVE,прямое называние негативного прогноза,B-17,True,A,ADJ,2026-07-20
C1542,RUS-T_short_01,Sentiment_label,Нужно хорошенько подготовиться.,Нужно хорошенько подготовиться.,0 NEUTRAL,+1 POSITIVE,+1 POSITIVE,подготовка как проявление заботы о других,B-16,True,B,ADJ,2026-07-20
C1543,RUS-T_short_01,Sentiment_label,Запастись дровами и едой.,Запастись дровами и едой.,0 NEUTRAL,+1 POSITIVE,+1 POSITIVE,подготовка к совместному преодолению опасности,B-22,True,B,ADJ,2026-07-20
C1544,RUS-T_short_01,Sentiment_label,Все принимаются за работу.,Все принимаются за работу.,0 NEUTRAL,+1 POSITIVE,+1 POSITIVE,коллективное действие по подготовке,B-22,True,B,ADJ,2026-07-20
C1545,RUS-T_short_01,Sentiment_label,Лисёнок спрашивает: «А что там за тени снаружи?»,Лисёнок спрашивает: «А что там за тени снаружи?»,-1 NEGATIVE,0 NEUTRAL,-1 NEGATIVE,тревога без позитивного разрешения,B-4,False,A,ADJ,2026-07-20
C1546,RUS-T_short_01,Sentiment_label,"В тумане вдали под порывами ветра
проступают две тени...","В тумане вдали под порывами ветра
проступают две тени...",-1 NEGATIVE,0 NEUTRAL,-1 NEGATIVE,описание угрожающих теней в тумане,B-18,True,A,ADJ,2026-07-20
C1547,RUS-T_short_01,Sentiment_label,Звери и птицы глядят на незнакомцев в окошки.,Звери и птицы глядят на незнакомцев в окошки.,-1 NEGATIVE,0 NEUTRAL,-1 NEGATIVE,описание настороженного наблюдения за незнакомцами,B-18,True,A,ADJ,2026-07-20
C1548,RUS-T_short_01,Sentiment_label,Мы принесли чай.,Мы принесли чай.,0 NEUTRAL,+1 POSITIVE,+1 POSITIVE,принос чая как проявление добрых намерений,B-16,True,B,ADJ,2026-07-20
C1549,RUS-T_short_01,Sentiment_label,"Пустите, пожалуйста, погреться! / — слышится снаружи.","Пустите, пожалуйста, погреться! — слышится снаружи.",-1 NEGATIVE,+1 POSITIVE,+1 POSITIVE,вежливая просьба о тепле и приюте как проявление доверия,B-7,True,B,ADJ,2026-07-20
C1550,RUS-T_short_01,Sentiment_label,— Огонь в камине почти погас.,— Огонь в камине почти погас.,-1 NEGATIVE,0 NEUTRAL,-1 NEGATIVE,описание угасающего огня как недостатка тепла,B-18,True,A,ADJ,2026-07-20
C1551,RUS-T_short_01,Sentiment_label,"Попроситесь лучше
к нашим соседям, / — раздаётся в ответ.","Попроситесь лучше
к нашим соседям, — раздаётся в ответ.",-1 NEGATIVE,0 NEUTRAL,-1 NEGATIVE,отказ как источник разочарования,B-17,True,A,ADJ,2026-07-20
C1552,RUS-T_short_01,Sentiment_label,— У нас нет еды.,— У нас нет еды.,-1 NEGATIVE,0 NEUTRAL,-1 NEGATIVE,прямое указание на отсутствие еды как негативный факт,B-17,True,A,ADJ,2026-07-20
C1553,RUS-T_short_01,Sentiment_label,Попросите у кого-нибудь ещё.,Попросите у кого-нибудь ещё.,-1 NEGATIVE,0 NEUTRAL,-1 NEGATIVE,негативная ситуация без позитивного разрешения,B-4,False,A,ADJ,2026-07-20
C1554,RUS-T_short_01,Sentiment_label,И мы принесли чай.,И мы принесли чай.,0 NEUTRAL,+1 POSITIVE,+1 POSITIVE,принос чая как проявление добрых намерений,B-16,True,B,ADJ,2026-07-20
C1555,RUS-T_short_01,Sentiment_label,Можно мы у вас переночуем? / — слышится из темноты.,Можно мы у вас переночуем? — слышится из темноты.,-1 NEGATIVE,+1 POSITIVE,+1 POSITIVE,вежливая просьба о ночлеге как проявление доверия,B-7,True,B,ADJ,2026-07-20
C1556,RUS-T_short_01,Sentiment_label,"Попроситесь к другим, / — отвечают им.","Попроситесь к другим, — отвечают им.",-1 NEGATIVE,0 NEUTRAL,-1 NEGATIVE,негативная ситуация без позитивного разрешения,B-4,False,A,ADJ,2026-07-20
C1557,RUS-T_short_01,Sentiment_label,Только холм.,Только холм.,0 NEUTRAL,-1 NEGATIVE,-1 NEGATIVE,негативная ситуация без позитивного разрешения,B-4,False,B,ADJ,2026-07-20
C1558,RUS-T_short_01,Sentiment_label,"— Ничего, / — говорит старший брат, / — может, холм окажется более гостеприимным.","— Ничего, — говорит старший брат, — может, холм окажется более гостеприимным.",+1 POSITIVE,0 NEUTRAL,0 NEUTRAL,слабо выраженная эмоция без драматизации,B-24,True,B,ADJ,2026-07-20
C1559,RUS-T_short_01,Sentiment_label,"Идут, прижавшись друг к другу.","Идут, прижавшись друг к другу.",0 NEUTRAL,-1 NEGATIVE,-1 NEGATIVE,описание трудного пути против ветра,B-18,True,B,ADJ,2026-07-20
C1560,RUS-T_short_01,Sentiment_label,— Это не еда и не огонь.,— Это не еда и не огонь.,-1 NEGATIVE,0 NEUTRAL,-1 NEGATIVE,негативная ситуация без позитивного разрешения,B-4,False,A,ADJ,2026-07-20
C1561,RUS-T_short_01,Sentiment_label,"Тепла от него мало,
да и света тоже... / — сказал Лисёнок.","Тепла от него мало,
да и света тоже... — сказал Лисёнок.",-1 NEGATIVE,0 NEUTRAL,-1 NEGATIVE,"описание недостатков (мало тепла, мало света)",B-17,True,A,ADJ,2026-07-20
C1562,RUS-T_short_01,Sentiment_label,Старший брат протягивает к снежинкам лапу.,Старший брат протягивает к снежинкам лапу.,0 NEUTRAL,+1 POSITIVE,0 NEUTRAL,слабо выраженная эмоция без драматизации,B-24,True,A,ADJ,2026-07-20
C1563,RUS-T_short_01,Sentiment_label,Младший ловит их языком.,Младший ловит их языком.,0 NEUTRAL,+1 POSITIVE,+1 POSITIVE,игровое действие как проявление радости,B-12,True,B,ADJ,2026-07-20
C1564,RUS-T_short_01,Sentiment_label,"Снегопад такой сильный, что земля вскоре оказывается укрытой пушистым ковром.","Снегопад такой сильный, что земля вскоре оказывается укрытой пушистым ковром.",-1 NEGATIVE,0 NEUTRAL,+1 POSITIVE,наличие положительных оценочных признаков,B-6,True,neither,ADJ,2026-07-20
C1565,RUS-T_short_01,Sentiment_label,Там свет! / — говорит Лисёнок.,Там свет! — говорит Лисёнок.,0 NEUTRAL,+1 POSITIVE,+1 POSITIVE,восклицание о свете как символе надежды,B-2,False,B,ADJ,2026-07-20
C1566,RUS-T_short_01,Sentiment_label,"Чем ближе они к свету, тем больше в воздухе чувствуются ароматы мяты, корицы, имбиря.","Чем ближе они к свету, тем больше в воздухе чувствуются ароматы мяты, корицы, имбиря.",+1 POSITIVE,0 NEUTRAL,+1 POSITIVE,наличие положительных сенсорных образов (ароматы пряностей),B-6,True,A,ADJ,2026-07-20
C1567,RUS-T_short_01,Sentiment_label,Снег всё падает и падает.,Снег всё падает и падает.,-1 NEGATIVE,0 NEUTRAL,0 NEUTRAL,слабо выраженная эмоция без драматизации,B-24,True,B,ADJ,2026-07-20
C1568,RUS-T_short_01,Sentiment_label,Мы принесли печенье.,Мы принесли печенье.,+1 POSITIVE,0 NEUTRAL,+1 POSITIVE,принос печенья как проявление добрых намерений,B-16,True,A,ADJ,2026-07-20
C1569,RUS-T_short_01,Sentiment_label,"Пустите нас, пожалуйста, погреться!","Пустите нас, пожалуйста, погреться!",0 NEUTRAL,+1 POSITIVE,+1 POSITIVE,вежливая просьба о тепле и приюте,B-7,True,B,ADJ,2026-07-20
C1570,RUS-T_short_01,Sentiment_label,"А над холмом всё мела метель,
и даже луне пришлось скрыться.","А над холмом всё мела метель,
и даже луне пришлось скрыться.",+1 POSITIVE,-1 NEGATIVE,-1 NEGATIVE,отсутствие света,B-14,True,B,ADJ,2026-07-20
C1571,RUS-T_short_02,NER_missed_by_A,,профессор,,PER_ROLE,PER_ROLE,"должна быть одна сущность - мама-профессор, PER_ROLE",A-4,False,neither,ADJ,2026-07-20
C1572,RUS-T_short_02,NER_missed_by_A,,хирург,,PER_ROLE,PER_ROLE,"должна быть одна сущность - мама-хирург, PER_ROLE",A-4,False,neither,ADJ,2026-07-20
C1573,RUS-T_short_02,NER_missed_by_A,,актриса,,PER_ROLE,PER_ROLE,"должна быть одна сущность - мама-актриса, PER_ROLE",A-4,False,neither,ADJ,2026-07-20
C1574,RUS-T_short_02,NER_missed_by_A,,швея,,PER_ROLE,PER_ROLE,"должна быть одна сущность - мама-швея, PER_ROLE",A-4,False,neither,ADJ,2026-07-20
C1575,RUS-T_short_02,NER_missed_by_A,,лошадок,,PER_ROLE,PER_ROLE,животные как общий вид или категория без уникальных имён,A-3,False,B,ADJ,2026-07-20
C1576,RUS-T_short_02,NER_missed_by_A,,улиток,,PER_ROLE,PER_ROLE,животные как общий вид или категория без уникальных имён,A-3,False,B,ADJ,2026-07-20
C1577,RUS-T_short_02,NER_missed_by_A,,китов,,PER_ROLE,PER_ROLE,"животные как общий вид или категория без уникальных имён, недостаточная разметка, должна быть одна сущность - серые киты",A-3,False,B,ADJ,2026-07-20
C1578,RUS-T_short_02,NER_missed_by_A,,сороконожку,,PER_ROLE,PER_ROLE,животные как общий вид или категория без уникальных имён,A-3,False,B,ADJ,2026-07-20
C1579,RUS-T_short_02,NER_missed_by_A,,пса,,PER_ROLE,PER_ROLE,животные как общий вид или категория без уникальных имён,A-3,False,B,ADJ,2026-07-20
C1580,RUS-T_short_02,NER_missed_by_A,,подруг,,PER_ROLE,PER_ROLE,"слова, обозначающие устойчивые социальные отношения персонажей",A-9,True,B,ADJ,2026-07-20
C1581,RUS-T_short_02,Sentiment_label,"Мама-профессор и мама-хирург,

Мама, что днями трубит, маршируя,

Чинит машины, собак тренирует…","Мама-профессор и мама-хирург,

Мама, что днями трубит, маршируя,

Чинит машины, собак тренирует…",+1 POSITIVE,0 NEUTRAL,+1 POSITIVE,"наличие положительных оценочных признаков (разнообразные таланты, активность)",B-6,True,A,ADJ,2026-07-20
C1582,RUS-T_short_02,Sentiment_label,Мама-актриса и мама-швея…,Мама-актриса и мама-швея…,+1 POSITIVE,0 NEUTRAL,+1 POSITIVE,наличие положительных оценочных признаков (разнообразные роли мамы),B-6,True,A,ADJ,2026-07-20
C1583,RUS-T_short_02,Sentiment_label,"Та, что умеет увлечься игрою,

Слишком серьёзной бывает порою…","Та, что умеет увлечься игрою,

Слишком серьёзной бывает порою…",-1 NEGATIVE,0 NEUTRAL,-1 NEGATIVE,описание негативной черты («слишком серьёзной»),B-17,True,A,ADJ,2026-07-20
C1584,RUS-T_short_02,Sentiment_label,"Может нахмуриться вдруг отчего-то,

С умным лицом говорить про работу,

Делать пометки, листая блокноты,

Или выкладывать важные фото…","Может нахмуриться вдруг отчего-то,

С умным лицом говорить про работу,

Делать пометки, листая блокноты,

Или выкладывать важные фото…",-1 NEGATIVE,0 NEUTRAL,-1 NEGATIVE,"описание негативных действий и состояний (хмурится, серьёзное лицо)",B-17,True,A,ADJ,2026-07-20
C1585,RUS-T_short_02,Sentiment_label,"Мама, безбрежной любовью любя,

Может куда-то пойти без тебя…","Мама, безбрежной любовью любя,

Может куда-то пойти без тебя…",-1 NEGATIVE,0 NEUTRAL,-1 NEGATIVE,описание разлуки без позитивного разрешения,B-4,False,A,ADJ,2026-07-20
C1586,RUS-T_short_02,Sentiment_label,"С папой в кино заглянуть вечерком,

К бабушке в гости — на чай с пирогом,

Роллов поесть у весёлых подруг…

К маме так тянутся люди вокруг!","С папой в кино заглянуть вечерком,

К бабушке в гости — на чай с пирогом,

Роллов поесть у весёлых подруг… / К маме так тянутся люди вокруг!",+1 POSITIVE,0 NEUTRAL,+1 POSITIVE,"наличие положительных оценочных признаков (тёплые отношения, общение)",B-6,True,A,ADJ,2026-07-20
C1587,RUS-T_short_02,Sentiment_label,Кто там крадётся с конфеткой в кармашке?,Кто там крадётся с конфеткой в кармашке?,+1 POSITIVE,0 NEUTRAL,+1 POSITIVE,игровая ситуация как проявление радости,B-12,True,A,ADJ,2026-07-20
C1588,RUS-T_short_03,NER_missed_by_A,,плюшевого,,PER_ROLE,keep A,плюшевый мишка - одна сущность PER_ROLE,A-8,False,A,ADJ,2026-07-20
C1589,RUS-T_short_03,NER_missed_by_A,,дети,,PER_FAMILY,PER_ROLE,"слово используется обобщённо, без привязки к конкретной семье конкретного персонажа",A-5,False,neither,ADJ,2026-07-20
C1590,RUS-T_short_03,NER_missed_by_A,,мышонка,,PER_ROLE,PER_ROLE,животные как общий вид или категория без уникальных имён,A-3,False,B,ADJ,2026-07-20
C1591,RUS-T_short_03,NER_missed_by_A,,чудовища,,PER_ROLE,PER_ROLE,существа из фольклора/мифологии без уникальных имён,A-3,False,B,ADJ,2026-07-20
C1592,RUS-T_short_03,NER_missed_by_A,,Родители,,PER_FAMILY,PER_FAMILY,есть явная привязка к конкретной семье,A-5,False,B,ADJ,2026-07-20
C1593,RUS-T_short_03,Sentiment_label,"— Тим, одевайся! / — говорит ему мама после завтрака.","— Тим, одевайся! — говорит ему мама после завтрака.",0 NEUTRAL,+1 POSITIVE,0 NEUTRAL,слабо выраженная эмоция без драматизации,B-24,True,A,ADJ,2026-07-20
C1594,RUS-T_short_03,Sentiment_label,"— Вот тебе свитерок — надень, чтобы не замёрзнуть на прогулке.","— Вот тебе свитерок — надень, чтобы не замёрзнуть на прогулке.",0 NEUTRAL,+1 POSITIVE,+1 POSITIVE,забота о ребёнке,B-16,True,B,ADJ,2026-07-20
C1595,RUS-T_short_03,Sentiment_label,"— Это не я их разбросал, а медвежонок Тедди! / — выдумывает Тим и показывает на плюшевого мишку.","— Это не я их разбросал, а медвежонок Тедди! — выдумывает Тим и показывает на плюшевого мишку.",0 NEUTRAL,-1 NEGATIVE,-1 NEGATIVE,ложь и перекладывание вины как негативное поведение,B-17,True,B,ADJ,2026-07-20
C1596,RUS-T_short_03,Sentiment_label,"— И вообще мне нравится беспорядок, так удобнее: все игрушки сразу видно!","— И вообще мне нравится беспорядок, так удобнее: все игрушки сразу видно!",+1 POSITIVE,-1 NEGATIVE,-1 NEGATIVE,негативная ситуация без позитивного разрешения,B-4,False,B,ADJ,2026-07-20
C1597,RUS-T_short_03,Sentiment_label,Но уточку мама не купила.,Но уточку мама не купила.,-1 NEGATIVE,0 NEUTRAL,-1 NEGATIVE,разочарование от отказа,B-17,True,A,ADJ,2026-07-20
C1598,RUS-T_short_03,Sentiment_label,Зато разрешила Тиму прокатиться один круг на карусели.,Зато разрешила Тиму прокатиться один круг на карусели.,+1 POSITIVE,0 NEUTRAL,+1 POSITIVE,радость от карусели,B-12,True,A,ADJ,2026-07-20
C1599,RUS-T_short_03,Sentiment_label,Но какой там один круг!,Но какой там один круг!,0 NEUTRAL,-1 NEGATIVE,-1 NEGATIVE,восклицательное выражение досады,B-17,True,B,ADJ,2026-07-20
C1600,RUS-T_short_03,Sentiment_label,"Смотри, все дети уже разошлись по домам, / — говорит мама.","Смотри, все дети уже разошлись по домам, — говорит мама.",-1 NEGATIVE,0 NEUTRAL,-1 NEGATIVE,негативная ситуация без позитивного разрешения,B-4,False,A,ADJ,2026-07-20
C1601,RUS-T_short_03,Sentiment_label,"Сейчас не время для мороженого, Тим, мы скоро пойдём домой, у нас на обед вкусный морковный суп, / — говорит мама, но Тим не хочет ничего слышать.","— Сейчас не время для мороженого, Тим, мы скоро пойдём домой, у нас на обед вкусный морковный суп, — говорит мама, но Тим не хочет ничего слышать.",+1 POSITIVE,0 NEUTRAL,+1 POSITIVE,забота о ребёнке,B-16,True,A,ADJ,2026-07-20
C1602,RUS-T_short_03,Sentiment_label,— Уже холодно и скоро стемнеет.,— Уже холодно и скоро стемнеет.,-1 NEGATIVE,0 NEUTRAL,-1 NEGATIVE,описание холода и темноты как неблагоприятных условий,B-18,True,A,ADJ,2026-07-20
C1603,RUS-T_short_03,Sentiment_label,"А мне ещё надо приготовить ужин, / — уговаривает мышонка мама.","А мне ещё надо приготовить ужин, — уговаривает мышонка мама.",-1 NEGATIVE,0 NEUTRAL,0 NEUTRAL,слабо выраженная эмоция без драматизации,B-24,True,B,ADJ,2026-07-20
C1604,RUS-T_short_03,Sentiment_label,Но Тим притаился за кустом и молчит.,Но Тим притаился за кустом и молчит.,0 NEUTRAL,-1 NEGATIVE,-1 NEGATIVE,притаился и молчит как выражение непослушания и уклонения,B-17,True,B,ADJ,2026-07-20
C1605,RUS-T_short_03,Sentiment_label,Мамочка! / — зовёт мышонок.,Мамочка! — зовёт мышонок.,0 NEUTRAL,-1 NEGATIVE,-1 NEGATIVE,испуганный зов мамы,B-17,True,B,ADJ,2026-07-20
C1606,RUS-T_short_04,NER_missed_by_B,кошками,,PER_ROLE,,PER_ROLE,животные как общий вид или категория без уникальных имён,A-3,False,A,ADJ,2026-07-20
C1607,RUS-T_short_04,NER_missed_by_B,птицы,,PER_ROLE,,PER_ROLE,животные как общий вид или категория без уникальных имён,A-3,False,A,ADJ,2026-07-20
C1608,RUS-T_short_04,NER_missed_by_A,,бабушка,,PER_FAMILY,PER_FAMILY,обычное слово родства,A-4,False,B,ADJ,2026-07-20
C1609,RUS-T_short_04,NER_missed_by_A,,бабушкина,,PER_FAMILY,PER_FAMILY,Притяжательные формы («бабушкина») также относятся к семейным ролям,A-4,False,B,ADJ,2026-07-20
C1610,RUS-T_short_04,Sentiment_label,"Бабушка жила далеко, совсем одна, на маленьком скалистом островке, где росла лишь трава да гулял ветер.","Бабушка жила далеко, совсем одна, на маленьком скалистом островке, где росла лишь трава да гулял ветер.",-1 NEGATIVE,0 NEUTRAL,-1 NEGATIVE,прямое описание одиночества,B-17,True,A,ADJ,2026-07-20
C1611,RUS-T_short_04,Sentiment_label,"В тех краях никто не бывал, одни только птицы кружили над островом в порывах лёгкого ветерка.","В тех краях никто не бывал, одни только птицы кружили над островом в порывах лёгкого ветерка.",-1 NEGATIVE,0 NEUTRAL,-1 NEGATIVE,"описание безлюдного, изолированного места",B-18,True,A,ADJ,2026-07-20
C1612,RUS-T_short_04,Sentiment_label,Нику бабушка казалась немножко странной,Нику бабушка казалась немножко странной.,-1 NEGATIVE,0 NEUTRAL,0 NEUTRAL,слабо выраженная эмоция без драматизации,B-24,True,B,ADJ,2026-07-20
C1613,RUS-T_short_04,Sentiment_label,"Она варила на обед суп из водорослей, а зубы хранила в банке.","Она варила на обед суп из водорослей, а зубы хранила в банке.",-1 NEGATIVE,0 NEUTRAL,0 NEUTRAL,слабо выраженная эмоция без драматизации,B-24,True,B,ADJ,2026-07-20
C1614,RUS-T_short_04,Sentiment_label,"Одеяло было кусачим, а бабушка храпела, будто старый морж.","Одеяло было кусачим, а бабушка храпела, будто старый морж.",-1 NEGATIVE,0 NEUTRAL,-1 NEGATIVE,"описание дискомфортных условий (кусачее одеяло, храп)",B-17,True,A,ADJ,2026-07-20
C1615,RUS-T_short_04,Sentiment_label,"Днём бабушка всё время была занята то одним, то другим, и на игры времени у неё никогда не оставалось.","Днём бабушка всё время была занята то одним, то другим, и на игры времени у неё никогда не оставалось.",-1 NEGATIVE,0 NEUTRAL,-1 NEGATIVE,описание недостатка внимания как негативного фактора,B-17,True,A,ADJ,2026-07-20
C1616,RUS-T_short_04,Sentiment_label,Он перескакивал с камня на камень и шлёпал по мокрому песку.,Он перескакивал с камня на камень и шлёпал по мокрому песку.,+1 POSITIVE,0 NEUTRAL,+1 POSITIVE,игровые действия как проявление радости,B-12,True,A,ADJ,2026-07-20
C1617,RUS-T_short_04,Sentiment_label,А потом прыгал по лужам между камней.,А потом прыгал по лужам между камней.,+1 POSITIVE,0 NEUTRAL,+1 POSITIVE,прыжки по лужам как проявление радости,B-12,True,A,ADJ,2026-07-20
C1618,RUS-T_short_04,Sentiment_label,"Вдруг Ник заметил, как что-то блестит среди песка.","Вдруг Ник заметил, как что-то блестит среди песка.",+1 POSITIVE,0 NEUTRAL,+1 POSITIVE,радость от находки,B-12,True,A,ADJ,2026-07-20
C1619,RUS-T_short_04,Sentiment_label,Это оказалась скала со множеством ходов.,Это оказалась скала со множеством ходов.,+1 POSITIVE,0 NEUTRAL,+1 POSITIVE,открытие интересного места для исследования,B-12,True,A,ADJ,2026-07-20
C1620,RUS-T_short_04,Sentiment_label,Ник облазил её всю вдоль и поперёк,Ник облазил её всю вдоль и поперёк.,+1 POSITIVE,0 NEUTRAL,+1 POSITIVE,увлечённое исследование как проявление радости,B-12,True,A,ADJ,2026-07-20
C1621,RUS-T_short_04,Sentiment_label,"Это был то корабль, то замок, то логово разбойника, а то покрытая ракушками спина старого кита.","Это был то корабль, то замок, то логово разбойника, а то покрытая ракушками спина старого кита.",+1 POSITIVE,0 NEUTRAL,+1 POSITIVE,игровое воображение как проявление радости,B-12,True,A,ADJ,2026-07-20
C1622,RUS-T_short_04,Sentiment_label,"Ник слушал, как волны разбиваются о камни, а струи дождя стекают по склонам.","Ник слушал, как волны разбиваются о камни, а струи дождя стекают по склонам.",-1 NEGATIVE,0 NEUTRAL,-1 NEGATIVE,описание разбивающихся волн и дождя как опасных условий,B-18,True,A,ADJ,2026-07-20
C1623,RUS-T_short_04,Sentiment_label,"Ник понял, что должен что-то придумать, и немедленно","Ник понял, что должен что-то придумать, и немедленно.",-1 NEGATIVE,0 NEUTRAL,-1 NEGATIVE,необходимость срочно помочь,B-18,True,A,ADJ,2026-07-20
C1624,RUS-T_short_04,Sentiment_label,Начался прилив.,Начался прилив.,-1 NEGATIVE,0 NEUTRAL,-1 NEGATIVE,наступление опасных условий,B-14,True,A,ADJ,2026-07-20
C1625,RUS-T_short_04,Sentiment_label,"Прыгать по камням было теперь нелегко, но Ник старался изо всех сил.","Прыгать по камням было теперь нелегко, но Ник старался изо всех сил.",-1 NEGATIVE,0 NEUTRAL,-1 NEGATIVE,описание трудного пути в опасных условиях,B-18,True,A,ADJ,2026-07-20
C1626,RUS-T_short_04,Sentiment_label,"Бабушка принялась искать Ника, как только разыгрался шторм.","Бабушка принялась искать Ника, как только разыгрался шторм.",-1 NEGATIVE,0 NEUTRAL,-1 NEGATIVE,описание шторма и поисков в опасных условиях,B-18,True,A,ADJ,2026-07-20
C1627,RUS-T_short_04,Sentiment_label,По пути домой Нику и бабушке попалось ещё немало сбитых ветром птиц.,По пути домой Нику и бабушке попалось ещё немало сбитых ветром птиц.,-1 NEGATIVE,0 NEUTRAL,-1 NEGATIVE,описание пострадавших птиц как негативного факта,B-14,True,A,ADJ,2026-07-20
C1628,RUS-T_short_04,Sentiment_label,"«Наверное, они долго путешествовали вместе», / — сказала бабушка.","«Наверное, они долго путешествовали вместе», — сказала бабушка.",+1 POSITIVE,0 NEUTRAL,+1 POSITIVE,эмпатичное наблюдение о птицах как проявление добрых намерений,B-16,True,A,ADJ,2026-07-20
C1629,RUS-T_short_04,Sentiment_label,"Только птичка, которую нашёл Ник, осталась с ними.","Только птичка, которую нашёл Ник, осталась с ними.",0 NEUTRAL,+1 POSITIVE,+1 POSITIVE,птичка остаётся с ними как проявление привязанности,B-7,True,B,ADJ,2026-07-20
C1630,RUS-T_short_04,Sentiment_label,"Ник подумал, как одиноко, должно быть, бабушке на её острове.","Ник подумал, как одиноко, должно быть, бабушке на её острове.",-1 NEGATIVE,0 NEUTRAL,-1 NEGATIVE,прямое называние одиночества,B-17,True,A,ADJ,2026-07-20
C1631,RUS-T_short_05,NER_missed_by_B,друзья,,PER_ROLE,,PER_ROLE,"слова, обозначающие устойчивые социальные отношения персонажей",A-9,True,A,ADJ,2026-07-20
C1632,RUS-T_short_05,NER_missed_by_B,друзей,,PER_ROLE,,PER_ROLE,"слова, обозначающие устойчивые социальные отношения персонажей",A-9,True,A,ADJ,2026-07-20
C1633,RUS-T_short_05,NER_missed_by_B,Малыши,,PER_ROLE,,PER_ROLE,"слова, обозначающие возрастные/социальные роли",A-11,True,A,ADJ,2026-07-20
C1634,RUS-T_short_05,NER_missed_by_B,друзьями,,PER_ROLE,,PER_ROLE,"слова, обозначающие устойчивые социальные отношения персонажей",A-9,True,A,ADJ,2026-07-20
C1635,RUS-T_short_05,NER_missed_by_B,друзья,,PER_ROLE,,PER_ROLE,"слова, обозначающие устойчивые социальные отношения персонажей",A-9,True,A,ADJ,2026-07-20
C1636,RUS-T_short_05,NER_missed_by_B,друзья,,PER_ROLE,,PER_ROLE,"слова, обозначающие устойчивые социальные отношения персонажей",A-9,True,A,ADJ,2026-07-20
C1637,RUS-T_short_05,Sentiment_label,Но ему всего хватает.,Но ему всего хватает.,+1 POSITIVE,0 NEUTRAL,+1 POSITIVE,наличие положительных оценочных признаков (удовлетворённость),B-6,True,A,ADJ,2026-07-20
C1638,RUS-T_short_05,Sentiment_label,Горошек сам его построил,Горошек сам его построил.,+1 POSITIVE,0 NEUTRAL,+1 POSITIVE,гордость за свой труд,B-12,True,A,ADJ,2026-07-20
C1639,RUS-T_short_05,Sentiment_label,А друзья?,А друзья?,+1 POSITIVE,0 NEUTRAL,+1 POSITIVE,вопрос с позитивным подтекстом,B-5,False,A,ADJ,2026-07-20
C1640,RUS-T_short_05,Sentiment_label,А увлечения?,А увлечения?,+1 POSITIVE,0 NEUTRAL,+1 POSITIVE,вопрос с позитивным подтекстом,B-5,False,A,ADJ,2026-07-20
C1641,RUS-T_short_05,Sentiment_label,"И увлечений много: собирать крышечки, кататься на самокате, играть на музыкальных инструментах.","И увлечений много: собирать крышечки, кататься на самокате, играть на музыкальных инструментах.",+1 POSITIVE,0 NEUTRAL,+1 POSITIVE,перечисление любимых занятий,B-12,True,A,ADJ,2026-07-20
C1642,RUS-T_short_05,Sentiment_label,А что у него с работой?,А что у него с работой?,+1 POSITIVE,0 NEUTRAL,+1 POSITIVE,вопрос с позитивным подтекстом,B-5,False,A,ADJ,2026-07-20
C1643,RUS-T_short_05,Sentiment_label,"Ну, вы же знаете, Горошек рисует марки.","Ну, вы же знаете, Горошек рисует марки.",+1 POSITIVE,0 NEUTRAL,+1 POSITIVE,перечисление любимых занятий,B-12,True,A,ADJ,2026-07-20
C1644,RUS-T_short_05,Sentiment_label,"Горошек хочет нарисовать новую серию марок, но пока не знает какую.","Горошек хочет нарисовать новую серию марок, но пока не знает какую.",-1 NEGATIVE,0 NEUTRAL,-1 NEGATIVE,состояние неопределённости без позитивного разрешения,B-4,False,A,ADJ,2026-07-20
C1645,RUS-T_short_05,Sentiment_label,Больше ничего не придумывается.,Больше ничего не придумывается.,-1 NEGATIVE,0 NEUTRAL,-1 NEGATIVE,состояние неопределённости без позитивного разрешения,B-4,False,A,ADJ,2026-07-20
C1646,RUS-T_short_05,Sentiment_label,Мда.,Мда.,-1 NEGATIVE,0 NEUTRAL,-1 NEGATIVE,междометие «Мда» как выражение разочарования и досады,B-17,True,A,ADJ,2026-07-20
C1647,RUS-T_short_05,Sentiment_label,Никаких идей.,Никаких идей.,-1 NEGATIVE,0 NEUTRAL,-1 NEGATIVE,прямое выражение отсутствия идей как негативного состояния,B-17,True,A,ADJ,2026-07-20
C1648,RUS-T_short_05,Sentiment_label,Как же быть?,Как же быть?,-1 NEGATIVE,0 NEUTRAL,-1 NEGATIVE,риторический вопрос в ситуации творческого тупика,B-4,False,A,ADJ,2026-07-20
C1649,RUS-T_short_05,Sentiment_label,Что делать Горошку?,Что делать Горошку?,-1 NEGATIVE,0 NEUTRAL,-1 NEGATIVE,риторический вопрос в ситуации творческого тупика,B-4,False,A,ADJ,2026-07-20
C1650,RUS-T_short_05,Sentiment_label,"Может, ему нужен отпуск?","Может, ему нужен отпуск?",+1 POSITIVE,0 NEUTRAL,+1 POSITIVE,отпуск и путешествия как радостное событие,B-12,True,A,ADJ,2026-07-20
C1651,RUS-T_short_05,Sentiment_label,Как насчёт БОЛЬШОГО путешествия?,Как насчёт БОЛЬШОГО путешествия?,+1 POSITIVE,0 NEUTRAL,+1 POSITIVE,восклицательное предложение о путешествии,B-2,False,A,ADJ,2026-07-20
C1652,RUS-T_short_05,Sentiment_label,Только не на машине...,Только не на машине...,-1 NEGATIVE,0 NEUTRAL,0 NEUTRAL,слабо выраженная эмоция без драматизации,B-24,True,B,ADJ,2026-07-20
C1653,RUS-T_short_05,Sentiment_label,Всё готово?,Всё готово?,+1 POSITIVE,0 NEUTRAL,+1 POSITIVE,предвкушение путешествия,B-12,True,A,ADJ,2026-07-20
C1654,RUS-T_short_05,Sentiment_label,Кроме самолёта.,Кроме самолёта.,-1 NEGATIVE,+1 POSITIVE,-1 NEGATIVE,описание повреждения самолёта,B-14,True,A,ADJ,2026-07-20
C1655,RUS-T_short_05,Sentiment_label,Какие огромные растения!,Какие огромные растения!,+1 POSITIVE,-1 NEGATIVE,+1 POSITIVE,"восклицание, выражающее восхищение и удивление",B-2,False,A,ADJ,2026-07-20
C1656,RUS-T_short_05,Sentiment_label,И насекомые — все незнакомые...,И насекомые — все незнакомые...,+1 POSITIVE,-1 NEGATIVE,+1 POSITIVE,радость открытия нового,B-12,True,A,ADJ,2026-07-20
C1657,RUS-T_short_05,Sentiment_label,"Надо же, в какие дальние края занесло Горошка!","Надо же, в какие дальние края занесло Горошка!",+1 POSITIVE,-1 NEGATIVE,+1 POSITIVE,"восклицание, выражающее удивление и интерес",B-2,False,A,ADJ,2026-07-20
C1658,RUS-T_short_05,Sentiment_label,А это что за букашки?,А это что за букашки?,+1 POSITIVE,0 NEUTRAL,+1 POSITIVE,в данном случае вопрос с позитивным подтекстом (интерес к новым существам),B-5,False,A,ADJ,2026-07-20
C1659,RUS-T_short_05,Sentiment_label,"Малыши, а трудятся как большие!","Малыши, а трудятся как большие!",+1 POSITIVE,0 NEUTRAL,+1 POSITIVE,наличие положительных оценочных признаков (трудолюбие),B-6,True,A,ADJ,2026-07-20
C1660,RUS-T_short_05,Sentiment_label,Пока непонятно. Зато,Пока непонятно.,-1 NEGATIVE,0 NEUTRAL,-1 NEGATIVE,"в разметку попало начало следующего предложения, состояние неопределённости без позитивного разрешения в том же сегменте",B-4,False,A,ADJ,2026-07-20
C1661,RUS-T_short_05,Sentiment_label,Тогда в путь?,Тогда в путь?,+1 POSITIVE,0 NEUTRAL,+1 POSITIVE,радость от предстоящего пути,B-12,True,A,ADJ,2026-07-20
C1662,RUS-T_short_05,Sentiment_label,"Три, два, один...","Три, два, один...",+1 POSITIVE,0 NEUTRAL,+1 POSITIVE,радость от начала путешествия,B-12,True,A,ADJ,2026-07-20
C1663,RUS-T_short_05,Sentiment_label,"Внизу поля, леса...","Внизу поля, леса...",+1 POSITIVE,0 NEUTRAL,+1 POSITIVE,красивые пейзажи,B-6,True,A,ADJ,2026-07-20
C1664,RUS-T_short_05,Sentiment_label,Но что это виднеется впереди?,Но что это виднеется впереди?,+1 POSITIVE,0 NEUTRAL,+1 POSITIVE,радость от возвращения домой,B-12,True,A,ADJ,2026-07-20
C1665,RUS-T_short_05,Sentiment_label,Даже маленькое путешествие может стать БОЛЬШИМ приключением.,Даже маленькое путешествие может стать БОЛЬШИМ приключением.,+1 POSITIVE,0 NEUTRAL,+1 POSITIVE,наличие положительных оценочных признаков («БОЛЬШИМ приключением»),B-6,True,A,ADJ,2026-07-20
